[r35_absnorm] job=1007647 node=nodecpu10 combos=dino_unblended dino_first2
[r35_absnorm] div=/home/ids/skhairi/Data/dataggen/outputs/five_bench/_r35_absnorm_smoke/div -> div_abs=/home/ids/skhairi/Data/dataggen/outputs/five_bench/_r35_absnorm_smoke/div_abs, rho=/home/ids/skhairi/Data/dataggen/outputs/five_bench/_r35_absnorm_smoke/rho
=== [r35_absnorm] dino_unblended  (div_max=0.65) ===
[r35_absnorm] dino_unblended: 419 stage-2 npz found (expect 419)

[r31_div_abs] arm=dino_unblended absolute range [0, 0.65] (419 clips) -> /home/ids/skhairi/Data/dataggen/outputs/five_bench/_r35_absnorm_smoke/div_abs/dino_unblended
[ok] dino_unblended/edit1/0001_bus: d_max_clip=1.6856 -> m_abs_max=1.0000 mean=0.3775 clipped=3.4081% frac(m>0.5)=0.271
[ok] dino_unblended/edit1/0002_girl-dog: d_max_clip=1.8483 -> m_abs_max=1.0000 mean=0.3767 clipped=3.3868% frac(m>0.5)=0.267
[ok] dino_unblended/edit1/0003_ocean-birds: d_max_clip=1.6435 -> m_abs_max=1.0000 mean=0.3774 clipped=3.4615% frac(m>0.5)=0.267
[ok] dino_unblended/edit1/0004_car-roundabout: d_max_clip=1.4580 -> m_abs_max=1.0000 mean=0.3786 clipped=3.2977% frac(m>0.5)=0.272
[ok] dino_unblended/edit1/0005_breakdance: d_max_clip=1.6337 -> m_abs_max=1.0000 mean=0.3773 clipped=3.3405% frac(m>0.5)=0.269
[ok] dino_unblended/edit1/0006_paragliding: d_max_clip=1.8317 -> m_abs_max=1.0000 mean=0.3786 clipped=3.6396% frac(m>0.5)=0.271
[ok] dino_unblended/edit1/0007_guitar-violin: d_max_clip=1.6923 -> m_abs_max=1.0000 mean=0.3774 clipped=3.4544% frac(m>0.5)=0.269
[ok] dino_unblended/edit1/0008_snowboard-race: d_max_clip=2.0279 -> m_abs_max=1.0000 mean=0.3770 clipped=3.3903% frac(m>0.5)=0.269
[ok] dino_unblended/edit1/0009_bear: d_max_clip=1.8482 -> m_abs_max=1.0000 mean=0.3785 clipped=3.5185% frac(m>0.5)=0.268
[ok] dino_unblended/edit1/0010_giant-slalom: d_max_clip=1.7353 -> m_abs_max=1.0000 mean=0.3760 clipped=3.3226% frac(m>0.5)=0.266
[ok] dino_unblended/edit1/0011_lucia: d_max_clip=1.7681 -> m_abs_max=1.0000 mean=0.3789 clipped=3.5150% frac(m>0.5)=0.269
[ok] dino_unblended/edit1/0012_goat: d_max_clip=1.5097 -> m_abs_max=1.0000 mean=0.3773 clipped=3.3725% frac(m>0.5)=0.267
[ok] dino_unblended/edit1/0013_golf: d_max_clip=1.6922 -> m_abs_max=1.0000 mean=0.3769 clipped=3.4259% frac(m>0.5)=0.266
[ok] dino_unblended/edit1/0014_burnout: d_max_clip=1.6011 -> m_abs_max=1.0000 mean=0.3793 clipped=3.4224% frac(m>0.5)=0.272
[ok] dino_unblended/edit1/0015_car-shadow: d_max_clip=1.8239 -> m_abs_max=1.0000 mean=0.3771 clipped=3.6467% frac(m>0.5)=0.266
[ok] dino_unblended/edit1/0016_horsejump-high: d_max_clip=2.0208 -> m_abs_max=1.0000 mean=0.3779 clipped=3.5292% frac(m>0.5)=0.268
[ok] dino_unblended/edit1/0017_kid-football: d_max_clip=2.2254 -> m_abs_max=1.0000 mean=0.3800 clipped=3.6360% frac(m>0.5)=0.273
[ok] dino_unblended/edit1/0018_breakdance-flare: d_max_clip=1.6934 -> m_abs_max=1.0000 mean=0.3769 clipped=3.3796% frac(m>0.5)=0.267
[ok] dino_unblended/edit1/0019_tennis-vest: d_max_clip=1.5584 -> m_abs_max=1.0000 mean=0.3761 clipped=3.3298% frac(m>0.5)=0.264
[ok] dino_unblended/edit1/0020_monkeys: d_max_clip=1.4575 -> m_abs_max=1.0000 mean=0.3761 clipped=3.3689% frac(m>0.5)=0.265
[ok] dino_unblended/edit1/0021_landing: d_max_clip=1.8474 -> m_abs_max=1.0000 mean=0.3765 clipped=3.3725% frac(m>0.5)=0.266
[ok] dino_unblended/edit1/0022_skate-jump: d_max_clip=1.4877 -> m_abs_max=1.0000 mean=0.3760 clipped=3.3298% frac(m>0.5)=0.263
[ok] dino_unblended/edit1/0023_kayak-race: d_max_clip=1.4768 -> m_abs_max=1.0000 mean=0.3795 clipped=3.5577% frac(m>0.5)=0.272
[ok] dino_unblended/edit1/0024_hockey: d_max_clip=1.5557 -> m_abs_max=1.0000 mean=0.3736 clipped=3.4473% frac(m>0.5)=0.263
[ok] dino_unblended/edit1/0025_baseball: d_max_clip=1.4744 -> m_abs_max=1.0000 mean=0.3775 clipped=3.4010% frac(m>0.5)=0.267
[ok] dino_unblended/edit1/0026_table-tennis: d_max_clip=1.5617 -> m_abs_max=1.0000 mean=0.3753 clipped=3.4259% frac(m>0.5)=0.263
[ok] dino_unblended/edit1/0027_dance-jump: d_max_clip=1.5395 -> m_abs_max=1.0000 mean=0.3765 clipped=3.5541% frac(m>0.5)=0.267
[ok] dino_unblended/edit1/0028_kite-walk: d_max_clip=2.1862 -> m_abs_max=1.0000 mean=0.3771 clipped=3.3832% frac(m>0.5)=0.267
[ok] dino_unblended/edit1/0029_horsejump-stick: d_max_clip=1.6702 -> m_abs_max=1.0000 mean=0.3747 clipped=3.4402% frac(m>0.5)=0.262
[ok] dino_unblended/edit1/0030_rallye: d_max_clip=1.7038 -> m_abs_max=1.0000 mean=0.3772 clipped=3.5328% frac(m>0.5)=0.266
[ok] dino_unblended/edit1/0031_soccerball: d_max_clip=1.6951 -> m_abs_max=1.0000 mean=0.3758 clipped=3.4330% frac(m>0.5)=0.265
[ok] dino_unblended/edit1/0032_mermaid: d_max_clip=1.7845 -> m_abs_max=1.0000 mean=0.3793 clipped=3.5185% frac(m>0.5)=0.270
[ok] dino_unblended/edit1/0033_horsejump-low: d_max_clip=1.6268 -> m_abs_max=1.0000 mean=0.3782 clipped=3.4651% frac(m>0.5)=0.268
[ok] dino_unblended/edit1/0034_cows: d_max_clip=1.9399 -> m_abs_max=1.0000 mean=0.3790 clipped=3.4722% frac(m>0.5)=0.272
[ok] dino_unblended/edit1/0035_helicopter: d_max_clip=1.7772 -> m_abs_max=1.0000 mean=0.3770 clipped=3.4046% frac(m>0.5)=0.270
[ok] dino_unblended/edit1/0036_camel: d_max_clip=1.6991 -> m_abs_max=1.0000 mean=0.3752 clipped=3.5007% frac(m>0.5)=0.264
[ok] dino_unblended/edit1/0037_snowboard-sand: d_max_clip=1.3485 -> m_abs_max=1.0000 mean=0.3733 clipped=3.3796% frac(m>0.5)=0.261
[ok] dino_unblended/edit1/0038_motorbike: d_max_clip=1.7859 -> m_abs_max=1.0000 mean=0.3774 clipped=3.4509% frac(m>0.5)=0.267
[ok] dino_unblended/edit1/0039_chamaleon: d_max_clip=1.6579 -> m_abs_max=1.0000 mean=0.3796 clipped=3.3725% frac(m>0.5)=0.274
[ok] dino_unblended/edit1/0040_tennis: d_max_clip=1.5968 -> m_abs_max=1.0000 mean=0.3777 clipped=3.4687% frac(m>0.5)=0.269
[ok] dino_unblended/edit1/0041_longboard: d_max_clip=1.6253 -> m_abs_max=1.0000 mean=0.3758 clipped=3.3511% frac(m>0.5)=0.267
[ok] dino_unblended/edit1/0042_gym-ball: d_max_clip=1.4775 -> m_abs_max=1.0000 mean=0.3779 clipped=3.5256% frac(m>0.5)=0.268
[ok] dino_unblended/edit1/0043_parkour: d_max_clip=1.5445 -> m_abs_max=1.0000 mean=0.3766 clipped=3.3974% frac(m>0.5)=0.266
[ok] dino_unblended/edit1/0044_snowboard: d_max_clip=1.6551 -> m_abs_max=1.0000 mean=0.3763 clipped=3.2372% frac(m>0.5)=0.267
[ok] dino_unblended/edit1/0045_butterfly: d_max_clip=1.8610 -> m_abs_max=1.0000 mean=0.3762 clipped=3.3761% frac(m>0.5)=0.267
[ok] dino_unblended/edit1/0046_blackswan: d_max_clip=1.4855 -> m_abs_max=1.0000 mean=0.3756 clipped=3.4402% frac(m>0.5)=0.265
[ok] dino_unblended/edit1/0047_judo: d_max_clip=1.6072 -> m_abs_max=1.0000 mean=0.3796 clipped=3.5399% frac(m>0.5)=0.273
[ok] dino_unblended/edit1/0048_hike: d_max_clip=1.5785 -> m_abs_max=1.0000 mean=0.3767 clipped=3.2336% frac(m>0.5)=0.271
[ok] dino_unblended/edit1/0049_speed-skating: d_max_clip=1.7564 -> m_abs_max=1.0000 mean=0.3754 clipped=3.3761% frac(m>0.5)=0.266
[ok] dino_unblended/edit1/0050_slackline: d_max_clip=1.7298 -> m_abs_max=1.0000 mean=0.3781 clipped=3.5078% frac(m>0.5)=0.266
[ok] dino_unblended/edit1/0051_dogs-jump: d_max_clip=1.8504 -> m_abs_max=1.0000 mean=0.3778 clipped=3.4936% frac(m>0.5)=0.270
[ok] dino_unblended/edit1/0052_mallard-fly: d_max_clip=1.4194 -> m_abs_max=1.0000 mean=0.3754 clipped=3.4366% frac(m>0.5)=0.265
[ok] dino_unblended/edit1/0053_swing: d_max_clip=1.6312 -> m_abs_max=1.0000 mean=0.3779 clipped=3.4687% frac(m>0.5)=0.267
[ok] dino_unblended/edit1/0054_train: d_max_clip=1.6238 -> m_abs_max=1.0000 mean=0.3738 clipped=3.3654% frac(m>0.5)=0.262
[ok] dino_unblended/edit1/0055_pigs: d_max_clip=1.6294 -> m_abs_max=1.0000 mean=0.3755 clipped=3.2977% frac(m>0.5)=0.266
[ok] dino_unblended/edit1/0056_kart-turn: d_max_clip=1.7885 -> m_abs_max=1.0000 mean=0.3755 clipped=3.2799% frac(m>0.5)=0.265
[ok] dino_unblended/edit1/0057_dog: d_max_clip=1.6746 -> m_abs_max=1.0000 mean=0.3769 clipped=3.5114% frac(m>0.5)=0.266
[ok] dino_unblended/edit1/0058_boat: d_max_clip=1.9295 -> m_abs_max=1.0000 mean=0.3763 clipped=3.5114% frac(m>0.5)=0.264
[ok] dino_unblended/edit1/0059_drift-straight: d_max_clip=1.4825 -> m_abs_max=1.0000 mean=0.3783 clipped=3.4330% frac(m>0.5)=0.270
[ok] dino_unblended/edit1/0060_motocross-bumps: d_max_clip=2.0053 -> m_abs_max=1.0000 mean=0.3767 clipped=3.3868% frac(m>0.5)=0.269
[ok] dino_unblended/edit1/0061_mbike-santa: d_max_clip=1.5006 -> m_abs_max=1.0000 mean=0.3770 clipped=3.4366% frac(m>0.5)=0.266
[ok] dino_unblended/edit1/0062_elephant: d_max_clip=1.6672 -> m_abs_max=1.0000 mean=0.3748 clipped=3.2016% frac(m>0.5)=0.264
[ok] dino_unblended/edit1/0063_drift-turn: d_max_clip=1.7014 -> m_abs_max=1.0000 mean=0.3758 clipped=3.3903% frac(m>0.5)=0.265
[ok] dino_unblended/edit1/0064_rollerblade: d_max_clip=1.6200 -> m_abs_max=1.0000 mean=0.3746 clipped=3.5897% frac(m>0.5)=0.262
[ok] dino_unblended/edit1/0065_twist-dance: d_max_clip=1.8364 -> m_abs_max=1.0000 mean=0.3770 clipped=3.2514% frac(m>0.5)=0.270
[ok] dino_unblended/edit1/0066_deer: d_max_clip=1.6780 -> m_abs_max=1.0000 mean=0.3776 clipped=3.5363% frac(m>0.5)=0.266
[ok] dino_unblended/edit1/0067_mbike-trick: d_max_clip=1.5650 -> m_abs_max=1.0000 mean=0.3769 clipped=3.6147% frac(m>0.5)=0.269
[ok] dino_unblended/edit1/0068_planes-water: d_max_clip=1.5066 -> m_abs_max=1.0000 mean=0.3755 clipped=3.3262% frac(m>0.5)=0.266
[ok] dino_unblended/edit1/0069_car-turn: d_max_clip=1.6221 -> m_abs_max=1.0000 mean=0.3754 clipped=3.3084% frac(m>0.5)=0.267
[ok] dino_unblended/edit1/0070_dance-twirl: d_max_clip=1.6039 -> m_abs_max=1.0000 mean=0.3800 clipped=3.5434% frac(m>0.5)=0.273
[ok] dino_unblended/edit1/0071_mallard-water: d_max_clip=1.7013 -> m_abs_max=1.0000 mean=0.3783 clipped=3.5862% frac(m>0.5)=0.270
[ok] dino_unblended/edit1/0072_dog-agility: d_max_clip=1.6942 -> m_abs_max=1.0000 mean=0.3761 clipped=3.3547% frac(m>0.5)=0.268
[ok] dino_unblended/edit1/0073_bmx-rider: d_max_clip=1.5384 -> m_abs_max=1.0000 mean=0.3754 clipped=3.3440% frac(m>0.5)=0.263
[ok] dino_unblended/edit1/0074_rhino: d_max_clip=1.8280 -> m_abs_max=1.0000 mean=0.3765 clipped=3.4544% frac(m>0.5)=0.266
[ok] dino_unblended/edit1/0075_A_bicycle: d_max_clip=1.4548 -> m_abs_max=1.0000 mean=0.3775 clipped=3.2906% frac(m>0.5)=0.267
[ok] dino_unblended/edit1/0076_A_rabbit: d_max_clip=1.6605 -> m_abs_max=1.0000 mean=0.3767 clipped=3.3939% frac(m>0.5)=0.268
[ok] dino_unblended/edit1/0077_A_hawk: d_max_clip=1.6927 -> m_abs_max=1.0000 mean=0.3785 clipped=3.4010% frac(m>0.5)=0.270
[ok] dino_unblended/edit1/0078_A_cat: d_max_clip=1.5439 -> m_abs_max=1.0000 mean=0.3796 clipped=3.6004% frac(m>0.5)=0.272
[ok] dino_unblended/edit1/0079_A_bus: d_max_clip=1.7967 -> m_abs_max=1.0000 mean=0.3768 clipped=3.5292% frac(m>0.5)=0.266
[ok] dino_unblended/edit1/0080_A_motorcycle: d_max_clip=1.9246 -> m_abs_max=1.0000 mean=0.3771 clipped=3.4152% frac(m>0.5)=0.267
[ok] dino_unblended/edit1/0081_A_horse: d_max_clip=1.7564 -> m_abs_max=1.0000 mean=0.3760 clipped=3.2265% frac(m>0.5)=0.267
[ok] dino_unblended/edit1/0082_A_tram: d_max_clip=1.7292 -> m_abs_max=1.0000 mean=0.3792 clipped=3.5292% frac(m>0.5)=0.273
[ok] dino_unblended/edit1/0083_A_boat: d_max_clip=1.6660 -> m_abs_max=1.0000 mean=0.3763 clipped=3.5114% frac(m>0.5)=0.268
[ok] dino_unblended/edit1/0084_A_squirrel: d_max_clip=1.7329 -> m_abs_max=1.0000 mean=0.3775 clipped=3.4437% frac(m>0.5)=0.268
[ok] dino_unblended/edit1/0085_A_tram: d_max_clip=1.6042 -> m_abs_max=1.0000 mean=0.3761 clipped=3.6040% frac(m>0.5)=0.264
[ok] dino_unblended/edit1/0086_A_red_sports_car: d_max_clip=1.5125 -> m_abs_max=1.0000 mean=0.3814 clipped=3.5399% frac(m>0.5)=0.276
[ok] dino_unblended/edit1/0087_A_seagull: d_max_clip=1.6518 -> m_abs_max=1.0000 mean=0.3796 clipped=3.6182% frac(m>0.5)=0.271
[ok] dino_unblended/edit1/0088_A_cyclist: d_max_clip=1.6423 -> m_abs_max=1.0000 mean=0.3793 clipped=3.5470% frac(m>0.5)=0.272
[ok] dino_unblended/edit1/0089_A_dog: d_max_clip=1.8823 -> m_abs_max=1.0000 mean=0.3761 clipped=3.4793% frac(m>0.5)=0.266
[ok] dino_unblended/edit1/0090_A_deer: d_max_clip=1.7367 -> m_abs_max=1.0000 mean=0.3796 clipped=3.5328% frac(m>0.5)=0.270
[ok] dino_unblended/edit1/0091_A_hawk: d_max_clip=1.7684 -> m_abs_max=1.0000 mean=0.3782 clipped=3.4081% frac(m>0.5)=0.269
[ok] dino_unblended/edit1/0092_A_fox: d_max_clip=1.7252 -> m_abs_max=1.0000 mean=0.3767 clipped=3.3155% frac(m>0.5)=0.267
[ok] dino_unblended/edit1/0093_A_helicopter: d_max_clip=1.8169 -> m_abs_max=1.0000 mean=0.3777 clipped=3.4188% frac(m>0.5)=0.270
[ok] dino_unblended/edit1/0094_A_swan: d_max_clip=1.6336 -> m_abs_max=1.0000 mean=0.3761 clipped=3.5399% frac(m>0.5)=0.267
[ok] dino_unblended/edit1/0095_A_crow: d_max_clip=1.5174 -> m_abs_max=1.0000 mean=0.3758 clipped=3.5007% frac(m>0.5)=0.269
[ok] dino_unblended/edit1/0096_A_car: d_max_clip=1.6874 -> m_abs_max=1.0000 mean=0.3763 clipped=3.2158% frac(m>0.5)=0.266
[ok] dino_unblended/edit1/0097_A_bird: d_max_clip=1.7708 -> m_abs_max=1.0000 mean=0.3738 clipped=3.4046% frac(m>0.5)=0.259
[ok] dino_unblended/edit1/0098_A_squirrel: d_max_clip=1.6584 -> m_abs_max=1.0000 mean=0.3736 clipped=3.4046% frac(m>0.5)=0.262
[ok] dino_unblended/edit1/0099_A_jogger: d_max_clip=1.9091 -> m_abs_max=1.0000 mean=0.3763 clipped=3.5007% frac(m>0.5)=0.268
[ok] dino_unblended/edit1/0100_A_deer: d_max_clip=1.8469 -> m_abs_max=1.0000 mean=0.3786 clipped=3.6681% frac(m>0.5)=0.269
[ok] dino_unblended/edit2/0001_bus: d_max_clip=1.5328 -> m_abs_max=1.0000 mean=0.3750 clipped=3.4473% frac(m>0.5)=0.265
[ok] dino_unblended/edit2/0002_girl-dog: d_max_clip=1.5520 -> m_abs_max=1.0000 mean=0.3756 clipped=3.4509% frac(m>0.5)=0.265
[ok] dino_unblended/edit2/0003_ocean-birds: d_max_clip=1.6783 -> m_abs_max=1.0000 mean=0.3756 clipped=3.5185% frac(m>0.5)=0.266
[ok] dino_unblended/edit2/0004_car-roundabout: d_max_clip=1.4890 -> m_abs_max=1.0000 mean=0.3785 clipped=3.4687% frac(m>0.5)=0.270
[ok] dino_unblended/edit2/0005_breakdance: d_max_clip=1.7890 -> m_abs_max=1.0000 mean=0.3765 clipped=3.4046% frac(m>0.5)=0.266
[ok] dino_unblended/edit2/0006_paragliding: d_max_clip=1.5574 -> m_abs_max=1.0000 mean=0.3793 clipped=3.4936% frac(m>0.5)=0.272
[ok] dino_unblended/edit2/0007_guitar-violin: d_max_clip=1.5278 -> m_abs_max=1.0000 mean=0.3783 clipped=3.5470% frac(m>0.5)=0.272
[ok] dino_unblended/edit2/0008_snowboard-race: d_max_clip=1.4682 -> m_abs_max=1.0000 mean=0.3779 clipped=3.3654% frac(m>0.5)=0.267
[ok] dino_unblended/edit2/0009_bear: d_max_clip=1.6067 -> m_abs_max=1.0000 mean=0.3760 clipped=3.4330% frac(m>0.5)=0.267
[ok] dino_unblended/edit2/0010_giant-slalom: d_max_clip=1.6413 -> m_abs_max=1.0000 mean=0.3770 clipped=3.5648% frac(m>0.5)=0.267
[ok] dino_unblended/edit2/0011_lucia: d_max_clip=1.6366 -> m_abs_max=1.0000 mean=0.3794 clipped=3.4722% frac(m>0.5)=0.272
[ok] dino_unblended/edit2/0012_goat: d_max_clip=1.4294 -> m_abs_max=1.0000 mean=0.3779 clipped=3.3084% frac(m>0.5)=0.267
[ok] dino_unblended/edit2/0013_golf: d_max_clip=1.6205 -> m_abs_max=1.0000 mean=0.3762 clipped=3.4046% frac(m>0.5)=0.267
[ok] dino_unblended/edit2/0014_burnout: d_max_clip=1.5902 -> m_abs_max=1.0000 mean=0.3767 clipped=3.3048% frac(m>0.5)=0.269
[ok] dino_unblended/edit2/0015_car-shadow: d_max_clip=1.5547 -> m_abs_max=1.0000 mean=0.3768 clipped=3.5256% frac(m>0.5)=0.267
[ok] dino_unblended/edit2/0016_horsejump-high: d_max_clip=1.6528 -> m_abs_max=1.0000 mean=0.3776 clipped=3.4437% frac(m>0.5)=0.266
[ok] dino_unblended/edit2/0017_kid-football: d_max_clip=1.8651 -> m_abs_max=1.0000 mean=0.3760 clipped=3.5613% frac(m>0.5)=0.267
[ok] dino_unblended/edit2/0018_breakdance-flare: d_max_clip=1.4381 -> m_abs_max=1.0000 mean=0.3778 clipped=3.2764% frac(m>0.5)=0.270
[ok] dino_unblended/edit2/0019_tennis-vest: d_max_clip=1.9092 -> m_abs_max=1.0000 mean=0.3772 clipped=3.4224% frac(m>0.5)=0.267
[ok] dino_unblended/edit2/0020_monkeys: d_max_clip=1.5076 -> m_abs_max=1.0000 mean=0.3766 clipped=3.3262% frac(m>0.5)=0.269
[ok] dino_unblended/edit2/0021_landing: d_max_clip=1.7939 -> m_abs_max=1.0000 mean=0.3789 clipped=3.5791% frac(m>0.5)=0.267
[ok] dino_unblended/edit2/0022_skate-jump: d_max_clip=1.6200 -> m_abs_max=1.0000 mean=0.3764 clipped=3.2514% frac(m>0.5)=0.267
[ok] dino_unblended/edit2/0023_kayak-race: d_max_clip=2.0454 -> m_abs_max=1.0000 mean=0.3743 clipped=3.3155% frac(m>0.5)=0.265
[ok] dino_unblended/edit2/0024_hockey: d_max_clip=1.6362 -> m_abs_max=1.0000 mean=0.3756 clipped=3.4509% frac(m>0.5)=0.266
[ok] dino_unblended/edit2/0025_baseball: d_max_clip=1.7125 -> m_abs_max=1.0000 mean=0.3772 clipped=3.2799% frac(m>0.5)=0.268
[ok] dino_unblended/edit2/0026_table-tennis: d_max_clip=1.6688 -> m_abs_max=1.0000 mean=0.3768 clipped=3.3262% frac(m>0.5)=0.267
[ok] dino_unblended/edit2/0027_dance-jump: d_max_clip=1.6451 -> m_abs_max=1.0000 mean=0.3781 clipped=3.3832% frac(m>0.5)=0.267
[ok] dino_unblended/edit2/0028_kite-walk: d_max_clip=1.5253 -> m_abs_max=1.0000 mean=0.3752 clipped=3.2977% frac(m>0.5)=0.265
[ok] dino_unblended/edit2/0029_horsejump-stick: d_max_clip=1.9870 -> m_abs_max=1.0000 mean=0.3764 clipped=3.5114% frac(m>0.5)=0.265
[ok] dino_unblended/edit2/0030_rallye: d_max_clip=2.1817 -> m_abs_max=1.0000 mean=0.3766 clipped=3.4865% frac(m>0.5)=0.265
[ok] dino_unblended/edit2/0031_soccerball: d_max_clip=1.7125 -> m_abs_max=1.0000 mean=0.3759 clipped=3.3583% frac(m>0.5)=0.265
[ok] dino_unblended/edit2/0032_mermaid: d_max_clip=2.0388 -> m_abs_max=1.0000 mean=0.3765 clipped=3.3013% frac(m>0.5)=0.265
[ok] dino_unblended/edit2/0033_horsejump-low: d_max_clip=1.6009 -> m_abs_max=1.0000 mean=0.3783 clipped=3.3903% frac(m>0.5)=0.269
[ok] dino_unblended/edit2/0034_cows: d_max_clip=1.4512 -> m_abs_max=1.0000 mean=0.3751 clipped=3.3226% frac(m>0.5)=0.265
[ok] dino_unblended/edit2/0035_helicopter: d_max_clip=1.7750 -> m_abs_max=1.0000 mean=0.3788 clipped=3.4972% frac(m>0.5)=0.269
[ok] dino_unblended/edit2/0036_camel: d_max_clip=1.6067 -> m_abs_max=1.0000 mean=0.3727 clipped=3.4509% frac(m>0.5)=0.261
[ok] dino_unblended/edit2/0037_snowboard-sand: d_max_clip=1.8681 -> m_abs_max=1.0000 mean=0.3763 clipped=3.3832% frac(m>0.5)=0.268
[ok] dino_unblended/edit2/0038_motorbike: d_max_clip=1.7784 -> m_abs_max=1.0000 mean=0.3776 clipped=3.5791% frac(m>0.5)=0.269
[ok] dino_unblended/edit2/0039_chamaleon: d_max_clip=1.8430 -> m_abs_max=1.0000 mean=0.3756 clipped=3.5114% frac(m>0.5)=0.265
[ok] dino_unblended/edit2/0040_tennis: d_max_clip=1.5193 -> m_abs_max=1.0000 mean=0.3777 clipped=3.2585% frac(m>0.5)=0.266
[ok] dino_unblended/edit2/0041_longboard: d_max_clip=1.7290 -> m_abs_max=1.0000 mean=0.3769 clipped=3.3226% frac(m>0.5)=0.266
[ok] dino_unblended/edit2/0042_gym-ball: d_max_clip=1.5302 -> m_abs_max=1.0000 mean=0.3763 clipped=3.2265% frac(m>0.5)=0.267
[ok] dino_unblended/edit2/0043_parkour: d_max_clip=1.9356 -> m_abs_max=1.0000 mean=0.3740 clipped=3.4758% frac(m>0.5)=0.262
[ok] dino_unblended/edit2/0044_snowboard: d_max_clip=1.5470 -> m_abs_max=1.0000 mean=0.3767 clipped=3.4473% frac(m>0.5)=0.265
[ok] dino_unblended/edit2/0045_butterfly: d_max_clip=2.1729 -> m_abs_max=1.0000 mean=0.3754 clipped=3.5078% frac(m>0.5)=0.266
[ok] dino_unblended/edit2/0046_blackswan: d_max_clip=1.7437 -> m_abs_max=1.0000 mean=0.3760 clipped=3.2764% frac(m>0.5)=0.262
[ok] dino_unblended/edit2/0047_judo: d_max_clip=1.8335 -> m_abs_max=1.0000 mean=0.3779 clipped=3.3689% frac(m>0.5)=0.269
[ok] dino_unblended/edit2/0048_hike: d_max_clip=1.5960 -> m_abs_max=1.0000 mean=0.3745 clipped=3.3689% frac(m>0.5)=0.262
[ok] dino_unblended/edit2/0049_speed-skating: d_max_clip=1.5334 -> m_abs_max=1.0000 mean=0.3767 clipped=3.3262% frac(m>0.5)=0.266
[ok] dino_unblended/edit2/0050_slackline: d_max_clip=1.6519 -> m_abs_max=1.0000 mean=0.3785 clipped=3.4152% frac(m>0.5)=0.270
[ok] dino_unblended/edit2/0051_dogs-jump: d_max_clip=1.7068 -> m_abs_max=1.0000 mean=0.3771 clipped=3.2301% frac(m>0.5)=0.269
[ok] dino_unblended/edit2/0052_mallard-fly: d_max_clip=2.0288 -> m_abs_max=1.0000 mean=0.3752 clipped=3.4722% frac(m>0.5)=0.265
[ok] dino_unblended/edit2/0053_swing: d_max_clip=1.6804 -> m_abs_max=1.0000 mean=0.3763 clipped=3.3476% frac(m>0.5)=0.266
[ok] dino_unblended/edit2/0054_train: d_max_clip=1.7022 -> m_abs_max=1.0000 mean=0.3791 clipped=3.6503% frac(m>0.5)=0.270
[ok] dino_unblended/edit2/0055_pigs: d_max_clip=1.7819 -> m_abs_max=1.0000 mean=0.3760 clipped=3.4117% frac(m>0.5)=0.266
[ok] dino_unblended/edit2/0056_kart-turn: d_max_clip=1.6467 -> m_abs_max=1.0000 mean=0.3789 clipped=3.5292% frac(m>0.5)=0.270
[ok] dino_unblended/edit2/0057_dog: d_max_clip=2.2494 -> m_abs_max=1.0000 mean=0.3759 clipped=3.2942% frac(m>0.5)=0.267
[ok] dino_unblended/edit2/0058_boat: d_max_clip=1.6552 -> m_abs_max=1.0000 mean=0.3777 clipped=3.3405% frac(m>0.5)=0.270
[ok] dino_unblended/edit2/0059_drift-straight: d_max_clip=1.6767 -> m_abs_max=1.0000 mean=0.3750 clipped=3.4046% frac(m>0.5)=0.264
[ok] dino_unblended/edit2/0060_motocross-bumps: d_max_clip=1.7590 -> m_abs_max=1.0000 mean=0.3764 clipped=3.3654% frac(m>0.5)=0.267
[ok] dino_unblended/edit2/0061_mbike-santa: d_max_clip=2.0823 -> m_abs_max=1.0000 mean=0.3731 clipped=3.3511% frac(m>0.5)=0.264
[ok] dino_unblended/edit2/0062_elephant: d_max_clip=1.5129 -> m_abs_max=1.0000 mean=0.3785 clipped=3.2051% frac(m>0.5)=0.269
[ok] dino_unblended/edit2/0063_drift-turn: d_max_clip=1.4615 -> m_abs_max=1.0000 mean=0.3761 clipped=3.4793% frac(m>0.5)=0.266
[ok] dino_unblended/edit2/0064_rollerblade: d_max_clip=1.5246 -> m_abs_max=1.0000 mean=0.3792 clipped=3.3939% frac(m>0.5)=0.271
[ok] dino_unblended/edit2/0065_twist-dance: d_max_clip=1.6620 -> m_abs_max=1.0000 mean=0.3774 clipped=3.3120% frac(m>0.5)=0.270
[ok] dino_unblended/edit2/0066_deer: d_max_clip=1.7649 -> m_abs_max=1.0000 mean=0.3752 clipped=3.3903% frac(m>0.5)=0.266
[ok] dino_unblended/edit2/0067_mbike-trick: d_max_clip=1.6365 -> m_abs_max=1.0000 mean=0.3772 clipped=3.4544% frac(m>0.5)=0.267
[ok] dino_unblended/edit2/0068_planes-water: d_max_clip=1.6385 -> m_abs_max=1.0000 mean=0.3780 clipped=3.4580% frac(m>0.5)=0.269
[ok] dino_unblended/edit2/0069_car-turn: d_max_clip=1.9612 -> m_abs_max=1.0000 mean=0.3760 clipped=3.4509% frac(m>0.5)=0.263
[ok] dino_unblended/edit2/0070_dance-twirl: d_max_clip=1.7548 -> m_abs_max=1.0000 mean=0.3765 clipped=3.3583% frac(m>0.5)=0.268
[ok] dino_unblended/edit2/0071_mallard-water: d_max_clip=1.8786 -> m_abs_max=1.0000 mean=0.3790 clipped=3.5826% frac(m>0.5)=0.268
[ok] dino_unblended/edit2/0072_dog-agility: d_max_clip=1.7967 -> m_abs_max=1.0000 mean=0.3787 clipped=3.6254% frac(m>0.5)=0.271
[ok] dino_unblended/edit2/0073_bmx-rider: d_max_clip=1.5730 -> m_abs_max=1.0000 mean=0.3797 clipped=3.3903% frac(m>0.5)=0.273
[ok] dino_unblended/edit2/0074_rhino: d_max_clip=1.5866 -> m_abs_max=1.0000 mean=0.3781 clipped=3.6147% frac(m>0.5)=0.270
[ok] dino_unblended/edit2/0075_A_bicycle: d_max_clip=1.9601 -> m_abs_max=1.0000 mean=0.3763 clipped=3.3618% frac(m>0.5)=0.265
[ok] dino_unblended/edit2/0076_A_rabbit: d_max_clip=1.7317 -> m_abs_max=1.0000 mean=0.3760 clipped=3.3583% frac(m>0.5)=0.268
[ok] dino_unblended/edit2/0077_A_hawk: d_max_clip=1.5317 -> m_abs_max=1.0000 mean=0.3760 clipped=3.5185% frac(m>0.5)=0.264
[ok] dino_unblended/edit2/0078_A_cat: d_max_clip=1.6559 -> m_abs_max=1.0000 mean=0.3755 clipped=3.4580% frac(m>0.5)=0.266
[ok] dino_unblended/edit2/0079_A_bus: d_max_clip=1.7160 -> m_abs_max=1.0000 mean=0.3761 clipped=3.3440% frac(m>0.5)=0.266
[ok] dino_unblended/edit2/0080_A_motorcycle: d_max_clip=1.6132 -> m_abs_max=1.0000 mean=0.3766 clipped=3.5541% frac(m>0.5)=0.269
[ok] dino_unblended/edit2/0081_A_horse: d_max_clip=1.6966 -> m_abs_max=1.0000 mean=0.3771 clipped=3.2443% frac(m>0.5)=0.268
[ok] dino_unblended/edit2/0082_A_tram: d_max_clip=1.7295 -> m_abs_max=1.0000 mean=0.3799 clipped=3.3476% frac(m>0.5)=0.269
[ok] dino_unblended/edit2/0083_A_boat: d_max_clip=1.5555 -> m_abs_max=1.0000 mean=0.3775 clipped=3.5719% frac(m>0.5)=0.269
[ok] dino_unblended/edit2/0084_A_squirrel: d_max_clip=1.7333 -> m_abs_max=1.0000 mean=0.3764 clipped=3.4900% frac(m>0.5)=0.265
[ok] dino_unblended/edit2/0085_A_tram: d_max_clip=1.6267 -> m_abs_max=1.0000 mean=0.3801 clipped=3.5897% frac(m>0.5)=0.273
[ok] dino_unblended/edit2/0086_A_red_sports_car: d_max_clip=1.7838 -> m_abs_max=1.0000 mean=0.3783 clipped=3.4509% frac(m>0.5)=0.270
[ok] dino_unblended/edit2/0087_A_seagull: d_max_clip=2.0598 -> m_abs_max=1.0000 mean=0.3776 clipped=3.3511% frac(m>0.5)=0.266
[ok] dino_unblended/edit2/0088_A_cyclist: d_max_clip=1.5812 -> m_abs_max=1.0000 mean=0.3743 clipped=3.2764% frac(m>0.5)=0.262
[ok] dino_unblended/edit2/0089_A_dog: d_max_clip=1.6756 -> m_abs_max=1.0000 mean=0.3779 clipped=3.3868% frac(m>0.5)=0.269
[ok] dino_unblended/edit2/0090_A_deer: d_max_clip=1.6072 -> m_abs_max=1.0000 mean=0.3762 clipped=3.4188% frac(m>0.5)=0.268
[ok] dino_unblended/edit2/0091_A_hawk: d_max_clip=1.5595 -> m_abs_max=1.0000 mean=0.3773 clipped=3.4651% frac(m>0.5)=0.268
[ok] dino_unblended/edit2/0092_A_fox: d_max_clip=1.5824 -> m_abs_max=1.0000 mean=0.3771 clipped=3.3476% frac(m>0.5)=0.265
[ok] dino_unblended/edit2/0093_A_helicopter: d_max_clip=1.5895 -> m_abs_max=1.0000 mean=0.3780 clipped=3.5399% frac(m>0.5)=0.270
[ok] dino_unblended/edit2/0094_A_swan: d_max_clip=1.5021 -> m_abs_max=1.0000 mean=0.3782 clipped=3.4046% frac(m>0.5)=0.270
[ok] dino_unblended/edit2/0095_A_crow: d_max_clip=1.4610 -> m_abs_max=1.0000 mean=0.3772 clipped=3.4152% frac(m>0.5)=0.266
[ok] dino_unblended/edit2/0096_A_car: d_max_clip=1.7873 -> m_abs_max=1.0000 mean=0.3784 clipped=3.5897% frac(m>0.5)=0.266
[ok] dino_unblended/edit2/0097_A_bird: d_max_clip=1.6325 -> m_abs_max=1.0000 mean=0.3774 clipped=3.4651% frac(m>0.5)=0.268
[ok] dino_unblended/edit2/0098_A_squirrel: d_max_clip=2.3288 -> m_abs_max=1.0000 mean=0.3769 clipped=3.3155% frac(m>0.5)=0.266
[ok] dino_unblended/edit2/0099_A_jogger: d_max_clip=1.7040 -> m_abs_max=1.0000 mean=0.3784 clipped=3.5434% frac(m>0.5)=0.272
[ok] dino_unblended/edit2/0100_A_deer: d_max_clip=1.6383 -> m_abs_max=1.0000 mean=0.3780 clipped=3.5755% frac(m>0.5)=0.268
[ok] dino_unblended/edit3/0001_bus: d_max_clip=1.5019 -> m_abs_max=1.0000 mean=0.3731 clipped=3.1553% frac(m>0.5)=0.262
[ok] dino_unblended/edit3/0002_girl-dog: d_max_clip=1.5945 -> m_abs_max=1.0000 mean=0.3784 clipped=3.4117% frac(m>0.5)=0.269
[ok] dino_unblended/edit3/0003_ocean-birds: d_max_clip=1.9453 -> m_abs_max=1.0000 mean=0.3798 clipped=3.5043% frac(m>0.5)=0.271
[ok] dino_unblended/edit3/0004_car-roundabout: d_max_clip=1.4922 -> m_abs_max=1.0000 mean=0.3792 clipped=3.3903% frac(m>0.5)=0.269
[ok] dino_unblended/edit3/0005_breakdance: d_max_clip=1.4819 -> m_abs_max=1.0000 mean=0.3764 clipped=3.5434% frac(m>0.5)=0.264
[ok] dino_unblended/edit3/0006_paragliding: d_max_clip=1.6666 -> m_abs_max=1.0000 mean=0.3755 clipped=3.3939% frac(m>0.5)=0.265
[ok] dino_unblended/edit3/0007_guitar-violin: d_max_clip=1.7310 -> m_abs_max=1.0000 mean=0.3771 clipped=3.3974% frac(m>0.5)=0.266
[ok] dino_unblended/edit3/0008_snowboard-race: d_max_clip=1.7281 -> m_abs_max=1.0000 mean=0.3803 clipped=3.3262% frac(m>0.5)=0.275
[ok] dino_unblended/edit3/0009_bear: d_max_clip=1.6648 -> m_abs_max=1.0000 mean=0.3766 clipped=3.5363% frac(m>0.5)=0.268
[ok] dino_unblended/edit3/0010_giant-slalom: d_max_clip=1.6183 -> m_abs_max=1.0000 mean=0.3781 clipped=3.5363% frac(m>0.5)=0.270
[ok] dino_unblended/edit3/0011_lucia: d_max_clip=1.3905 -> m_abs_max=1.0000 mean=0.3776 clipped=3.5719% frac(m>0.5)=0.268
[ok] dino_unblended/edit3/0012_goat: d_max_clip=1.4737 -> m_abs_max=1.0000 mean=0.3777 clipped=3.5256% frac(m>0.5)=0.268
[ok] dino_unblended/edit3/0013_golf: d_max_clip=1.8108 -> m_abs_max=1.0000 mean=0.3769 clipped=3.4687% frac(m>0.5)=0.268
[ok] dino_unblended/edit3/0014_burnout: d_max_clip=1.5979 -> m_abs_max=1.0000 mean=0.3772 clipped=3.5221% frac(m>0.5)=0.268
[ok] dino_unblended/edit3/0015_car-shadow: d_max_clip=1.7879 -> m_abs_max=1.0000 mean=0.3771 clipped=3.3084% frac(m>0.5)=0.270
[ok] dino_unblended/edit3/0016_horsejump-high: d_max_clip=1.6934 -> m_abs_max=1.0000 mean=0.3749 clipped=3.3476% frac(m>0.5)=0.262
[ok] dino_unblended/edit3/0017_kid-football: d_max_clip=1.8839 -> m_abs_max=1.0000 mean=0.3754 clipped=3.5719% frac(m>0.5)=0.264
[ok] dino_unblended/edit3/0018_breakdance-flare: d_max_clip=1.6493 -> m_abs_max=1.0000 mean=0.3786 clipped=3.4224% frac(m>0.5)=0.270
[ok] dino_unblended/edit3/0019_tennis-vest: d_max_clip=1.4805 -> m_abs_max=1.0000 mean=0.3754 clipped=3.4793% frac(m>0.5)=0.268
[ok] dino_unblended/edit3/0020_monkeys: d_max_clip=1.4361 -> m_abs_max=1.0000 mean=0.3778 clipped=3.4224% frac(m>0.5)=0.269
[ok] dino_unblended/edit3/0021_landing: d_max_clip=2.0400 -> m_abs_max=1.0000 mean=0.3748 clipped=3.4687% frac(m>0.5)=0.263
[ok] dino_unblended/edit3/0022_skate-jump: d_max_clip=1.8468 -> m_abs_max=1.0000 mean=0.3790 clipped=3.4865% frac(m>0.5)=0.269
[ok] dino_unblended/edit3/0023_kayak-race: d_max_clip=1.6196 -> m_abs_max=1.0000 mean=0.3759 clipped=3.3511% frac(m>0.5)=0.264
[ok] dino_unblended/edit3/0024_hockey: d_max_clip=1.5742 -> m_abs_max=1.0000 mean=0.3784 clipped=3.4473% frac(m>0.5)=0.269
[ok] dino_unblended/edit3/0025_baseball: d_max_clip=1.5259 -> m_abs_max=1.0000 mean=0.3765 clipped=3.5862% frac(m>0.5)=0.268
[ok] dino_unblended/edit3/0026_table-tennis: d_max_clip=1.5246 -> m_abs_max=1.0000 mean=0.3762 clipped=3.5185% frac(m>0.5)=0.265
[ok] dino_unblended/edit3/0027_dance-jump: d_max_clip=1.8802 -> m_abs_max=1.0000 mean=0.3754 clipped=3.4046% frac(m>0.5)=0.263
[ok] dino_unblended/edit3/0028_kite-walk: d_max_clip=1.5854 -> m_abs_max=1.0000 mean=0.3773 clipped=3.4936% frac(m>0.5)=0.267
[ok] dino_unblended/edit3/0029_horsejump-stick: d_max_clip=1.5971 -> m_abs_max=1.0000 mean=0.3779 clipped=3.4936% frac(m>0.5)=0.268
[ok] dino_unblended/edit3/0030_rallye: d_max_clip=1.7520 -> m_abs_max=1.0000 mean=0.3764 clipped=3.5399% frac(m>0.5)=0.269
[ok] dino_unblended/edit3/0031_soccerball: d_max_clip=1.8410 -> m_abs_max=1.0000 mean=0.3745 clipped=3.5114% frac(m>0.5)=0.260
[ok] dino_unblended/edit3/0032_mermaid: d_max_clip=1.5757 -> m_abs_max=1.0000 mean=0.3774 clipped=3.4972% frac(m>0.5)=0.269
[ok] dino_unblended/edit3/0033_horsejump-low: d_max_clip=1.7627 -> m_abs_max=1.0000 mean=0.3787 clipped=3.6111% frac(m>0.5)=0.269
[ok] dino_unblended/edit3/0034_cows: d_max_clip=1.7097 -> m_abs_max=1.0000 mean=0.3761 clipped=3.1731% frac(m>0.5)=0.266
[ok] dino_unblended/edit3/0035_helicopter: d_max_clip=1.5613 -> m_abs_max=1.0000 mean=0.3754 clipped=3.4224% frac(m>0.5)=0.266
[ok] dino_unblended/edit3/0036_camel: d_max_clip=1.5810 -> m_abs_max=1.0000 mean=0.3773 clipped=3.3689% frac(m>0.5)=0.268
[ok] dino_unblended/edit3/0037_snowboard-sand: d_max_clip=1.6307 -> m_abs_max=1.0000 mean=0.3761 clipped=3.3868% frac(m>0.5)=0.265
[ok] dino_unblended/edit3/0038_motorbike: d_max_clip=1.5561 -> m_abs_max=1.0000 mean=0.3760 clipped=3.4259% frac(m>0.5)=0.267
[ok] dino_unblended/edit3/0039_chamaleon: d_max_clip=1.6795 -> m_abs_max=1.0000 mean=0.3763 clipped=3.3226% frac(m>0.5)=0.268
[ok] dino_unblended/edit3/0040_tennis: d_max_clip=1.6596 -> m_abs_max=1.0000 mean=0.3777 clipped=3.5221% frac(m>0.5)=0.268
[ok] dino_unblended/edit3/0041_longboard: d_max_clip=1.6658 -> m_abs_max=1.0000 mean=0.3760 clipped=3.3796% frac(m>0.5)=0.266
[ok] dino_unblended/edit3/0042_gym-ball: d_max_clip=1.9798 -> m_abs_max=1.0000 mean=0.3763 clipped=3.4473% frac(m>0.5)=0.264
[ok] dino_unblended/edit3/0043_parkour: d_max_clip=1.6082 -> m_abs_max=1.0000 mean=0.3760 clipped=3.4793% frac(m>0.5)=0.263
[ok] dino_unblended/edit3/0044_snowboard: d_max_clip=1.8681 -> m_abs_max=1.0000 mean=0.3767 clipped=3.2942% frac(m>0.5)=0.269
[ok] dino_unblended/edit3/0045_butterfly: d_max_clip=1.5356 -> m_abs_max=1.0000 mean=0.3782 clipped=3.6040% frac(m>0.5)=0.270
[ok] dino_unblended/edit3/0046_blackswan: d_max_clip=1.8978 -> m_abs_max=1.0000 mean=0.3758 clipped=3.3405% frac(m>0.5)=0.265
[ok] dino_unblended/edit3/0047_judo: d_max_clip=1.7638 -> m_abs_max=1.0000 mean=0.3772 clipped=3.6004% frac(m>0.5)=0.267
[ok] dino_unblended/edit3/0048_hike: d_max_clip=2.5717 -> m_abs_max=1.0000 mean=0.3774 clipped=3.5969% frac(m>0.5)=0.268
[ok] dino_unblended/edit3/0049_speed-skating: d_max_clip=1.6552 -> m_abs_max=1.0000 mean=0.3769 clipped=3.4865% frac(m>0.5)=0.269
[ok] dino_unblended/edit3/0050_slackline: d_max_clip=1.8289 -> m_abs_max=1.0000 mean=0.3780 clipped=3.6467% frac(m>0.5)=0.267
[ok] dino_unblended/edit3/0051_dogs-jump: d_max_clip=1.7485 -> m_abs_max=1.0000 mean=0.3771 clipped=3.4330% frac(m>0.5)=0.266
[ok] dino_unblended/edit3/0052_mallard-fly: d_max_clip=1.7502 -> m_abs_max=1.0000 mean=0.3766 clipped=3.3511% frac(m>0.5)=0.268
[ok] dino_unblended/edit3/0053_swing: d_max_clip=1.5495 -> m_abs_max=1.0000 mean=0.3786 clipped=3.4722% frac(m>0.5)=0.268
[ok] dino_unblended/edit3/0054_train: d_max_clip=1.7441 -> m_abs_max=1.0000 mean=0.3769 clipped=3.3725% frac(m>0.5)=0.266
[ok] dino_unblended/edit3/0055_pigs: d_max_clip=1.8901 -> m_abs_max=1.0000 mean=0.3764 clipped=3.3974% frac(m>0.5)=0.266
[ok] dino_unblended/edit3/0056_kart-turn: d_max_clip=1.6820 -> m_abs_max=1.0000 mean=0.3735 clipped=3.3048% frac(m>0.5)=0.260
[ok] dino_unblended/edit3/0057_dog: d_max_clip=1.4436 -> m_abs_max=1.0000 mean=0.3776 clipped=3.4117% frac(m>0.5)=0.270
[ok] dino_unblended/edit3/0058_boat: d_max_clip=1.6956 -> m_abs_max=1.0000 mean=0.3760 clipped=3.4865% frac(m>0.5)=0.264
[ok] dino_unblended/edit3/0059_drift-straight: d_max_clip=1.7221 -> m_abs_max=1.0000 mean=0.3737 clipped=3.4152% frac(m>0.5)=0.262
[ok] dino_unblended/edit3/0060_motocross-bumps: d_max_clip=1.3670 -> m_abs_max=1.0000 mean=0.3776 clipped=3.4758% frac(m>0.5)=0.269
[ok] dino_unblended/edit3/0061_mbike-santa: d_max_clip=1.5057 -> m_abs_max=1.0000 mean=0.3788 clipped=3.5256% frac(m>0.5)=0.269
[ok] dino_unblended/edit3/0062_elephant: d_max_clip=1.6029 -> m_abs_max=1.0000 mean=0.3754 clipped=3.4615% frac(m>0.5)=0.265
[ok] dino_unblended/edit3/0063_drift-turn: d_max_clip=1.8033 -> m_abs_max=1.0000 mean=0.3752 clipped=3.4010% frac(m>0.5)=0.265
[ok] dino_unblended/edit3/0064_rollerblade: d_max_clip=1.6324 -> m_abs_max=1.0000 mean=0.3774 clipped=3.3796% frac(m>0.5)=0.272
[ok] dino_unblended/edit3/0065_twist-dance: d_max_clip=1.8036 -> m_abs_max=1.0000 mean=0.3755 clipped=3.2229% frac(m>0.5)=0.265
[ok] dino_unblended/edit3/0066_deer: d_max_clip=1.7416 -> m_abs_max=1.0000 mean=0.3763 clipped=3.4758% frac(m>0.5)=0.266
[ok] dino_unblended/edit3/0067_mbike-trick: d_max_clip=1.5989 -> m_abs_max=1.0000 mean=0.3747 clipped=3.2764% frac(m>0.5)=0.264
[ok] dino_unblended/edit3/0068_planes-water: d_max_clip=1.7306 -> m_abs_max=1.0000 mean=0.3778 clipped=3.2870% frac(m>0.5)=0.269
[ok] dino_unblended/edit3/0069_car-turn: d_max_clip=1.7271 -> m_abs_max=1.0000 mean=0.3771 clipped=3.4900% frac(m>0.5)=0.270
[ok] dino_unblended/edit3/0070_dance-twirl: d_max_clip=1.7549 -> m_abs_max=1.0000 mean=0.3798 clipped=3.5755% frac(m>0.5)=0.274
[ok] dino_unblended/edit3/0071_mallard-water: d_max_clip=1.6911 -> m_abs_max=1.0000 mean=0.3769 clipped=3.4544% frac(m>0.5)=0.268
[ok] dino_unblended/edit3/0072_dog-agility: d_max_clip=1.5783 -> m_abs_max=1.0000 mean=0.3794 clipped=3.5577% frac(m>0.5)=0.272
[ok] dino_unblended/edit3/0073_bmx-rider: d_max_clip=1.7554 -> m_abs_max=1.0000 mean=0.3778 clipped=3.4473% frac(m>0.5)=0.268
[ok] dino_unblended/edit3/0074_rhino: d_max_clip=1.9328 -> m_abs_max=1.0000 mean=0.3782 clipped=3.4722% frac(m>0.5)=0.268
[ok] dino_unblended/edit3/0075_A_bicycle: d_max_clip=1.5749 -> m_abs_max=1.0000 mean=0.3794 clipped=3.2336% frac(m>0.5)=0.273
[ok] dino_unblended/edit3/0076_A_rabbit: d_max_clip=1.9315 -> m_abs_max=1.0000 mean=0.3760 clipped=3.5541% frac(m>0.5)=0.264
[ok] dino_unblended/edit3/0077_A_hawk: d_max_clip=1.5001 -> m_abs_max=1.0000 mean=0.3772 clipped=3.3903% frac(m>0.5)=0.270
[ok] dino_unblended/edit3/0078_A_cat: d_max_clip=1.6450 -> m_abs_max=1.0000 mean=0.3764 clipped=3.5755% frac(m>0.5)=0.267
[ok] dino_unblended/edit3/0079_A_bus: d_max_clip=1.5975 -> m_abs_max=1.0000 mean=0.3783 clipped=3.5399% frac(m>0.5)=0.268
[ok] dino_unblended/edit3/0080_A_motorcycle: d_max_clip=1.6627 -> m_abs_max=1.0000 mean=0.3786 clipped=3.3369% frac(m>0.5)=0.273
[ok] dino_unblended/edit3/0081_A_horse: d_max_clip=1.7439 -> m_abs_max=1.0000 mean=0.3746 clipped=3.3262% frac(m>0.5)=0.262
[ok] dino_unblended/edit3/0082_A_tram: d_max_clip=1.6769 -> m_abs_max=1.0000 mean=0.3770 clipped=3.1695% frac(m>0.5)=0.270
[ok] dino_unblended/edit3/0083_A_boat: d_max_clip=1.5066 -> m_abs_max=1.0000 mean=0.3780 clipped=3.3761% frac(m>0.5)=0.264
[ok] dino_unblended/edit3/0084_A_squirrel: d_max_clip=1.8385 -> m_abs_max=1.0000 mean=0.3780 clipped=3.4081% frac(m>0.5)=0.269
[ok] dino_unblended/edit3/0085_A_tram: d_max_clip=1.6130 -> m_abs_max=1.0000 mean=0.3775 clipped=3.3761% frac(m>0.5)=0.270
[ok] dino_unblended/edit3/0086_A_red_sports_car: d_max_clip=1.5856 -> m_abs_max=1.0000 mean=0.3763 clipped=3.4615% frac(m>0.5)=0.266
[ok] dino_unblended/edit3/0087_A_seagull: d_max_clip=1.4558 -> m_abs_max=1.0000 mean=0.3754 clipped=3.3405% frac(m>0.5)=0.267
[ok] dino_unblended/edit3/0088_A_cyclist: d_max_clip=1.6674 -> m_abs_max=1.0000 mean=0.3778 clipped=3.4580% frac(m>0.5)=0.270
[ok] dino_unblended/edit3/0089_A_dog: d_max_clip=1.5460 -> m_abs_max=1.0000 mean=0.3788 clipped=3.4651% frac(m>0.5)=0.271
[ok] dino_unblended/edit3/0090_A_deer: d_max_clip=2.1044 -> m_abs_max=1.0000 mean=0.3772 clipped=3.4117% frac(m>0.5)=0.265
[ok] dino_unblended/edit3/0091_A_hawk: d_max_clip=1.5919 -> m_abs_max=1.0000 mean=0.3759 clipped=3.3832% frac(m>0.5)=0.266
[ok] dino_unblended/edit3/0092_A_fox: d_max_clip=1.5844 -> m_abs_max=1.0000 mean=0.3780 clipped=3.2764% frac(m>0.5)=0.272
[ok] dino_unblended/edit3/0093_A_helicopter: d_max_clip=1.4173 -> m_abs_max=1.0000 mean=0.3778 clipped=3.4687% frac(m>0.5)=0.272
[ok] dino_unblended/edit3/0094_A_swan: d_max_clip=1.8491 -> m_abs_max=1.0000 mean=0.3794 clipped=3.4900% frac(m>0.5)=0.269
[ok] dino_unblended/edit3/0095_A_crow: d_max_clip=1.7197 -> m_abs_max=1.0000 mean=0.3765 clipped=3.5862% frac(m>0.5)=0.266
[ok] dino_unblended/edit3/0096_A_car: d_max_clip=1.5085 -> m_abs_max=1.0000 mean=0.3757 clipped=3.3120% frac(m>0.5)=0.266
[ok] dino_unblended/edit3/0097_A_bird: d_max_clip=1.6203 -> m_abs_max=1.0000 mean=0.3773 clipped=3.4473% frac(m>0.5)=0.268
[ok] dino_unblended/edit3/0098_A_squirrel: d_max_clip=1.5192 -> m_abs_max=1.0000 mean=0.3740 clipped=3.2265% frac(m>0.5)=0.265
[ok] dino_unblended/edit3/0099_A_jogger: d_max_clip=1.7182 -> m_abs_max=1.0000 mean=0.3756 clipped=3.3333% frac(m>0.5)=0.264
[ok] dino_unblended/edit3/0100_A_deer: d_max_clip=1.8035 -> m_abs_max=1.0000 mean=0.3779 clipped=3.4330% frac(m>0.5)=0.271
[ok] dino_unblended/edit4/0001_bus: d_max_clip=1.5440 -> m_abs_max=1.0000 mean=0.3775 clipped=3.4259% frac(m>0.5)=0.269
[ok] dino_unblended/edit4/0002_girl-dog: d_max_clip=1.5910 -> m_abs_max=1.0000 mean=0.3764 clipped=3.3689% frac(m>0.5)=0.266
[ok] dino_unblended/edit4/0003_ocean-birds: d_max_clip=1.6973 -> m_abs_max=1.0000 mean=0.3774 clipped=3.5221% frac(m>0.5)=0.266
[ok] dino_unblended/edit4/0004_car-roundabout: d_max_clip=1.4715 -> m_abs_max=1.0000 mean=0.3781 clipped=3.2728% frac(m>0.5)=0.268
[ok] dino_unblended/edit4/0005_breakdance: d_max_clip=1.4798 -> m_abs_max=1.0000 mean=0.3787 clipped=3.3939% frac(m>0.5)=0.271
[ok] dino_unblended/edit4/0006_paragliding: d_max_clip=2.0933 -> m_abs_max=1.0000 mean=0.3771 clipped=3.3974% frac(m>0.5)=0.271
[ok] dino_unblended/edit4/0007_guitar-violin: d_max_clip=1.6650 -> m_abs_max=1.0000 mean=0.3768 clipped=3.4687% frac(m>0.5)=0.267
[ok] dino_unblended/edit4/0008_snowboard-race: d_max_clip=1.5469 -> m_abs_max=1.0000 mean=0.3760 clipped=3.4081% frac(m>0.5)=0.269
[ok] dino_unblended/edit4/0009_bear: d_max_clip=1.7230 -> m_abs_max=1.0000 mean=0.3779 clipped=3.5328% frac(m>0.5)=0.267
[ok] dino_unblended/edit4/0010_giant-slalom: d_max_clip=1.9451 -> m_abs_max=1.0000 mean=0.3769 clipped=3.2799% frac(m>0.5)=0.268
[ok] dino_unblended/edit4/0011_lucia: d_max_clip=1.9157 -> m_abs_max=1.0000 mean=0.3760 clipped=3.6040% frac(m>0.5)=0.263
[ok] dino_unblended/edit4/0012_goat: d_max_clip=1.4908 -> m_abs_max=1.0000 mean=0.3760 clipped=3.3333% frac(m>0.5)=0.266
[ok] dino_unblended/edit4/0013_golf: d_max_clip=1.5130 -> m_abs_max=1.0000 mean=0.3780 clipped=3.6111% frac(m>0.5)=0.267
[ok] dino_unblended/edit4/0014_burnout: d_max_clip=2.0284 -> m_abs_max=1.0000 mean=0.3784 clipped=3.3939% frac(m>0.5)=0.270
[ok] dino_unblended/edit4/0015_car-shadow: d_max_clip=1.5509 -> m_abs_max=1.0000 mean=0.3790 clipped=3.5292% frac(m>0.5)=0.270
[ok] dino_unblended/edit4/0016_horsejump-high: d_max_clip=1.4564 -> m_abs_max=1.0000 mean=0.3746 clipped=3.3013% frac(m>0.5)=0.263
[ok] dino_unblended/edit4/0017_kid-football: d_max_clip=1.5011 -> m_abs_max=1.0000 mean=0.3756 clipped=3.3476% frac(m>0.5)=0.265
[ok] dino_unblended/edit4/0018_breakdance-flare: d_max_clip=1.6561 -> m_abs_max=1.0000 mean=0.3779 clipped=3.5648% frac(m>0.5)=0.267
[ok] dino_unblended/edit4/0019_tennis-vest: d_max_clip=1.6757 -> m_abs_max=1.0000 mean=0.3780 clipped=3.5648% frac(m>0.5)=0.269
[ok] dino_unblended/edit4/0020_monkeys: d_max_clip=1.7423 -> m_abs_max=1.0000 mean=0.3788 clipped=3.6432% frac(m>0.5)=0.268
[ok] dino_unblended/edit4/0021_landing: d_max_clip=1.6196 -> m_abs_max=1.0000 mean=0.3782 clipped=3.5363% frac(m>0.5)=0.271
[ok] dino_unblended/edit4/0022_skate-jump: d_max_clip=1.6862 -> m_abs_max=1.0000 mean=0.3767 clipped=3.4437% frac(m>0.5)=0.268
[ok] dino_unblended/edit4/0023_kayak-race: d_max_clip=2.1145 -> m_abs_max=1.0000 mean=0.3771 clipped=3.3832% frac(m>0.5)=0.269
[ok] dino_unblended/edit4/0024_hockey: d_max_clip=1.5684 -> m_abs_max=1.0000 mean=0.3792 clipped=3.4437% frac(m>0.5)=0.270
[ok] dino_unblended/edit4/0025_baseball: d_max_clip=1.9358 -> m_abs_max=1.0000 mean=0.3761 clipped=3.3654% frac(m>0.5)=0.265
[ok] dino_unblended/edit4/0026_table-tennis: d_max_clip=1.6295 -> m_abs_max=1.0000 mean=0.3770 clipped=3.3262% frac(m>0.5)=0.266
[ok] dino_unblended/edit4/0027_dance-jump: d_max_clip=1.8227 -> m_abs_max=1.0000 mean=0.3770 clipped=3.4330% frac(m>0.5)=0.270
[ok] dino_unblended/edit4/0028_kite-walk: d_max_clip=1.6310 -> m_abs_max=1.0000 mean=0.3755 clipped=3.2942% frac(m>0.5)=0.264
[ok] dino_unblended/edit4/0029_horsejump-stick: d_max_clip=1.6358 -> m_abs_max=1.0000 mean=0.3771 clipped=3.4722% frac(m>0.5)=0.268
[ok] dino_unblended/edit4/0030_rallye: d_max_clip=1.5163 -> m_abs_max=1.0000 mean=0.3748 clipped=3.3333% frac(m>0.5)=0.267
[ok] dino_unblended/edit4/0031_soccerball: d_max_clip=1.6362 -> m_abs_max=1.0000 mean=0.3784 clipped=3.4473% frac(m>0.5)=0.269
[ok] dino_unblended/edit4/0032_mermaid: d_max_clip=1.5568 -> m_abs_max=1.0000 mean=0.3779 clipped=3.3084% frac(m>0.5)=0.269
[ok] dino_unblended/edit4/0033_horsejump-low: d_max_clip=1.5035 -> m_abs_max=1.0000 mean=0.3771 clipped=3.3298% frac(m>0.5)=0.268
[ok] dino_unblended/edit4/0034_cows: d_max_clip=1.7440 -> m_abs_max=1.0000 mean=0.3763 clipped=3.3226% frac(m>0.5)=0.269
[ok] dino_unblended/edit4/0035_helicopter: d_max_clip=1.5893 -> m_abs_max=1.0000 mean=0.3755 clipped=3.5292% frac(m>0.5)=0.263
[ok] dino_unblended/edit4/0036_camel: d_max_clip=1.5346 -> m_abs_max=1.0000 mean=0.3779 clipped=3.5007% frac(m>0.5)=0.270
[ok] dino_unblended/edit4/0037_snowboard-sand: d_max_clip=1.6341 -> m_abs_max=1.0000 mean=0.3766 clipped=3.4188% frac(m>0.5)=0.267
[ok] dino_unblended/edit4/0038_motorbike: d_max_clip=1.6308 -> m_abs_max=1.0000 mean=0.3749 clipped=3.3369% frac(m>0.5)=0.265
[ok] dino_unblended/edit4/0039_chamaleon: d_max_clip=1.6334 -> m_abs_max=1.0000 mean=0.3788 clipped=3.6111% frac(m>0.5)=0.269
[ok] dino_unblended/edit4/0040_tennis: d_max_clip=1.7370 -> m_abs_max=1.0000 mean=0.3794 clipped=3.5470% frac(m>0.5)=0.272
[ok] dino_unblended/edit4/0041_longboard: d_max_clip=1.5836 -> m_abs_max=1.0000 mean=0.3762 clipped=3.4793% frac(m>0.5)=0.268
[ok] dino_unblended/edit4/0042_gym-ball: d_max_clip=1.8759 -> m_abs_max=1.0000 mean=0.3759 clipped=3.4437% frac(m>0.5)=0.265
[ok] dino_unblended/edit4/0043_parkour: d_max_clip=1.9504 -> m_abs_max=1.0000 mean=0.3773 clipped=3.2977% frac(m>0.5)=0.271
[ok] dino_unblended/edit4/0044_snowboard: d_max_clip=1.7549 -> m_abs_max=1.0000 mean=0.3770 clipped=3.4366% frac(m>0.5)=0.267
[ok] dino_unblended/edit4/0045_butterfly: d_max_clip=1.8166 -> m_abs_max=1.0000 mean=0.3770 clipped=3.4651% frac(m>0.5)=0.264
[ok] dino_unblended/edit4/0046_blackswan: d_max_clip=1.9194 -> m_abs_max=1.0000 mean=0.3761 clipped=3.4651% frac(m>0.5)=0.266
[ok] dino_unblended/edit4/0047_judo: d_max_clip=1.6986 -> m_abs_max=1.0000 mean=0.3785 clipped=3.2728% frac(m>0.5)=0.268
[ok] dino_unblended/edit4/0048_hike: d_max_clip=1.7519 -> m_abs_max=1.0000 mean=0.3754 clipped=3.4117% frac(m>0.5)=0.263
[ok] dino_unblended/edit4/0049_speed-skating: d_max_clip=1.7306 -> m_abs_max=1.0000 mean=0.3770 clipped=3.3476% frac(m>0.5)=0.267
[ok] dino_unblended/edit4/0050_slackline: d_max_clip=1.5706 -> m_abs_max=1.0000 mean=0.3778 clipped=3.5434% frac(m>0.5)=0.268
[ok] dino_unblended/edit4/0051_dogs-jump: d_max_clip=1.8124 -> m_abs_max=1.0000 mean=0.3773 clipped=3.2977% frac(m>0.5)=0.266
[ok] dino_unblended/edit4/0052_mallard-fly: d_max_clip=1.6218 -> m_abs_max=1.0000 mean=0.3784 clipped=3.6218% frac(m>0.5)=0.268
[ok] dino_unblended/edit4/0053_swing: d_max_clip=1.5863 -> m_abs_max=1.0000 mean=0.3758 clipped=3.2977% frac(m>0.5)=0.266
[ok] dino_unblended/edit4/0054_train: d_max_clip=1.5049 -> m_abs_max=1.0000 mean=0.3771 clipped=3.3725% frac(m>0.5)=0.269
[ok] dino_unblended/edit4/0055_pigs: d_max_clip=1.6353 -> m_abs_max=1.0000 mean=0.3764 clipped=3.4152% frac(m>0.5)=0.265
[ok] dino_unblended/edit4/0056_kart-turn: d_max_clip=1.6108 -> m_abs_max=1.0000 mean=0.3758 clipped=3.3618% frac(m>0.5)=0.265
[ok] dino_unblended/edit4/0057_dog: d_max_clip=1.5664 -> m_abs_max=1.0000 mean=0.3769 clipped=3.3333% frac(m>0.5)=0.268
[ok] dino_unblended/edit4/0058_boat: d_max_clip=1.6362 -> m_abs_max=1.0000 mean=0.3774 clipped=3.5256% frac(m>0.5)=0.267
[ok] dino_unblended/edit4/0059_drift-straight: d_max_clip=1.5931 -> m_abs_max=1.0000 mean=0.3772 clipped=3.4402% frac(m>0.5)=0.266
[ok] dino_unblended/edit4/0060_motocross-bumps: d_max_clip=1.8969 -> m_abs_max=1.0000 mean=0.3770 clipped=3.3725% frac(m>0.5)=0.266
[ok] dino_unblended/edit4/0061_mbike-santa: d_max_clip=1.8386 -> m_abs_max=1.0000 mean=0.3781 clipped=3.6004% frac(m>0.5)=0.270
[ok] dino_unblended/edit4/0062_elephant: d_max_clip=1.4257 -> m_abs_max=1.0000 mean=0.3753 clipped=3.4473% frac(m>0.5)=0.263
[ok] dino_unblended/edit4/0063_drift-turn: d_max_clip=1.5872 -> m_abs_max=1.0000 mean=0.3780 clipped=3.3476% frac(m>0.5)=0.270
[ok] dino_unblended/edit4/0064_rollerblade: d_max_clip=1.8859 -> m_abs_max=1.0000 mean=0.3775 clipped=3.4437% frac(m>0.5)=0.267
[ok] dino_unblended/edit4/0065_twist-dance: d_max_clip=1.4565 -> m_abs_max=1.0000 mean=0.3765 clipped=3.3226% frac(m>0.5)=0.268
[ok] dino_unblended/edit4/0066_deer: d_max_clip=1.5343 -> m_abs_max=1.0000 mean=0.3775 clipped=3.5150% frac(m>0.5)=0.268
[ok] dino_unblended/edit4/0067_mbike-trick: d_max_clip=1.5659 -> m_abs_max=1.0000 mean=0.3773 clipped=3.5506% frac(m>0.5)=0.266
[ok] dino_unblended/edit4/0068_planes-water: d_max_clip=1.6813 -> m_abs_max=1.0000 mean=0.3754 clipped=3.4046% frac(m>0.5)=0.266
[ok] dino_unblended/edit4/0069_car-turn: d_max_clip=1.6707 -> m_abs_max=1.0000 mean=0.3784 clipped=3.2977% frac(m>0.5)=0.269
[ok] dino_unblended/edit4/0070_dance-twirl: d_max_clip=2.4577 -> m_abs_max=1.0000 mean=0.3770 clipped=3.4473% frac(m>0.5)=0.268
[ok] dino_unblended/edit4/0071_mallard-water: d_max_clip=1.5684 -> m_abs_max=1.0000 mean=0.3774 clipped=3.4651% frac(m>0.5)=0.267
[ok] dino_unblended/edit4/0072_dog-agility: d_max_clip=1.7859 -> m_abs_max=1.0000 mean=0.3781 clipped=3.3120% frac(m>0.5)=0.270
[ok] dino_unblended/edit4/0073_bmx-rider: d_max_clip=1.8291 -> m_abs_max=1.0000 mean=0.3777 clipped=3.2657% frac(m>0.5)=0.270
[ok] dino_unblended/edit4/0074_rhino: d_max_clip=1.6542 -> m_abs_max=1.0000 mean=0.3783 clipped=3.4509% frac(m>0.5)=0.271
[ok] dino_unblended/edit4/0075_A_bicycle: d_max_clip=1.9679 -> m_abs_max=1.0000 mean=0.3772 clipped=3.3689% frac(m>0.5)=0.265
[ok] dino_unblended/edit4/0076_A_rabbit: d_max_clip=1.7843 -> m_abs_max=1.0000 mean=0.3763 clipped=3.4259% frac(m>0.5)=0.268
[ok] dino_unblended/edit4/0077_A_hawk: d_max_clip=1.7287 -> m_abs_max=1.0000 mean=0.3781 clipped=3.5826% frac(m>0.5)=0.268
[ok] dino_unblended/edit4/0078_A_cat: d_max_clip=1.7137 -> m_abs_max=1.0000 mean=0.3767 clipped=3.1873% frac(m>0.5)=0.268
[ok] dino_unblended/edit4/0079_A_bus: d_max_clip=1.7458 -> m_abs_max=1.0000 mean=0.3771 clipped=3.3226% frac(m>0.5)=0.266
[ok] dino_unblended/edit4/0080_A_motorcycle: d_max_clip=1.7253 -> m_abs_max=1.0000 mean=0.3765 clipped=3.1838% frac(m>0.5)=0.267
[ok] dino_unblended/edit4/0081_A_horse: d_max_clip=1.6366 -> m_abs_max=1.0000 mean=0.3779 clipped=3.4651% frac(m>0.5)=0.268
[ok] dino_unblended/edit4/0082_A_tram: d_max_clip=1.8120 -> m_abs_max=1.0000 mean=0.3789 clipped=3.4544% frac(m>0.5)=0.269
[ok] dino_unblended/edit4/0083_A_boat: d_max_clip=1.5765 -> m_abs_max=1.0000 mean=0.3728 clipped=3.0769% frac(m>0.5)=0.264
[ok] dino_unblended/edit4/0084_A_squirrel: d_max_clip=1.4758 -> m_abs_max=1.0000 mean=0.3772 clipped=3.3583% frac(m>0.5)=0.268
[ok] dino_unblended/edit4/0085_A_tram: d_max_clip=1.6560 -> m_abs_max=1.0000 mean=0.3742 clipped=3.3226% frac(m>0.5)=0.264
[ok] dino_unblended/edit4/0086_A_red_sports_car: d_max_clip=1.4864 -> m_abs_max=1.0000 mean=0.3811 clipped=3.5684% frac(m>0.5)=0.274
[ok] dino_unblended/edit4/0087_A_seagull: d_max_clip=1.6661 -> m_abs_max=1.0000 mean=0.3742 clipped=3.2906% frac(m>0.5)=0.266
[ok] dino_unblended/edit4/0088_A_cyclist: d_max_clip=1.7806 -> m_abs_max=1.0000 mean=0.3776 clipped=3.3725% frac(m>0.5)=0.268
[ok] dino_unblended/edit4/0089_A_dog: d_max_clip=1.6499 -> m_abs_max=1.0000 mean=0.3776 clipped=3.4829% frac(m>0.5)=0.267
[ok] dino_unblended/edit4/0090_A_deer: d_max_clip=1.4368 -> m_abs_max=1.0000 mean=0.3783 clipped=3.4936% frac(m>0.5)=0.268
[ok] dino_unblended/edit4/0091_A_hawk: d_max_clip=1.7848 -> m_abs_max=1.0000 mean=0.3762 clipped=3.4509% frac(m>0.5)=0.267
[ok] dino_unblended/edit4/0092_A_fox: d_max_clip=1.9468 -> m_abs_max=1.0000 mean=0.3769 clipped=3.3405% frac(m>0.5)=0.269
[ok] dino_unblended/edit4/0093_A_helicopter: d_max_clip=1.3880 -> m_abs_max=1.0000 mean=0.3764 clipped=3.4437% frac(m>0.5)=0.267
[ok] dino_unblended/edit4/0094_A_swan: d_max_clip=1.8975 -> m_abs_max=1.0000 mean=0.3746 clipped=3.3832% frac(m>0.5)=0.263
[ok] dino_unblended/edit4/0095_A_crow: d_max_clip=1.6877 -> m_abs_max=1.0000 mean=0.3779 clipped=3.3084% frac(m>0.5)=0.268
[ok] dino_unblended/edit4/0096_A_car: d_max_clip=1.6096 -> m_abs_max=1.0000 mean=0.3761 clipped=3.4473% frac(m>0.5)=0.266
[ok] dino_unblended/edit4/0097_A_bird: d_max_clip=1.9439 -> m_abs_max=1.0000 mean=0.3757 clipped=3.4224% frac(m>0.5)=0.268
[ok] dino_unblended/edit4/0098_A_squirrel: d_max_clip=1.7577 -> m_abs_max=1.0000 mean=0.3747 clipped=3.4330% frac(m>0.5)=0.264
[ok] dino_unblended/edit4/0099_A_jogger: d_max_clip=1.4764 -> m_abs_max=1.0000 mean=0.3770 clipped=3.3903% frac(m>0.5)=0.265
[ok] dino_unblended/edit4/0100_A_deer: d_max_clip=1.8787 -> m_abs_max=1.0000 mean=0.3783 clipped=3.3654% frac(m>0.5)=0.270
[ok] dino_unblended/edit5/0007_guitar-violin: d_max_clip=1.8031 -> m_abs_max=1.0000 mean=0.3757 clipped=3.5826% frac(m>0.5)=0.267
[ok] dino_unblended/edit5/0009_bear: d_max_clip=1.8207 -> m_abs_max=1.0000 mean=0.3757 clipped=3.5328% frac(m>0.5)=0.265
[ok] dino_unblended/edit5/0011_lucia: d_max_clip=1.5736 -> m_abs_max=1.0000 mean=0.3772 clipped=3.3832% frac(m>0.5)=0.267
[ok] dino_unblended/edit5/0019_tennis-vest: d_max_clip=1.5558 -> m_abs_max=1.0000 mean=0.3774 clipped=3.4152% frac(m>0.5)=0.269
[ok] dino_unblended/edit5/0034_cows: d_max_clip=1.8352 -> m_abs_max=1.0000 mean=0.3777 clipped=3.4793% frac(m>0.5)=0.269
[ok] dino_unblended/edit5/0036_camel: d_max_clip=1.7487 -> m_abs_max=1.0000 mean=0.3759 clipped=3.3226% frac(m>0.5)=0.268
[ok] dino_unblended/edit5/0057_dog: d_max_clip=1.6771 -> m_abs_max=1.0000 mean=0.3825 clipped=3.5719% frac(m>0.5)=0.276
[ok] dino_unblended/edit5/0069_car-turn: d_max_clip=1.5499 -> m_abs_max=1.0000 mean=0.3757 clipped=3.3725% frac(m>0.5)=0.265
[ok] dino_unblended/edit5/0089_A_dog: d_max_clip=1.7887 -> m_abs_max=1.0000 mean=0.3742 clipped=3.3654% frac(m>0.5)=0.262
[ok] dino_unblended/edit6/0002_girl-dog: d_max_clip=1.5981 -> m_abs_max=1.0000 mean=0.3761 clipped=3.4687% frac(m>0.5)=0.264
[ok] dino_unblended/edit6/0017_kid-football: d_max_clip=1.8524 -> m_abs_max=1.0000 mean=0.3764 clipped=3.5541% frac(m>0.5)=0.269
[ok] dino_unblended/edit6/0025_baseball: d_max_clip=1.6201 -> m_abs_max=1.0000 mean=0.3778 clipped=3.6289% frac(m>0.5)=0.267
[ok] dino_unblended/edit6/0041_longboard: d_max_clip=1.6304 -> m_abs_max=1.0000 mean=0.3748 clipped=3.4722% frac(m>0.5)=0.264
[ok] dino_unblended/edit6/0042_gym-ball: d_max_clip=1.5690 -> m_abs_max=1.0000 mean=0.3738 clipped=3.2372% frac(m>0.5)=0.264
[ok] dino_unblended/edit6/0048_hike: d_max_clip=1.7688 -> m_abs_max=1.0000 mean=0.3784 clipped=3.4366% frac(m>0.5)=0.268
[ok] dino_unblended/edit6/0051_dogs-jump: d_max_clip=1.6359 -> m_abs_max=1.0000 mean=0.3746 clipped=3.3547% frac(m>0.5)=0.263
[ok] dino_unblended/edit6/0055_pigs: d_max_clip=1.6179 -> m_abs_max=1.0000 mean=0.3776 clipped=3.4188% frac(m>0.5)=0.268
[ok] dino_unblended/edit6/0078_A_cat: d_max_clip=1.5803 -> m_abs_max=1.0000 mean=0.3782 clipped=3.5185% frac(m>0.5)=0.268
[ok] dino_unblended/edit6/0088_A_cyclist: d_max_clip=1.3865 -> m_abs_max=1.0000 mean=0.3766 clipped=3.3939% frac(m>0.5)=0.265

[r31_div_abs] done: 419/419 ok -> /home/ids/skhairi/Data/dataggen/outputs/five_bench/_r35_absnorm_smoke/div_abs
[r31_rho_map] div_root=/home/ids/skhairi/Data/dataggen/outputs/five_bench/_r35_absnorm_smoke/div_abs/dino_unblended
[r31_rho_map] STAGE-3 schedule: step=15 flow_shift=1.0 (stage 1's 7 steps are irrelevant here)
[r31_rho_map] tau=[2.0, 50.0] => A_disc=[0.300415, 0.002131]
[ok] edit1/0001_bus: rho (18, 1560) range [2.003, 50.000] mean 5.802 -> /home/ids/skhairi/Data/dataggen/outputs/five_bench/_r35_absnorm_smoke/rho/dino_unblended/edit1/0001_bus.npz
[ok] edit1/0002_girl-dog: rho (18, 1560) range [2.004, 50.000] mean 5.794 -> /home/ids/skhairi/Data/dataggen/outputs/five_bench/_r35_absnorm_smoke/rho/dino_unblended/edit1/0002_girl-dog.npz
[ok] edit1/0003_ocean-birds: rho (18, 1560) range [2.003, 50.000] mean 5.830 -> /home/ids/skhairi/Data/dataggen/outputs/five_bench/_r35_absnorm_smoke/rho/dino_unblended/edit1/0003_ocean-birds.npz
[ok] edit1/0004_car-roundabout: rho (18, 1560) range [2.003, 50.000] mean 5.786 -> /home/ids/skhairi/Data/dataggen/outputs/five_bench/_r35_absnorm_smoke/rho/dino_unblended/edit1/0004_car-roundabout.npz
[ok] edit1/0005_breakdance: rho (18, 1560) range [2.002, 50.000] mean 5.788 -> /home/ids/skhairi/Data/dataggen/outputs/five_bench/_r35_absnorm_smoke/rho/dino_unblended/edit1/0005_breakdance.npz
[ok] edit1/0006_paragliding: rho (18, 1560) range [2.005, 50.000] mean 5.903 -> /home/ids/skhairi/Data/dataggen/outputs/five_bench/_r35_absnorm_smoke/rho/dino_unblended/edit1/0006_paragliding.npz
[ok] edit1/0007_guitar-violin: rho (18, 1560) range [2.002, 50.000] mean 5.827 -> /home/ids/skhairi/Data/dataggen/outputs/five_bench/_r35_absnorm_smoke/rho/dino_unblended/edit1/0007_guitar-violin.npz
[ok] edit1/0008_snowboard-race: rho (18, 1560) range [2.002, 50.000] mean 5.792 -> /home/ids/skhairi/Data/dataggen/outputs/five_bench/_r35_absnorm_smoke/rho/dino_unblended/edit1/0008_snowboard-race.npz
[ok] edit1/0009_bear: rho (18, 1560) range [2.004, 50.000] mean 5.865 -> /home/ids/skhairi/Data/dataggen/outputs/five_bench/_r35_absnorm_smoke/rho/dino_unblended/edit1/0009_bear.npz
[ok] edit1/0010_giant-slalom: rho (18, 1560) range [2.002, 50.000] mean 5.770 -> /home/ids/skhairi/Data/dataggen/outputs/five_bench/_r35_absnorm_smoke/rho/dino_unblended/edit1/0010_giant-slalom.npz
[ok] edit1/0011_lucia: rho (18, 1560) range [2.005, 50.000] mean 5.875 -> /home/ids/skhairi/Data/dataggen/outputs/five_bench/_r35_absnorm_smoke/rho/dino_unblended/edit1/0011_lucia.npz
[ok] edit1/0012_goat: rho (18, 1560) range [2.005, 50.000] mean 5.819 -> /home/ids/skhairi/Data/dataggen/outputs/five_bench/_r35_absnorm_smoke/rho/dino_unblended/edit1/0012_goat.npz
[ok] edit1/0013_golf: rho (18, 1560) range [2.007, 50.000] mean 5.809 -> /home/ids/skhairi/Data/dataggen/outputs/five_bench/_r35_absnorm_smoke/rho/dino_unblended/edit1/0013_golf.npz
[ok] edit1/0014_burnout: rho (18, 1560) range [2.003, 50.000] mean 5.839 -> /home/ids/skhairi/Data/dataggen/outputs/five_bench/_r35_absnorm_smoke/rho/dino_unblended/edit1/0014_burnout.npz
[ok] edit1/0015_car-shadow: rho (18, 1560) range [2.004, 50.000] mean 5.908 -> /home/ids/skhairi/Data/dataggen/outputs/five_bench/_r35_absnorm_smoke/rho/dino_unblended/edit1/0015_car-shadow.npz
[ok] edit1/0016_horsejump-high: rho (18, 1560) range [2.002, 50.000] mean 5.857 -> /home/ids/skhairi/Data/dataggen/outputs/five_bench/_r35_absnorm_smoke/rho/dino_unblended/edit1/0016_horsejump-high.npz
[ok] edit1/0017_kid-football: rho (18, 1560) range [2.005, 50.000] mean 5.938 -> /home/ids/skhairi/Data/dataggen/outputs/five_bench/_r35_absnorm_smoke/rho/dino_unblended/edit1/0017_kid-football.npz
[ok] edit1/0018_breakdance-flare: rho (18, 1560) range [2.006, 50.000] mean 5.802 -> /home/ids/skhairi/Data/dataggen/outputs/five_bench/_r35_absnorm_smoke/rho/dino_unblended/edit1/0018_breakdance-flare.npz
[ok] edit1/0019_tennis-vest: rho (18, 1560) range [2.004, 50.000] mean 5.763 -> /home/ids/skhairi/Data/dataggen/outputs/five_bench/_r35_absnorm_smoke/rho/dino_unblended/edit1/0019_tennis-vest.npz
[ok] edit1/0020_monkeys: rho (18, 1560) range [2.001, 50.000] mean 5.783 -> /home/ids/skhairi/Data/dataggen/outputs/five_bench/_r35_absnorm_smoke/rho/dino_unblended/edit1/0020_monkeys.npz
[ok] edit1/0021_landing: rho (18, 1560) range [2.003, 50.000] mean 5.780 -> /home/ids/skhairi/Data/dataggen/outputs/five_bench/_r35_absnorm_smoke/rho/dino_unblended/edit1/0021_landing.npz
[ok] edit1/0022_skate-jump: rho (18, 1560) range [2.006, 50.000] mean 5.759 -> /home/ids/skhairi/Data/dataggen/outputs/five_bench/_r35_absnorm_smoke/rho/dino_unblended/edit1/0022_skate-jump.npz
[ok] edit1/0023_kayak-race: rho (18, 1560) range [2.002, 50.000] mean 5.904 -> /home/ids/skhairi/Data/dataggen/outputs/five_bench/_r35_absnorm_smoke/rho/dino_unblended/edit1/0023_kayak-race.npz
[ok] edit1/0024_hockey: rho (18, 1560) range [2.002, 50.000] mean 5.780 -> /home/ids/skhairi/Data/dataggen/outputs/five_bench/_r35_absnorm_smoke/rho/dino_unblended/edit1/0024_hockey.npz
[ok] edit1/0025_baseball: rho (18, 1560) range [2.001, 50.000] mean 5.795 -> /home/ids/skhairi/Data/dataggen/outputs/five_bench/_r35_absnorm_smoke/rho/dino_unblended/edit1/0025_baseball.npz
[ok] edit1/0026_table-tennis: rho (18, 1560) range [2.002, 50.000] mean 5.793 -> /home/ids/skhairi/Data/dataggen/outputs/five_bench/_r35_absnorm_smoke/rho/dino_unblended/edit1/0026_table-tennis.npz
[ok] edit1/0027_dance-jump: rho (18, 1560) range [2.004, 50.000] mean 5.867 -> /home/ids/skhairi/Data/dataggen/outputs/five_bench/_r35_absnorm_smoke/rho/dino_unblended/edit1/0027_dance-jump.npz
[ok] edit1/0028_kite-walk: rho (18, 1560) range [2.002, 50.000] mean 5.804 -> /home/ids/skhairi/Data/dataggen/outputs/five_bench/_r35_absnorm_smoke/rho/dino_unblended/edit1/0028_kite-walk.npz
[ok] edit1/0029_horsejump-stick: rho (18, 1560) range [2.003, 50.000] mean 5.784 -> /home/ids/skhairi/Data/dataggen/outputs/five_bench/_r35_absnorm_smoke/rho/dino_unblended/edit1/0029_horsejump-stick.npz
[ok] edit1/0030_rallye: rho (18, 1560) range [2.002, 50.000] mean 5.866 -> /home/ids/skhairi/Data/dataggen/outputs/five_bench/_r35_absnorm_smoke/rho/dino_unblended/edit1/0030_rallye.npz
[ok] edit1/0031_soccerball: rho (18, 1560) range [2.007, 50.000] mean 5.786 -> /home/ids/skhairi/Data/dataggen/outputs/five_bench/_r35_absnorm_smoke/rho/dino_unblended/edit1/0031_soccerball.npz
[ok] edit1/0032_mermaid: rho (18, 1560) range [2.002, 50.000] mean 5.896 -> /home/ids/skhairi/Data/dataggen/outputs/five_bench/_r35_absnorm_smoke/rho/dino_unblended/edit1/0032_mermaid.npz
[ok] edit1/0033_horsejump-low: rho (18, 1560) range [2.005, 50.000] mean 5.844 -> /home/ids/skhairi/Data/dataggen/outputs/five_bench/_r35_absnorm_smoke/rho/dino_unblended/edit1/0033_horsejump-low.npz
[ok] edit1/0034_cows: rho (18, 1560) range [2.003, 50.000] mean 5.856 -> /home/ids/skhairi/Data/dataggen/outputs/five_bench/_r35_absnorm_smoke/rho/dino_unblended/edit1/0034_cows.npz
[ok] edit1/0035_helicopter: rho (18, 1560) range [2.005, 50.000] mean 5.785 -> /home/ids/skhairi/Data/dataggen/outputs/five_bench/_r35_absnorm_smoke/rho/dino_unblended/edit1/0035_helicopter.npz
[ok] edit1/0036_camel: rho (18, 1560) range [2.002, 50.000] mean 5.822 -> /home/ids/skhairi/Data/dataggen/outputs/five_bench/_r35_absnorm_smoke/rho/dino_unblended/edit1/0036_camel.npz
[ok] edit1/0037_snowboard-sand: rho (18, 1560) range [2.003, 50.000] mean 5.762 -> /home/ids/skhairi/Data/dataggen/outputs/five_bench/_r35_absnorm_smoke/rho/dino_unblended/edit1/0037_snowboard-sand.npz
[ok] edit1/0038_motorbike: rho (18, 1560) range [2.001, 50.000] mean 5.834 -> /home/ids/skhairi/Data/dataggen/outputs/five_bench/_r35_absnorm_smoke/rho/dino_unblended/edit1/0038_motorbike.npz
[ok] edit1/0039_chamaleon: rho (18, 1560) range [2.003, 50.000] mean 5.821 -> /home/ids/skhairi/Data/dataggen/outputs/five_bench/_r35_absnorm_smoke/rho/dino_unblended/edit1/0039_chamaleon.npz
[ok] edit1/0040_tennis: rho (18, 1560) range [2.004, 50.000] mean 5.831 -> /home/ids/skhairi/Data/dataggen/outputs/five_bench/_r35_absnorm_smoke/rho/dino_unblended/edit1/0040_tennis.npz
[ok] edit1/0041_longboard: rho (18, 1560) range [2.004, 50.000] mean 5.757 -> /home/ids/skhairi/Data/dataggen/outputs/five_bench/_r35_absnorm_smoke/rho/dino_unblended/edit1/0041_longboard.npz
[ok] edit1/0042_gym-ball: rho (18, 1560) range [2.005, 50.000] mean 5.848 -> /home/ids/skhairi/Data/dataggen/outputs/five_bench/_r35_absnorm_smoke/rho/dino_unblended/edit1/0042_gym-ball.npz
[ok] edit1/0043_parkour: rho (18, 1560) range [2.005, 50.000] mean 5.810 -> /home/ids/skhairi/Data/dataggen/outputs/five_bench/_r35_absnorm_smoke/rho/dino_unblended/edit1/0043_parkour.npz
[ok] edit1/0044_snowboard: rho (18, 1560) range [2.007, 50.000] mean 5.740 -> /home/ids/skhairi/Data/dataggen/outputs/five_bench/_r35_absnorm_smoke/rho/dino_unblended/edit1/0044_snowboard.npz
[ok] edit1/0045_butterfly: rho (18, 1560) range [2.004, 50.000] mean 5.757 -> /home/ids/skhairi/Data/dataggen/outputs/five_bench/_r35_absnorm_smoke/rho/dino_unblended/edit1/0045_butterfly.npz
[ok] edit1/0046_blackswan: rho (18, 1560) range [2.004, 50.000] mean 5.813 -> /home/ids/skhairi/Data/dataggen/outputs/five_bench/_r35_absnorm_smoke/rho/dino_unblended/edit1/0046_blackswan.npz
[ok] edit1/0047_judo: rho (18, 1560) range [2.001, 50.000] mean 5.906 -> /home/ids/skhairi/Data/dataggen/outputs/five_bench/_r35_absnorm_smoke/rho/dino_unblended/edit1/0047_judo.npz
[ok] edit1/0048_hike: rho (18, 1560) range [2.003, 50.000] mean 5.732 -> /home/ids/skhairi/Data/dataggen/outputs/five_bench/_r35_absnorm_smoke/rho/dino_unblended/edit1/0048_hike.npz
[ok] edit1/0049_speed-skating: rho (18, 1560) range [2.003, 50.000] mean 5.782 -> /home/ids/skhairi/Data/dataggen/outputs/five_bench/_r35_absnorm_smoke/rho/dino_unblended/edit1/0049_speed-skating.npz
[ok] edit1/0050_slackline: rho (18, 1560) range [2.004, 50.000] mean 5.874 -> /home/ids/skhairi/Data/dataggen/outputs/five_bench/_r35_absnorm_smoke/rho/dino_unblended/edit1/0050_slackline.npz
[ok] edit1/0051_dogs-jump: rho (18, 1560) range [2.004, 50.000] mean 5.831 -> /home/ids/skhairi/Data/dataggen/outputs/five_bench/_r35_absnorm_smoke/rho/dino_unblended/edit1/0051_dogs-jump.npz
[ok] edit1/0052_mallard-fly: rho (18, 1560) range [2.002, 50.000] mean 5.802 -> /home/ids/skhairi/Data/dataggen/outputs/five_bench/_r35_absnorm_smoke/rho/dino_unblended/edit1/0052_mallard-fly.npz
[ok] edit1/0053_swing: rho (18, 1560) range [2.006, 50.000] mean 5.845 -> /home/ids/skhairi/Data/dataggen/outputs/five_bench/_r35_absnorm_smoke/rho/dino_unblended/edit1/0053_swing.npz
[ok] edit1/0054_train: rho (18, 1560) range [2.007, 50.000] mean 5.726 -> /home/ids/skhairi/Data/dataggen/outputs/five_bench/_r35_absnorm_smoke/rho/dino_unblended/edit1/0054_train.npz
[ok] edit1/0055_pigs: rho (18, 1560) range [2.005, 50.000] mean 5.758 -> /home/ids/skhairi/Data/dataggen/outputs/five_bench/_r35_absnorm_smoke/rho/dino_unblended/edit1/0055_pigs.npz
[ok] edit1/0056_kart-turn: rho (18, 1560) range [2.002, 50.000] mean 5.749 -> /home/ids/skhairi/Data/dataggen/outputs/five_bench/_r35_absnorm_smoke/rho/dino_unblended/edit1/0056_kart-turn.npz
[ok] edit1/0057_dog: rho (18, 1560) range [2.002, 50.000] mean 5.848 -> /home/ids/skhairi/Data/dataggen/outputs/five_bench/_r35_absnorm_smoke/rho/dino_unblended/edit1/0057_dog.npz
[ok] edit1/0058_boat: rho (18, 1560) range [2.003, 50.000] mean 5.836 -> /home/ids/skhairi/Data/dataggen/outputs/five_bench/_r35_absnorm_smoke/rho/dino_unblended/edit1/0058_boat.npz
[ok] edit1/0059_drift-straight: rho (18, 1560) range [2.002, 50.000] mean 5.825 -> /home/ids/skhairi/Data/dataggen/outputs/five_bench/_r35_absnorm_smoke/rho/dino_unblended/edit1/0059_drift-straight.npz
[ok] edit1/0060_motocross-bumps: rho (18, 1560) range [2.009, 50.000] mean 5.796 -> /home/ids/skhairi/Data/dataggen/outputs/five_bench/_r35_absnorm_smoke/rho/dino_unblended/edit1/0060_motocross-bumps.npz
[ok] edit1/0061_mbike-santa: rho (18, 1560) range [2.003, 50.000] mean 5.830 -> /home/ids/skhairi/Data/dataggen/outputs/five_bench/_r35_absnorm_smoke/rho/dino_unblended/edit1/0061_mbike-santa.npz
[ok] edit1/0062_elephant: rho (18, 1560) range [2.005, 50.000] mean 5.703 -> /home/ids/skhairi/Data/dataggen/outputs/five_bench/_r35_absnorm_smoke/rho/dino_unblended/edit1/0062_elephant.npz
[ok] edit1/0063_drift-turn: rho (18, 1560) range [2.002, 50.000] mean 5.772 -> /home/ids/skhairi/Data/dataggen/outputs/five_bench/_r35_absnorm_smoke/rho/dino_unblended/edit1/0063_drift-turn.npz
[ok] edit1/0064_rollerblade: rho (18, 1560) range [2.004, 50.000] mean 5.859 -> /home/ids/skhairi/Data/dataggen/outputs/five_bench/_r35_absnorm_smoke/rho/dino_unblended/edit1/0064_rollerblade.npz
[ok] edit1/0065_twist-dance: rho (18, 1560) range [2.005, 50.000] mean 5.762 -> /home/ids/skhairi/Data/dataggen/outputs/five_bench/_r35_absnorm_smoke/rho/dino_unblended/edit1/0065_twist-dance.npz
[ok] edit1/0066_deer: rho (18, 1560) range [2.003, 50.000] mean 5.860 -> /home/ids/skhairi/Data/dataggen/outputs/five_bench/_r35_absnorm_smoke/rho/dino_unblended/edit1/0066_deer.npz
[ok] edit1/0067_mbike-trick: rho (18, 1560) range [2.007, 50.000] mean 5.891 -> /home/ids/skhairi/Data/dataggen/outputs/five_bench/_r35_absnorm_smoke/rho/dino_unblended/edit1/0067_mbike-trick.npz
[ok] edit1/0068_planes-water: rho (18, 1560) range [2.004, 50.000] mean 5.775 -> /home/ids/skhairi/Data/dataggen/outputs/five_bench/_r35_absnorm_smoke/rho/dino_unblended/edit1/0068_planes-water.npz
[ok] edit1/0069_car-turn: rho (18, 1560) range [2.001, 50.000] mean 5.748 -> /home/ids/skhairi/Data/dataggen/outputs/five_bench/_r35_absnorm_smoke/rho/dino_unblended/edit1/0069_car-turn.npz
[ok] edit1/0070_dance-twirl: rho (18, 1560) range [2.001, 50.000] mean 5.921 -> /home/ids/skhairi/Data/dataggen/outputs/five_bench/_r35_absnorm_smoke/rho/dino_unblended/edit1/0070_dance-twirl.npz
[ok] edit1/0071_mallard-water: rho (18, 1560) range [2.007, 50.000] mean 5.895 -> /home/ids/skhairi/Data/dataggen/outputs/five_bench/_r35_absnorm_smoke/rho/dino_unblended/edit1/0071_mallard-water.npz
[ok] edit1/0072_dog-agility: rho (18, 1560) range [2.006, 50.000] mean 5.782 -> /home/ids/skhairi/Data/dataggen/outputs/five_bench/_r35_absnorm_smoke/rho/dino_unblended/edit1/0072_dog-agility.npz
[ok] edit1/0073_bmx-rider: rho (18, 1560) range [2.006, 50.000] mean 5.756 -> /home/ids/skhairi/Data/dataggen/outputs/five_bench/_r35_absnorm_smoke/rho/dino_unblended/edit1/0073_bmx-rider.npz
[ok] edit1/0074_rhino: rho (18, 1560) range [2.001, 50.000] mean 5.825 -> /home/ids/skhairi/Data/dataggen/outputs/five_bench/_r35_absnorm_smoke/rho/dino_unblended/edit1/0074_rhino.npz
[ok] edit1/0075_A_bicycle: rho (18, 1560) range [2.003, 50.000] mean 5.782 -> /home/ids/skhairi/Data/dataggen/outputs/five_bench/_r35_absnorm_smoke/rho/dino_unblended/edit1/0075_A_bicycle.npz
[ok] edit1/0076_A_rabbit: rho (18, 1560) range [2.003, 50.000] mean 5.805 -> /home/ids/skhairi/Data/dataggen/outputs/five_bench/_r35_absnorm_smoke/rho/dino_unblended/edit1/0076_A_rabbit.npz
[ok] edit1/0077_A_hawk: rho (18, 1560) range [2.001, 50.000] mean 5.831 -> /home/ids/skhairi/Data/dataggen/outputs/five_bench/_r35_absnorm_smoke/rho/dino_unblended/edit1/0077_A_hawk.npz
[ok] edit1/0078_A_cat: rho (18, 1560) range [2.005, 50.000] mean 5.952 -> /home/ids/skhairi/Data/dataggen/outputs/five_bench/_r35_absnorm_smoke/rho/dino_unblended/edit1/0078_A_cat.npz
[ok] edit1/0079_A_bus: rho (18, 1560) range [2.001, 50.000] mean 5.852 -> /home/ids/skhairi/Data/dataggen/outputs/five_bench/_r35_absnorm_smoke/rho/dino_unblended/edit1/0079_A_bus.npz
[ok] edit1/0080_A_motorcycle: rho (18, 1560) range [2.003, 50.000] mean 5.820 -> /home/ids/skhairi/Data/dataggen/outputs/five_bench/_r35_absnorm_smoke/rho/dino_unblended/edit1/0080_A_motorcycle.npz
[ok] edit1/0081_A_horse: rho (18, 1560) range [2.005, 50.000] mean 5.759 -> /home/ids/skhairi/Data/dataggen/outputs/five_bench/_r35_absnorm_smoke/rho/dino_unblended/edit1/0081_A_horse.npz
[ok] edit1/0082_A_tram: rho (18, 1560) range [2.009, 50.000] mean 5.885 -> /home/ids/skhairi/Data/dataggen/outputs/five_bench/_r35_absnorm_smoke/rho/dino_unblended/edit1/0082_A_tram.npz
[ok] edit1/0083_A_boat: rho (18, 1560) range [2.005, 50.000] mean 5.854 -> /home/ids/skhairi/Data/dataggen/outputs/five_bench/_r35_absnorm_smoke/rho/dino_unblended/edit1/0083_A_boat.npz
[ok] edit1/0084_A_squirrel: rho (18, 1560) range [2.007, 50.000] mean 5.839 -> /home/ids/skhairi/Data/dataggen/outputs/five_bench/_r35_absnorm_smoke/rho/dino_unblended/edit1/0084_A_squirrel.npz
[ok] edit1/0085_A_tram: rho (18, 1560) range [2.005, 50.000] mean 5.863 -> /home/ids/skhairi/Data/dataggen/outputs/five_bench/_r35_absnorm_smoke/rho/dino_unblended/edit1/0085_A_tram.npz
[ok] edit1/0086_A_red_sports_car: rho (18, 1560) range [2.003, 50.000] mean 5.907 -> /home/ids/skhairi/Data/dataggen/outputs/five_bench/_r35_absnorm_smoke/rho/dino_unblended/edit1/0086_A_red_sports_car.npz
[ok] edit1/0087_A_seagull: rho (18, 1560) range [2.005, 50.000] mean 5.925 -> /home/ids/skhairi/Data/dataggen/outputs/five_bench/_r35_absnorm_smoke/rho/dino_unblended/edit1/0087_A_seagull.npz
[ok] edit1/0088_A_cyclist: rho (18, 1560) range [2.005, 50.000] mean 5.895 -> /home/ids/skhairi/Data/dataggen/outputs/five_bench/_r35_absnorm_smoke/rho/dino_unblended/edit1/0088_A_cyclist.npz
[ok] edit1/0089_A_dog: rho (18, 1560) range [2.004, 50.000] mean 5.839 -> /home/ids/skhairi/Data/dataggen/outputs/five_bench/_r35_absnorm_smoke/rho/dino_unblended/edit1/0089_A_dog.npz
[ok] edit1/0090_A_deer: rho (18, 1560) range [2.003, 50.000] mean 5.873 -> /home/ids/skhairi/Data/dataggen/outputs/five_bench/_r35_absnorm_smoke/rho/dino_unblended/edit1/0090_A_deer.npz
[ok] edit1/0091_A_hawk: rho (18, 1560) range [2.003, 50.000] mean 5.828 -> /home/ids/skhairi/Data/dataggen/outputs/five_bench/_r35_absnorm_smoke/rho/dino_unblended/edit1/0091_A_hawk.npz
[ok] edit1/0092_A_fox: rho (18, 1560) range [2.004, 50.000] mean 5.747 -> /home/ids/skhairi/Data/dataggen/outputs/five_bench/_r35_absnorm_smoke/rho/dino_unblended/edit1/0092_A_fox.npz
[ok] edit1/0093_A_helicopter: rho (18, 1560) range [2.004, 50.000] mean 5.819 -> /home/ids/skhairi/Data/dataggen/outputs/five_bench/_r35_absnorm_smoke/rho/dino_unblended/edit1/0093_A_helicopter.npz
[ok] edit1/0094_A_swan: rho (18, 1560) range [2.002, 50.000] mean 5.853 -> /home/ids/skhairi/Data/dataggen/outputs/five_bench/_r35_absnorm_smoke/rho/dino_unblended/edit1/0094_A_swan.npz
[ok] edit1/0095_A_crow: rho (18, 1560) range [2.003, 50.000] mean 5.831 -> /home/ids/skhairi/Data/dataggen/outputs/five_bench/_r35_absnorm_smoke/rho/dino_unblended/edit1/0095_A_crow.npz
[ok] edit1/0096_A_car: rho (18, 1560) range [2.001, 50.000] mean 5.738 -> /home/ids/skhairi/Data/dataggen/outputs/five_bench/_r35_absnorm_smoke/rho/dino_unblended/edit1/0096_A_car.npz
[ok] edit1/0097_A_bird: rho (18, 1560) range [2.003, 50.000] mean 5.765 -> /home/ids/skhairi/Data/dataggen/outputs/five_bench/_r35_absnorm_smoke/rho/dino_unblended/edit1/0097_A_bird.npz
[ok] edit1/0098_A_squirrel: rho (18, 1560) range [2.002, 50.000] mean 5.757 -> /home/ids/skhairi/Data/dataggen/outputs/five_bench/_r35_absnorm_smoke/rho/dino_unblended/edit1/0098_A_squirrel.npz
[ok] edit1/0099_A_jogger: rho (18, 1560) range [2.005, 50.000] mean 5.844 -> /home/ids/skhairi/Data/dataggen/outputs/five_bench/_r35_absnorm_smoke/rho/dino_unblended/edit1/0099_A_jogger.npz
[ok] edit1/0100_A_deer: rho (18, 1560) range [2.003, 50.000] mean 5.939 -> /home/ids/skhairi/Data/dataggen/outputs/five_bench/_r35_absnorm_smoke/rho/dino_unblended/edit1/0100_A_deer.npz
[ok] edit2/0001_bus: rho (18, 1560) range [2.004, 50.000] mean 5.796 -> /home/ids/skhairi/Data/dataggen/outputs/five_bench/_r35_absnorm_smoke/rho/dino_unblended/edit2/0001_bus.npz
[ok] edit2/0002_girl-dog: rho (18, 1560) range [2.003, 50.000] mean 5.784 -> /home/ids/skhairi/Data/dataggen/outputs/five_bench/_r35_absnorm_smoke/rho/dino_unblended/edit2/0002_girl-dog.npz
[ok] edit2/0003_ocean-birds: rho (18, 1560) range [2.002, 50.000] mean 5.871 -> /home/ids/skhairi/Data/dataggen/outputs/five_bench/_r35_absnorm_smoke/rho/dino_unblended/edit2/0003_ocean-birds.npz
[ok] edit2/0004_car-roundabout: rho (18, 1560) range [2.003, 50.000] mean 5.861 -> /home/ids/skhairi/Data/dataggen/outputs/five_bench/_r35_absnorm_smoke/rho/dino_unblended/edit2/0004_car-roundabout.npz
[ok] edit2/0005_breakdance: rho (18, 1560) range [2.009, 50.000] mean 5.792 -> /home/ids/skhairi/Data/dataggen/outputs/five_bench/_r35_absnorm_smoke/rho/dino_unblended/edit2/0005_breakdance.npz
[ok] edit2/0006_paragliding: rho (18, 1560) range [2.006, 50.000] mean 5.880 -> /home/ids/skhairi/Data/dataggen/outputs/five_bench/_r35_absnorm_smoke/rho/dino_unblended/edit2/0006_paragliding.npz
[ok] edit2/0007_guitar-violin: rho (18, 1560) range [2.004, 50.000] mean 5.867 -> /home/ids/skhairi/Data/dataggen/outputs/five_bench/_r35_absnorm_smoke/rho/dino_unblended/edit2/0007_guitar-violin.npz
[ok] edit2/0008_snowboard-race: rho (18, 1560) range [2.004, 50.000] mean 5.804 -> /home/ids/skhairi/Data/dataggen/outputs/five_bench/_r35_absnorm_smoke/rho/dino_unblended/edit2/0008_snowboard-race.npz
[ok] edit2/0009_bear: rho (18, 1560) range [2.001, 50.000] mean 5.805 -> /home/ids/skhairi/Data/dataggen/outputs/five_bench/_r35_absnorm_smoke/rho/dino_unblended/edit2/0009_bear.npz
[ok] edit2/0010_giant-slalom: rho (18, 1560) range [2.004, 50.000] mean 5.845 -> /home/ids/skhairi/Data/dataggen/outputs/five_bench/_r35_absnorm_smoke/rho/dino_unblended/edit2/0010_giant-slalom.npz
[ok] edit2/0011_lucia: rho (18, 1560) range [2.004, 50.000] mean 5.869 -> /home/ids/skhairi/Data/dataggen/outputs/five_bench/_r35_absnorm_smoke/rho/dino_unblended/edit2/0011_lucia.npz
[ok] edit2/0012_goat: rho (18, 1560) range [2.004, 50.000] mean 5.781 -> /home/ids/skhairi/Data/dataggen/outputs/five_bench/_r35_absnorm_smoke/rho/dino_unblended/edit2/0012_goat.npz
[ok] edit2/0013_golf: rho (18, 1560) range [2.002, 50.000] mean 5.780 -> /home/ids/skhairi/Data/dataggen/outputs/five_bench/_r35_absnorm_smoke/rho/dino_unblended/edit2/0013_golf.npz
[ok] edit2/0014_burnout: rho (18, 1560) range [2.004, 50.000] mean 5.758 -> /home/ids/skhairi/Data/dataggen/outputs/five_bench/_r35_absnorm_smoke/rho/dino_unblended/edit2/0014_burnout.npz
[ok] edit2/0015_car-shadow: rho (18, 1560) range [2.006, 50.000] mean 5.839 -> /home/ids/skhairi/Data/dataggen/outputs/five_bench/_r35_absnorm_smoke/rho/dino_unblended/edit2/0015_car-shadow.npz
[ok] edit2/0016_horsejump-high: rho (18, 1560) range [2.006, 50.000] mean 5.829 -> /home/ids/skhairi/Data/dataggen/outputs/five_bench/_r35_absnorm_smoke/rho/dino_unblended/edit2/0016_horsejump-high.npz
[ok] edit2/0017_kid-football: rho (18, 1560) range [2.006, 50.000] mean 5.833 -> /home/ids/skhairi/Data/dataggen/outputs/five_bench/_r35_absnorm_smoke/rho/dino_unblended/edit2/0017_kid-football.npz
[ok] edit2/0018_breakdance-flare: rho (18, 1560) range [2.004, 50.000] mean 5.758 -> /home/ids/skhairi/Data/dataggen/outputs/five_bench/_r35_absnorm_smoke/rho/dino_unblended/edit2/0018_breakdance-flare.npz
[ok] edit2/0019_tennis-vest: rho (18, 1560) range [2.003, 50.000] mean 5.810 -> /home/ids/skhairi/Data/dataggen/outputs/five_bench/_r35_absnorm_smoke/rho/dino_unblended/edit2/0019_tennis-vest.npz
[ok] edit2/0020_monkeys: rho (18, 1560) range [2.006, 50.000] mean 5.767 -> /home/ids/skhairi/Data/dataggen/outputs/five_bench/_r35_absnorm_smoke/rho/dino_unblended/edit2/0020_monkeys.npz
[ok] edit2/0021_landing: rho (18, 1560) range [2.003, 50.000] mean 5.892 -> /home/ids/skhairi/Data/dataggen/outputs/five_bench/_r35_absnorm_smoke/rho/dino_unblended/edit2/0021_landing.npz
[ok] edit2/0022_skate-jump: rho (18, 1560) range [2.007, 50.000] mean 5.725 -> /home/ids/skhairi/Data/dataggen/outputs/five_bench/_r35_absnorm_smoke/rho/dino_unblended/edit2/0022_skate-jump.npz
[ok] edit2/0023_kayak-race: rho (18, 1560) range [2.005, 50.000] mean 5.759 -> /home/ids/skhairi/Data/dataggen/outputs/five_bench/_r35_absnorm_smoke/rho/dino_unblended/edit2/0023_kayak-race.npz
[ok] edit2/0024_hockey: rho (18, 1560) range [2.003, 50.000] mean 5.825 -> /home/ids/skhairi/Data/dataggen/outputs/five_bench/_r35_absnorm_smoke/rho/dino_unblended/edit2/0024_hockey.npz
[ok] edit2/0025_baseball: rho (18, 1560) range [2.007, 50.000] mean 5.732 -> /home/ids/skhairi/Data/dataggen/outputs/five_bench/_r35_absnorm_smoke/rho/dino_unblended/edit2/0025_baseball.npz
[ok] edit2/0026_table-tennis: rho (18, 1560) range [2.002, 50.000] mean 5.768 -> /home/ids/skhairi/Data/dataggen/outputs/five_bench/_r35_absnorm_smoke/rho/dino_unblended/edit2/0026_table-tennis.npz
[ok] edit2/0027_dance-jump: rho (18, 1560) range [2.001, 50.000] mean 5.814 -> /home/ids/skhairi/Data/dataggen/outputs/five_bench/_r35_absnorm_smoke/rho/dino_unblended/edit2/0027_dance-jump.npz
[ok] edit2/0028_kite-walk: rho (18, 1560) range [2.004, 50.000] mean 5.750 -> /home/ids/skhairi/Data/dataggen/outputs/five_bench/_r35_absnorm_smoke/rho/dino_unblended/edit2/0028_kite-walk.npz
[ok] edit2/0029_horsejump-stick: rho (18, 1560) range [2.004, 50.000] mean 5.812 -> /home/ids/skhairi/Data/dataggen/outputs/five_bench/_r35_absnorm_smoke/rho/dino_unblended/edit2/0029_horsejump-stick.npz
[ok] edit2/0030_rallye: rho (18, 1560) range [2.003, 50.000] mean 5.831 -> /home/ids/skhairi/Data/dataggen/outputs/five_bench/_r35_absnorm_smoke/rho/dino_unblended/edit2/0030_rallye.npz
[ok] edit2/0031_soccerball: rho (18, 1560) range [2.001, 50.000] mean 5.768 -> /home/ids/skhairi/Data/dataggen/outputs/five_bench/_r35_absnorm_smoke/rho/dino_unblended/edit2/0031_soccerball.npz
[ok] edit2/0032_mermaid: rho (18, 1560) range [2.004, 50.000] mean 5.763 -> /home/ids/skhairi/Data/dataggen/outputs/five_bench/_r35_absnorm_smoke/rho/dino_unblended/edit2/0032_mermaid.npz
[ok] edit2/0033_horsejump-low: rho (18, 1560) range [2.005, 50.000] mean 5.833 -> /home/ids/skhairi/Data/dataggen/outputs/five_bench/_r35_absnorm_smoke/rho/dino_unblended/edit2/0033_horsejump-low.npz
[ok] edit2/0034_cows: rho (18, 1560) range [2.002, 50.000] mean 5.740 -> /home/ids/skhairi/Data/dataggen/outputs/five_bench/_r35_absnorm_smoke/rho/dino_unblended/edit2/0034_cows.npz
[ok] edit2/0035_helicopter: rho (18, 1560) range [2.003, 50.000] mean 5.862 -> /home/ids/skhairi/Data/dataggen/outputs/five_bench/_r35_absnorm_smoke/rho/dino_unblended/edit2/0035_helicopter.npz
[ok] edit2/0036_camel: rho (18, 1560) range [2.002, 50.000] mean 5.765 -> /home/ids/skhairi/Data/dataggen/outputs/five_bench/_r35_absnorm_smoke/rho/dino_unblended/edit2/0036_camel.npz
[ok] edit2/0037_snowboard-sand: rho (18, 1560) range [2.006, 50.000] mean 5.783 -> /home/ids/skhairi/Data/dataggen/outputs/five_bench/_r35_absnorm_smoke/rho/dino_unblended/edit2/0037_snowboard-sand.npz
[ok] edit2/0038_motorbike: rho (18, 1560) range [2.003, 50.000] mean 5.886 -> /home/ids/skhairi/Data/dataggen/outputs/five_bench/_r35_absnorm_smoke/rho/dino_unblended/edit2/0038_motorbike.npz
[ok] edit2/0039_chamaleon: rho (18, 1560) range [2.006, 50.000] mean 5.852 -> /home/ids/skhairi/Data/dataggen/outputs/five_bench/_r35_absnorm_smoke/rho/dino_unblended/edit2/0039_chamaleon.npz
[ok] edit2/0040_tennis: rho (18, 1560) range [2.002, 50.000] mean 5.752 -> /home/ids/skhairi/Data/dataggen/outputs/five_bench/_r35_absnorm_smoke/rho/dino_unblended/edit2/0040_tennis.npz
[ok] edit2/0041_longboard: rho (18, 1560) range [2.006, 50.000] mean 5.775 -> /home/ids/skhairi/Data/dataggen/outputs/five_bench/_r35_absnorm_smoke/rho/dino_unblended/edit2/0041_longboard.npz
[ok] edit2/0042_gym-ball: rho (18, 1560) range [2.004, 50.000] mean 5.690 -> /home/ids/skhairi/Data/dataggen/outputs/five_bench/_r35_absnorm_smoke/rho/dino_unblended/edit2/0042_gym-ball.npz
[ok] edit2/0043_parkour: rho (18, 1560) range [2.002, 50.000] mean 5.789 -> /home/ids/skhairi/Data/dataggen/outputs/five_bench/_r35_absnorm_smoke/rho/dino_unblended/edit2/0043_parkour.npz
[ok] edit2/0044_snowboard: rho (18, 1560) range [2.005, 50.000] mean 5.841 -> /home/ids/skhairi/Data/dataggen/outputs/five_bench/_r35_absnorm_smoke/rho/dino_unblended/edit2/0044_snowboard.npz
[ok] edit2/0045_butterfly: rho (18, 1560) range [2.002, 50.000] mean 5.833 -> /home/ids/skhairi/Data/dataggen/outputs/five_bench/_r35_absnorm_smoke/rho/dino_unblended/edit2/0045_butterfly.npz
[ok] edit2/0046_blackswan: rho (18, 1560) range [2.002, 50.000] mean 5.761 -> /home/ids/skhairi/Data/dataggen/outputs/five_bench/_r35_absnorm_smoke/rho/dino_unblended/edit2/0046_blackswan.npz
[ok] edit2/0047_judo: rho (18, 1560) range [2.004, 50.000] mean 5.811 -> /home/ids/skhairi/Data/dataggen/outputs/five_bench/_r35_absnorm_smoke/rho/dino_unblended/edit2/0047_judo.npz
[ok] edit2/0048_hike: rho (18, 1560) range [2.008, 50.000] mean 5.765 -> /home/ids/skhairi/Data/dataggen/outputs/five_bench/_r35_absnorm_smoke/rho/dino_unblended/edit2/0048_hike.npz
[ok] edit2/0049_speed-skating: rho (18, 1560) range [2.004, 50.000] mean 5.790 -> /home/ids/skhairi/Data/dataggen/outputs/five_bench/_r35_absnorm_smoke/rho/dino_unblended/edit2/0049_speed-skating.npz
[ok] edit2/0050_slackline: rho (18, 1560) range [2.002, 50.000] mean 5.832 -> /home/ids/skhairi/Data/dataggen/outputs/five_bench/_r35_absnorm_smoke/rho/dino_unblended/edit2/0050_slackline.npz
[ok] edit2/0051_dogs-jump: rho (18, 1560) range [2.003, 50.000] mean 5.725 -> /home/ids/skhairi/Data/dataggen/outputs/five_bench/_r35_absnorm_smoke/rho/dino_unblended/edit2/0051_dogs-jump.npz
[ok] edit2/0052_mallard-fly: rho (18, 1560) range [2.004, 50.000] mean 5.826 -> /home/ids/skhairi/Data/dataggen/outputs/five_bench/_r35_absnorm_smoke/rho/dino_unblended/edit2/0052_mallard-fly.npz
[ok] edit2/0053_swing: rho (18, 1560) range [2.003, 50.000] mean 5.775 -> /home/ids/skhairi/Data/dataggen/outputs/five_bench/_r35_absnorm_smoke/rho/dino_unblended/edit2/0053_swing.npz
[ok] edit2/0054_train: rho (18, 1560) range [2.003, 50.000] mean 5.929 -> /home/ids/skhairi/Data/dataggen/outputs/five_bench/_r35_absnorm_smoke/rho/dino_unblended/edit2/0054_train.npz
[ok] edit2/0055_pigs: rho (18, 1560) range [2.005, 50.000] mean 5.797 -> /home/ids/skhairi/Data/dataggen/outputs/five_bench/_r35_absnorm_smoke/rho/dino_unblended/edit2/0055_pigs.npz
[ok] edit2/0056_kart-turn: rho (18, 1560) range [2.006, 50.000] mean 5.892 -> /home/ids/skhairi/Data/dataggen/outputs/five_bench/_r35_absnorm_smoke/rho/dino_unblended/edit2/0056_kart-turn.npz
[ok] edit2/0057_dog: rho (18, 1560) range [2.004, 50.000] mean 5.755 -> /home/ids/skhairi/Data/dataggen/outputs/five_bench/_r35_absnorm_smoke/rho/dino_unblended/edit2/0057_dog.npz
[ok] edit2/0058_boat: rho (18, 1560) range [2.002, 50.000] mean 5.816 -> /home/ids/skhairi/Data/dataggen/outputs/five_bench/_r35_absnorm_smoke/rho/dino_unblended/edit2/0058_boat.npz
[ok] edit2/0059_drift-straight: rho (18, 1560) range [2.003, 50.000] mean 5.794 -> /home/ids/skhairi/Data/dataggen/outputs/five_bench/_r35_absnorm_smoke/rho/dino_unblended/edit2/0059_drift-straight.npz
[ok] edit2/0060_motocross-bumps: rho (18, 1560) range [2.002, 50.000] mean 5.794 -> /home/ids/skhairi/Data/dataggen/outputs/five_bench/_r35_absnorm_smoke/rho/dino_unblended/edit2/0060_motocross-bumps.npz
[ok] edit2/0061_mbike-santa: rho (18, 1560) range [2.001, 50.000] mean 5.737 -> /home/ids/skhairi/Data/dataggen/outputs/five_bench/_r35_absnorm_smoke/rho/dino_unblended/edit2/0061_mbike-santa.npz
[ok] edit2/0062_elephant: rho (18, 1560) range [2.004, 50.000] mean 5.744 -> /home/ids/skhairi/Data/dataggen/outputs/five_bench/_r35_absnorm_smoke/rho/dino_unblended/edit2/0062_elephant.npz
[ok] edit2/0063_drift-turn: rho (18, 1560) range [2.003, 50.000] mean 5.822 -> /home/ids/skhairi/Data/dataggen/outputs/five_bench/_r35_absnorm_smoke/rho/dino_unblended/edit2/0063_drift-turn.npz
[ok] edit2/0064_rollerblade: rho (18, 1560) range [2.004, 50.000] mean 5.849 -> /home/ids/skhairi/Data/dataggen/outputs/five_bench/_r35_absnorm_smoke/rho/dino_unblended/edit2/0064_rollerblade.npz
[ok] edit2/0065_twist-dance: rho (18, 1560) range [2.003, 50.000] mean 5.762 -> /home/ids/skhairi/Data/dataggen/outputs/five_bench/_r35_absnorm_smoke/rho/dino_unblended/edit2/0065_twist-dance.npz
[ok] edit2/0066_deer: rho (18, 1560) range [2.004, 50.000] mean 5.770 -> /home/ids/skhairi/Data/dataggen/outputs/five_bench/_r35_absnorm_smoke/rho/dino_unblended/edit2/0066_deer.npz
[ok] edit2/0067_mbike-trick: rho (18, 1560) range [2.002, 50.000] mean 5.815 -> /home/ids/skhairi/Data/dataggen/outputs/five_bench/_r35_absnorm_smoke/rho/dino_unblended/edit2/0067_mbike-trick.npz
[ok] edit2/0068_planes-water: rho (18, 1560) range [2.003, 50.000] mean 5.846 -> /home/ids/skhairi/Data/dataggen/outputs/five_bench/_r35_absnorm_smoke/rho/dino_unblended/edit2/0068_planes-water.npz
[ok] edit2/0069_car-turn: rho (18, 1560) range [2.003, 50.000] mean 5.812 -> /home/ids/skhairi/Data/dataggen/outputs/five_bench/_r35_absnorm_smoke/rho/dino_unblended/edit2/0069_car-turn.npz
[ok] edit2/0070_dance-twirl: rho (18, 1560) range [2.007, 50.000] mean 5.798 -> /home/ids/skhairi/Data/dataggen/outputs/five_bench/_r35_absnorm_smoke/rho/dino_unblended/edit2/0070_dance-twirl.npz
[ok] edit2/0071_mallard-water: rho (18, 1560) range [2.000, 50.000] mean 5.879 -> /home/ids/skhairi/Data/dataggen/outputs/five_bench/_r35_absnorm_smoke/rho/dino_unblended/edit2/0071_mallard-water.npz
[ok] edit2/0072_dog-agility: rho (18, 1560) range [2.003, 50.000] mean 5.894 -> /home/ids/skhairi/Data/dataggen/outputs/five_bench/_r35_absnorm_smoke/rho/dino_unblended/edit2/0072_dog-agility.npz
[ok] edit2/0073_bmx-rider: rho (18, 1560) range [2.005, 50.000] mean 5.835 -> /home/ids/skhairi/Data/dataggen/outputs/five_bench/_r35_absnorm_smoke/rho/dino_unblended/edit2/0073_bmx-rider.npz
[ok] edit2/0074_rhino: rho (18, 1560) range [2.008, 50.000] mean 5.903 -> /home/ids/skhairi/Data/dataggen/outputs/five_bench/_r35_absnorm_smoke/rho/dino_unblended/edit2/0074_rhino.npz
[ok] edit2/0075_A_bicycle: rho (18, 1560) range [2.003, 50.000] mean 5.777 -> /home/ids/skhairi/Data/dataggen/outputs/five_bench/_r35_absnorm_smoke/rho/dino_unblended/edit2/0075_A_bicycle.npz
[ok] edit2/0076_A_rabbit: rho (18, 1560) range [2.004, 50.000] mean 5.801 -> /home/ids/skhairi/Data/dataggen/outputs/five_bench/_r35_absnorm_smoke/rho/dino_unblended/edit2/0076_A_rabbit.npz
[ok] edit2/0077_A_hawk: rho (18, 1560) range [2.003, 50.000] mean 5.838 -> /home/ids/skhairi/Data/dataggen/outputs/five_bench/_r35_absnorm_smoke/rho/dino_unblended/edit2/0077_A_hawk.npz
[ok] edit2/0078_A_cat: rho (18, 1560) range [2.003, 50.000] mean 5.820 -> /home/ids/skhairi/Data/dataggen/outputs/five_bench/_r35_absnorm_smoke/rho/dino_unblended/edit2/0078_A_cat.npz
[ok] edit2/0079_A_bus: rho (18, 1560) range [2.005, 50.000] mean 5.791 -> /home/ids/skhairi/Data/dataggen/outputs/five_bench/_r35_absnorm_smoke/rho/dino_unblended/edit2/0079_A_bus.npz
[ok] edit2/0080_A_motorcycle: rho (18, 1560) range [2.002, 50.000] mean 5.833 -> /home/ids/skhairi/Data/dataggen/outputs/five_bench/_r35_absnorm_smoke/rho/dino_unblended/edit2/0080_A_motorcycle.npz
[ok] edit2/0081_A_horse: rho (18, 1560) range [2.002, 50.000] mean 5.756 -> /home/ids/skhairi/Data/dataggen/outputs/five_bench/_r35_absnorm_smoke/rho/dino_unblended/edit2/0081_A_horse.npz
[ok] edit2/0082_A_tram: rho (18, 1560) range [2.004, 50.000] mean 5.827 -> /home/ids/skhairi/Data/dataggen/outputs/five_bench/_r35_absnorm_smoke/rho/dino_unblended/edit2/0082_A_tram.npz
[ok] edit2/0083_A_boat: rho (18, 1560) range [2.010, 50.000] mean 5.883 -> /home/ids/skhairi/Data/dataggen/outputs/five_bench/_r35_absnorm_smoke/rho/dino_unblended/edit2/0083_A_boat.npz
[ok] edit2/0084_A_squirrel: rho (18, 1560) range [2.004, 50.000] mean 5.847 -> /home/ids/skhairi/Data/dataggen/outputs/five_bench/_r35_absnorm_smoke/rho/dino_unblended/edit2/0084_A_squirrel.npz
[ok] edit2/0085_A_tram: rho (18, 1560) range [2.009, 50.000] mean 5.928 -> /home/ids/skhairi/Data/dataggen/outputs/five_bench/_r35_absnorm_smoke/rho/dino_unblended/edit2/0085_A_tram.npz
[ok] edit2/0086_A_red_sports_car: rho (18, 1560) range [2.004, 50.000] mean 5.844 -> /home/ids/skhairi/Data/dataggen/outputs/five_bench/_r35_absnorm_smoke/rho/dino_unblended/edit2/0086_A_red_sports_car.npz
[ok] edit2/0087_A_seagull: rho (18, 1560) range [2.006, 50.000] mean 5.803 -> /home/ids/skhairi/Data/dataggen/outputs/five_bench/_r35_absnorm_smoke/rho/dino_unblended/edit2/0087_A_seagull.npz
[ok] edit2/0088_A_cyclist: rho (18, 1560) range [2.002, 50.000] mean 5.732 -> /home/ids/skhairi/Data/dataggen/outputs/five_bench/_r35_absnorm_smoke/rho/dino_unblended/edit2/0088_A_cyclist.npz
[ok] edit2/0089_A_dog: rho (18, 1560) range [2.000, 50.000] mean 5.805 -> /home/ids/skhairi/Data/dataggen/outputs/five_bench/_r35_absnorm_smoke/rho/dino_unblended/edit2/0089_A_dog.npz
[ok] edit2/0090_A_deer: rho (18, 1560) range [2.003, 50.000] mean 5.811 -> /home/ids/skhairi/Data/dataggen/outputs/five_bench/_r35_absnorm_smoke/rho/dino_unblended/edit2/0090_A_deer.npz
[ok] edit2/0091_A_hawk: rho (18, 1560) range [2.002, 50.000] mean 5.837 -> /home/ids/skhairi/Data/dataggen/outputs/five_bench/_r35_absnorm_smoke/rho/dino_unblended/edit2/0091_A_hawk.npz
[ok] edit2/0092_A_fox: rho (18, 1560) range [2.004, 50.000] mean 5.797 -> /home/ids/skhairi/Data/dataggen/outputs/five_bench/_r35_absnorm_smoke/rho/dino_unblended/edit2/0092_A_fox.npz
[ok] edit2/0093_A_helicopter: rho (18, 1560) range [2.003, 50.000] mean 5.915 -> /home/ids/skhairi/Data/dataggen/outputs/five_bench/_r35_absnorm_smoke/rho/dino_unblended/edit2/0093_A_helicopter.npz
[ok] edit2/0094_A_swan: rho (18, 1560) range [2.004, 50.000] mean 5.828 -> /home/ids/skhairi/Data/dataggen/outputs/five_bench/_r35_absnorm_smoke/rho/dino_unblended/edit2/0094_A_swan.npz
[ok] edit2/0095_A_crow: rho (18, 1560) range [2.007, 50.000] mean 5.796 -> /home/ids/skhairi/Data/dataggen/outputs/five_bench/_r35_absnorm_smoke/rho/dino_unblended/edit2/0095_A_crow.npz
[ok] edit2/0096_A_car: rho (18, 1560) range [2.006, 50.000] mean 5.901 -> /home/ids/skhairi/Data/dataggen/outputs/five_bench/_r35_absnorm_smoke/rho/dino_unblended/edit2/0096_A_car.npz
[ok] edit2/0097_A_bird: rho (18, 1560) range [2.003, 50.000] mean 5.822 -> /home/ids/skhairi/Data/dataggen/outputs/five_bench/_r35_absnorm_smoke/rho/dino_unblended/edit2/0097_A_bird.npz
[ok] edit2/0098_A_squirrel: rho (18, 1560) range [2.005, 50.000] mean 5.762 -> /home/ids/skhairi/Data/dataggen/outputs/five_bench/_r35_absnorm_smoke/rho/dino_unblended/edit2/0098_A_squirrel.npz
[ok] edit2/0099_A_jogger: rho (18, 1560) range [2.004, 50.000] mean 5.892 -> /home/ids/skhairi/Data/dataggen/outputs/five_bench/_r35_absnorm_smoke/rho/dino_unblended/edit2/0099_A_jogger.npz
[ok] edit2/0100_A_deer: rho (18, 1560) range [2.002, 50.000] mean 5.892 -> /home/ids/skhairi/Data/dataggen/outputs/five_bench/_r35_absnorm_smoke/rho/dino_unblended/edit2/0100_A_deer.npz
[ok] edit3/0001_bus: rho (18, 1560) range [2.003, 50.000] mean 5.652 -> /home/ids/skhairi/Data/dataggen/outputs/five_bench/_r35_absnorm_smoke/rho/dino_unblended/edit3/0001_bus.npz
[ok] edit3/0002_girl-dog: rho (18, 1560) range [2.006, 50.000] mean 5.830 -> /home/ids/skhairi/Data/dataggen/outputs/five_bench/_r35_absnorm_smoke/rho/dino_unblended/edit3/0002_girl-dog.npz
[ok] edit3/0003_ocean-birds: rho (18, 1560) range [2.003, 50.000] mean 5.908 -> /home/ids/skhairi/Data/dataggen/outputs/five_bench/_r35_absnorm_smoke/rho/dino_unblended/edit3/0003_ocean-birds.npz
[ok] edit3/0004_car-roundabout: rho (18, 1560) range [2.001, 50.000] mean 5.829 -> /home/ids/skhairi/Data/dataggen/outputs/five_bench/_r35_absnorm_smoke/rho/dino_unblended/edit3/0004_car-roundabout.npz
[ok] edit3/0005_breakdance: rho (18, 1560) range [2.003, 50.000] mean 5.848 -> /home/ids/skhairi/Data/dataggen/outputs/five_bench/_r35_absnorm_smoke/rho/dino_unblended/edit3/0005_breakdance.npz
[ok] edit3/0006_paragliding: rho (18, 1560) range [2.004, 50.000] mean 5.826 -> /home/ids/skhairi/Data/dataggen/outputs/five_bench/_r35_absnorm_smoke/rho/dino_unblended/edit3/0006_paragliding.npz
[ok] edit3/0007_guitar-violin: rho (18, 1560) range [2.002, 50.000] mean 5.763 -> /home/ids/skhairi/Data/dataggen/outputs/five_bench/_r35_absnorm_smoke/rho/dino_unblended/edit3/0007_guitar-violin.npz
[ok] edit3/0008_snowboard-race: rho (18, 1560) range [2.004, 50.000] mean 5.821 -> /home/ids/skhairi/Data/dataggen/outputs/five_bench/_r35_absnorm_smoke/rho/dino_unblended/edit3/0008_snowboard-race.npz
[ok] edit3/0009_bear: rho (18, 1560) range [2.007, 50.000] mean 5.852 -> /home/ids/skhairi/Data/dataggen/outputs/five_bench/_r35_absnorm_smoke/rho/dino_unblended/edit3/0009_bear.npz
[ok] edit3/0010_giant-slalom: rho (18, 1560) range [2.004, 50.000] mean 5.870 -> /home/ids/skhairi/Data/dataggen/outputs/five_bench/_r35_absnorm_smoke/rho/dino_unblended/edit3/0010_giant-slalom.npz
[ok] edit3/0011_lucia: rho (18, 1560) range [2.004, 50.000] mean 5.862 -> /home/ids/skhairi/Data/dataggen/outputs/five_bench/_r35_absnorm_smoke/rho/dino_unblended/edit3/0011_lucia.npz
[ok] edit3/0012_goat: rho (18, 1560) range [2.002, 50.000] mean 5.877 -> /home/ids/skhairi/Data/dataggen/outputs/five_bench/_r35_absnorm_smoke/rho/dino_unblended/edit3/0012_goat.npz
[ok] edit3/0013_golf: rho (18, 1560) range [2.001, 50.000] mean 5.814 -> /home/ids/skhairi/Data/dataggen/outputs/five_bench/_r35_absnorm_smoke/rho/dino_unblended/edit3/0013_golf.npz
[ok] edit3/0014_burnout: rho (18, 1560) range [2.007, 50.000] mean 5.826 -> /home/ids/skhairi/Data/dataggen/outputs/five_bench/_r35_absnorm_smoke/rho/dino_unblended/edit3/0014_burnout.npz
[ok] edit3/0015_car-shadow: rho (18, 1560) range [2.006, 50.000] mean 5.794 -> /home/ids/skhairi/Data/dataggen/outputs/five_bench/_r35_absnorm_smoke/rho/dino_unblended/edit3/0015_car-shadow.npz
[ok] edit3/0016_horsejump-high: rho (18, 1560) range [2.004, 50.000] mean 5.754 -> /home/ids/skhairi/Data/dataggen/outputs/five_bench/_r35_absnorm_smoke/rho/dino_unblended/edit3/0016_horsejump-high.npz
[ok] edit3/0017_kid-football: rho (18, 1560) range [2.005, 50.000] mean 5.853 -> /home/ids/skhairi/Data/dataggen/outputs/five_bench/_r35_absnorm_smoke/rho/dino_unblended/edit3/0017_kid-football.npz
[ok] edit3/0018_breakdance-flare: rho (18, 1560) range [2.008, 50.000] mean 5.819 -> /home/ids/skhairi/Data/dataggen/outputs/five_bench/_r35_absnorm_smoke/rho/dino_unblended/edit3/0018_breakdance-flare.npz
[ok] edit3/0019_tennis-vest: rho (18, 1560) range [2.004, 50.000] mean 5.821 -> /home/ids/skhairi/Data/dataggen/outputs/five_bench/_r35_absnorm_smoke/rho/dino_unblended/edit3/0019_tennis-vest.npz
[ok] edit3/0020_monkeys: rho (18, 1560) range [2.001, 50.000] mean 5.836 -> /home/ids/skhairi/Data/dataggen/outputs/five_bench/_r35_absnorm_smoke/rho/dino_unblended/edit3/0020_monkeys.npz
[ok] edit3/0021_landing: rho (18, 1560) range [2.008, 50.000] mean 5.798 -> /home/ids/skhairi/Data/dataggen/outputs/five_bench/_r35_absnorm_smoke/rho/dino_unblended/edit3/0021_landing.npz
[ok] edit3/0022_skate-jump: rho (18, 1560) range [2.005, 50.000] mean 5.867 -> /home/ids/skhairi/Data/dataggen/outputs/five_bench/_r35_absnorm_smoke/rho/dino_unblended/edit3/0022_skate-jump.npz
[ok] edit3/0023_kayak-race: rho (18, 1560) range [2.001, 50.000] mean 5.766 -> /home/ids/skhairi/Data/dataggen/outputs/five_bench/_r35_absnorm_smoke/rho/dino_unblended/edit3/0023_kayak-race.npz
[ok] edit3/0024_hockey: rho (18, 1560) range [2.006, 50.000] mean 5.834 -> /home/ids/skhairi/Data/dataggen/outputs/five_bench/_r35_absnorm_smoke/rho/dino_unblended/edit3/0024_hockey.npz
[ok] edit3/0025_baseball: rho (18, 1560) range [2.001, 50.000] mean 5.852 -> /home/ids/skhairi/Data/dataggen/outputs/five_bench/_r35_absnorm_smoke/rho/dino_unblended/edit3/0025_baseball.npz
[ok] edit3/0026_table-tennis: rho (18, 1560) range [2.005, 50.000] mean 5.852 -> /home/ids/skhairi/Data/dataggen/outputs/five_bench/_r35_absnorm_smoke/rho/dino_unblended/edit3/0026_table-tennis.npz
[ok] edit3/0027_dance-jump: rho (18, 1560) range [2.005, 50.000] mean 5.793 -> /home/ids/skhairi/Data/dataggen/outputs/five_bench/_r35_absnorm_smoke/rho/dino_unblended/edit3/0027_dance-jump.npz
[ok] edit3/0028_kite-walk: rho (18, 1560) range [2.003, 50.000] mean 5.843 -> /home/ids/skhairi/Data/dataggen/outputs/five_bench/_r35_absnorm_smoke/rho/dino_unblended/edit3/0028_kite-walk.npz
[ok] edit3/0029_horsejump-stick: rho (18, 1560) range [2.004, 50.000] mean 5.836 -> /home/ids/skhairi/Data/dataggen/outputs/five_bench/_r35_absnorm_smoke/rho/dino_unblended/edit3/0029_horsejump-stick.npz
[ok] edit3/0030_rallye: rho (18, 1560) range [2.006, 50.000] mean 5.860 -> /home/ids/skhairi/Data/dataggen/outputs/five_bench/_r35_absnorm_smoke/rho/dino_unblended/edit3/0030_rallye.npz
[ok] edit3/0031_soccerball: rho (18, 1560) range [2.004, 50.000] mean 5.823 -> /home/ids/skhairi/Data/dataggen/outputs/five_bench/_r35_absnorm_smoke/rho/dino_unblended/edit3/0031_soccerball.npz
[ok] edit3/0032_mermaid: rho (18, 1560) range [2.001, 50.000] mean 5.836 -> /home/ids/skhairi/Data/dataggen/outputs/five_bench/_r35_absnorm_smoke/rho/dino_unblended/edit3/0032_mermaid.npz
[ok] edit3/0033_horsejump-low: rho (18, 1560) range [2.004, 50.000] mean 5.915 -> /home/ids/skhairi/Data/dataggen/outputs/five_bench/_r35_absnorm_smoke/rho/dino_unblended/edit3/0033_horsejump-low.npz
[ok] edit3/0034_cows: rho (18, 1560) range [2.002, 50.000] mean 5.680 -> /home/ids/skhairi/Data/dataggen/outputs/five_bench/_r35_absnorm_smoke/rho/dino_unblended/edit3/0034_cows.npz
[ok] edit3/0035_helicopter: rho (18, 1560) range [2.001, 50.000] mean 5.793 -> /home/ids/skhairi/Data/dataggen/outputs/five_bench/_r35_absnorm_smoke/rho/dino_unblended/edit3/0035_helicopter.npz
[ok] edit3/0036_camel: rho (18, 1560) range [2.003, 50.000] mean 5.785 -> /home/ids/skhairi/Data/dataggen/outputs/five_bench/_r35_absnorm_smoke/rho/dino_unblended/edit3/0036_camel.npz
[ok] edit3/0037_snowboard-sand: rho (18, 1560) range [2.000, 50.000] mean 5.771 -> /home/ids/skhairi/Data/dataggen/outputs/five_bench/_r35_absnorm_smoke/rho/dino_unblended/edit3/0037_snowboard-sand.npz
[ok] edit3/0038_motorbike: rho (18, 1560) range [2.002, 50.000] mean 5.796 -> /home/ids/skhairi/Data/dataggen/outputs/five_bench/_r35_absnorm_smoke/rho/dino_unblended/edit3/0038_motorbike.npz
[ok] edit3/0039_chamaleon: rho (18, 1560) range [2.004, 50.000] mean 5.764 -> /home/ids/skhairi/Data/dataggen/outputs/five_bench/_r35_absnorm_smoke/rho/dino_unblended/edit3/0039_chamaleon.npz
[ok] edit3/0040_tennis: rho (18, 1560) range [2.003, 50.000] mean 5.850 -> /home/ids/skhairi/Data/dataggen/outputs/five_bench/_r35_absnorm_smoke/rho/dino_unblended/edit3/0040_tennis.npz
[ok] edit3/0041_longboard: rho (18, 1560) range [2.006, 50.000] mean 5.776 -> /home/ids/skhairi/Data/dataggen/outputs/five_bench/_r35_absnorm_smoke/rho/dino_unblended/edit3/0041_longboard.npz
[ok] edit3/0042_gym-ball: rho (18, 1560) range [2.004, 50.000] mean 5.824 -> /home/ids/skhairi/Data/dataggen/outputs/five_bench/_r35_absnorm_smoke/rho/dino_unblended/edit3/0042_gym-ball.npz
[ok] edit3/0043_parkour: rho (18, 1560) range [2.001, 50.000] mean 5.828 -> /home/ids/skhairi/Data/dataggen/outputs/five_bench/_r35_absnorm_smoke/rho/dino_unblended/edit3/0043_parkour.npz
[ok] edit3/0044_snowboard: rho (18, 1560) range [2.003, 50.000] mean 5.772 -> /home/ids/skhairi/Data/dataggen/outputs/five_bench/_r35_absnorm_smoke/rho/dino_unblended/edit3/0044_snowboard.npz
[ok] edit3/0045_butterfly: rho (18, 1560) range [2.004, 50.000] mean 5.883 -> /home/ids/skhairi/Data/dataggen/outputs/five_bench/_r35_absnorm_smoke/rho/dino_unblended/edit3/0045_butterfly.npz
[ok] edit3/0046_blackswan: rho (18, 1560) range [2.005, 50.000] mean 5.780 -> /home/ids/skhairi/Data/dataggen/outputs/five_bench/_r35_absnorm_smoke/rho/dino_unblended/edit3/0046_blackswan.npz
[ok] edit3/0047_judo: rho (18, 1560) range [2.004, 50.000] mean 5.879 -> /home/ids/skhairi/Data/dataggen/outputs/five_bench/_r35_absnorm_smoke/rho/dino_unblended/edit3/0047_judo.npz
[ok] edit3/0048_hike: rho (18, 1560) range [2.003, 50.000] mean 5.889 -> /home/ids/skhairi/Data/dataggen/outputs/five_bench/_r35_absnorm_smoke/rho/dino_unblended/edit3/0048_hike.npz
[ok] edit3/0049_speed-skating: rho (18, 1560) range [2.006, 50.000] mean 5.819 -> /home/ids/skhairi/Data/dataggen/outputs/five_bench/_r35_absnorm_smoke/rho/dino_unblended/edit3/0049_speed-skating.npz
[ok] edit3/0050_slackline: rho (18, 1560) range [2.001, 50.000] mean 5.932 -> /home/ids/skhairi/Data/dataggen/outputs/five_bench/_r35_absnorm_smoke/rho/dino_unblended/edit3/0050_slackline.npz
[ok] edit3/0051_dogs-jump: rho (18, 1560) range [2.006, 50.000] mean 5.813 -> /home/ids/skhairi/Data/dataggen/outputs/five_bench/_r35_absnorm_smoke/rho/dino_unblended/edit3/0051_dogs-jump.npz
[ok] edit3/0052_mallard-fly: rho (18, 1560) range [2.004, 50.000] mean 5.798 -> /home/ids/skhairi/Data/dataggen/outputs/five_bench/_r35_absnorm_smoke/rho/dino_unblended/edit3/0052_mallard-fly.npz
[ok] edit3/0053_swing: rho (18, 1560) range [2.004, 50.000] mean 5.840 -> /home/ids/skhairi/Data/dataggen/outputs/five_bench/_r35_absnorm_smoke/rho/dino_unblended/edit3/0053_swing.npz
[ok] edit3/0054_train: rho (18, 1560) range [2.004, 50.000] mean 5.796 -> /home/ids/skhairi/Data/dataggen/outputs/five_bench/_r35_absnorm_smoke/rho/dino_unblended/edit3/0054_train.npz
[ok] edit3/0055_pigs: rho (18, 1560) range [2.003, 50.000] mean 5.808 -> /home/ids/skhairi/Data/dataggen/outputs/five_bench/_r35_absnorm_smoke/rho/dino_unblended/edit3/0055_pigs.npz
[ok] edit3/0056_kart-turn: rho (18, 1560) range [2.005, 50.000] mean 5.735 -> /home/ids/skhairi/Data/dataggen/outputs/five_bench/_r35_absnorm_smoke/rho/dino_unblended/edit3/0056_kart-turn.npz
[ok] edit3/0057_dog: rho (18, 1560) range [2.006, 50.000] mean 5.789 -> /home/ids/skhairi/Data/dataggen/outputs/five_bench/_r35_absnorm_smoke/rho/dino_unblended/edit3/0057_dog.npz
[ok] edit3/0058_boat: rho (18, 1560) range [2.002, 50.000] mean 5.807 -> /home/ids/skhairi/Data/dataggen/outputs/five_bench/_r35_absnorm_smoke/rho/dino_unblended/edit3/0058_boat.npz
[ok] edit3/0059_drift-straight: rho (18, 1560) range [2.001, 50.000] mean 5.775 -> /home/ids/skhairi/Data/dataggen/outputs/five_bench/_r35_absnorm_smoke/rho/dino_unblended/edit3/0059_drift-straight.npz
[ok] edit3/0060_motocross-bumps: rho (18, 1560) range [2.008, 50.000] mean 5.832 -> /home/ids/skhairi/Data/dataggen/outputs/five_bench/_r35_absnorm_smoke/rho/dino_unblended/edit3/0060_motocross-bumps.npz
[ok] edit3/0061_mbike-santa: rho (18, 1560) range [2.005, 50.000] mean 5.863 -> /home/ids/skhairi/Data/dataggen/outputs/five_bench/_r35_absnorm_smoke/rho/dino_unblended/edit3/0061_mbike-santa.npz
[ok] edit3/0062_elephant: rho (18, 1560) range [2.005, 50.000] mean 5.801 -> /home/ids/skhairi/Data/dataggen/outputs/five_bench/_r35_absnorm_smoke/rho/dino_unblended/edit3/0062_elephant.npz
[ok] edit3/0063_drift-turn: rho (18, 1560) range [2.004, 50.000] mean 5.773 -> /home/ids/skhairi/Data/dataggen/outputs/five_bench/_r35_absnorm_smoke/rho/dino_unblended/edit3/0063_drift-turn.npz
[ok] edit3/0064_rollerblade: rho (18, 1560) range [2.001, 50.000] mean 5.802 -> /home/ids/skhairi/Data/dataggen/outputs/five_bench/_r35_absnorm_smoke/rho/dino_unblended/edit3/0064_rollerblade.npz
[ok] edit3/0065_twist-dance: rho (18, 1560) range [2.001, 50.000] mean 5.734 -> /home/ids/skhairi/Data/dataggen/outputs/five_bench/_r35_absnorm_smoke/rho/dino_unblended/edit3/0065_twist-dance.npz
[ok] edit3/0066_deer: rho (18, 1560) range [2.002, 50.000] mean 5.819 -> /home/ids/skhairi/Data/dataggen/outputs/five_bench/_r35_absnorm_smoke/rho/dino_unblended/edit3/0066_deer.npz
[ok] edit3/0067_mbike-trick: rho (18, 1560) range [2.004, 50.000] mean 5.726 -> /home/ids/skhairi/Data/dataggen/outputs/five_bench/_r35_absnorm_smoke/rho/dino_unblended/edit3/0067_mbike-trick.npz
[ok] edit3/0068_planes-water: rho (18, 1560) range [2.004, 50.000] mean 5.763 -> /home/ids/skhairi/Data/dataggen/outputs/five_bench/_r35_absnorm_smoke/rho/dino_unblended/edit3/0068_planes-water.npz
[ok] edit3/0069_car-turn: rho (18, 1560) range [2.002, 50.000] mean 5.831 -> /home/ids/skhairi/Data/dataggen/outputs/five_bench/_r35_absnorm_smoke/rho/dino_unblended/edit3/0069_car-turn.npz
[ok] edit3/0070_dance-twirl: rho (18, 1560) range [2.006, 50.000] mean 5.903 -> /home/ids/skhairi/Data/dataggen/outputs/five_bench/_r35_absnorm_smoke/rho/dino_unblended/edit3/0070_dance-twirl.npz
[ok] edit3/0071_mallard-water: rho (18, 1560) range [2.005, 50.000] mean 5.811 -> /home/ids/skhairi/Data/dataggen/outputs/five_bench/_r35_absnorm_smoke/rho/dino_unblended/edit3/0071_mallard-water.npz
[ok] edit3/0072_dog-agility: rho (18, 1560) range [2.003, 50.000] mean 5.899 -> /home/ids/skhairi/Data/dataggen/outputs/five_bench/_r35_absnorm_smoke/rho/dino_unblended/edit3/0072_dog-agility.npz
[ok] edit3/0073_bmx-rider: rho (18, 1560) range [2.002, 50.000] mean 5.837 -> /home/ids/skhairi/Data/dataggen/outputs/five_bench/_r35_absnorm_smoke/rho/dino_unblended/edit3/0073_bmx-rider.npz
[ok] edit3/0074_rhino: rho (18, 1560) range [2.005, 50.000] mean 5.829 -> /home/ids/skhairi/Data/dataggen/outputs/five_bench/_r35_absnorm_smoke/rho/dino_unblended/edit3/0074_rhino.npz
[ok] edit3/0075_A_bicycle: rho (18, 1560) range [2.001, 50.000] mean 5.788 -> /home/ids/skhairi/Data/dataggen/outputs/five_bench/_r35_absnorm_smoke/rho/dino_unblended/edit3/0075_A_bicycle.npz
[ok] edit3/0076_A_rabbit: rho (18, 1560) range [2.008, 50.000] mean 5.836 -> /home/ids/skhairi/Data/dataggen/outputs/five_bench/_r35_absnorm_smoke/rho/dino_unblended/edit3/0076_A_rabbit.npz
[ok] edit3/0077_A_hawk: rho (18, 1560) range [2.005, 50.000] mean 5.804 -> /home/ids/skhairi/Data/dataggen/outputs/five_bench/_r35_absnorm_smoke/rho/dino_unblended/edit3/0077_A_hawk.npz
[ok] edit3/0078_A_cat: rho (18, 1560) range [2.004, 50.000] mean 5.889 -> /home/ids/skhairi/Data/dataggen/outputs/five_bench/_r35_absnorm_smoke/rho/dino_unblended/edit3/0078_A_cat.npz
[ok] edit3/0079_A_bus: rho (18, 1560) range [2.005, 50.000] mean 5.881 -> /home/ids/skhairi/Data/dataggen/outputs/five_bench/_r35_absnorm_smoke/rho/dino_unblended/edit3/0079_A_bus.npz
[ok] edit3/0080_A_motorcycle: rho (18, 1560) range [2.006, 50.000] mean 5.802 -> /home/ids/skhairi/Data/dataggen/outputs/five_bench/_r35_absnorm_smoke/rho/dino_unblended/edit3/0080_A_motorcycle.npz
[ok] edit3/0081_A_horse: rho (18, 1560) range [2.004, 50.000] mean 5.757 -> /home/ids/skhairi/Data/dataggen/outputs/five_bench/_r35_absnorm_smoke/rho/dino_unblended/edit3/0081_A_horse.npz
[ok] edit3/0082_A_tram: rho (18, 1560) range [2.001, 50.000] mean 5.719 -> /home/ids/skhairi/Data/dataggen/outputs/five_bench/_r35_absnorm_smoke/rho/dino_unblended/edit3/0082_A_tram.npz
[ok] edit3/0083_A_boat: rho (18, 1560) range [2.006, 50.000] mean 5.786 -> /home/ids/skhairi/Data/dataggen/outputs/five_bench/_r35_absnorm_smoke/rho/dino_unblended/edit3/0083_A_boat.npz
[ok] edit3/0084_A_squirrel: rho (18, 1560) range [2.004, 50.000] mean 5.797 -> /home/ids/skhairi/Data/dataggen/outputs/five_bench/_r35_absnorm_smoke/rho/dino_unblended/edit3/0084_A_squirrel.npz
[ok] edit3/0085_A_tram: rho (18, 1560) range [2.003, 50.000] mean 5.801 -> /home/ids/skhairi/Data/dataggen/outputs/five_bench/_r35_absnorm_smoke/rho/dino_unblended/edit3/0085_A_tram.npz
[ok] edit3/0086_A_red_sports_car: rho (18, 1560) range [2.003, 50.000] mean 5.832 -> /home/ids/skhairi/Data/dataggen/outputs/five_bench/_r35_absnorm_smoke/rho/dino_unblended/edit3/0086_A_red_sports_car.npz
[ok] edit3/0087_A_seagull: rho (18, 1560) range [2.005, 50.000] mean 5.764 -> /home/ids/skhairi/Data/dataggen/outputs/five_bench/_r35_absnorm_smoke/rho/dino_unblended/edit3/0087_A_seagull.npz
[ok] edit3/0088_A_cyclist: rho (18, 1560) range [2.004, 50.000] mean 5.832 -> /home/ids/skhairi/Data/dataggen/outputs/five_bench/_r35_absnorm_smoke/rho/dino_unblended/edit3/0088_A_cyclist.npz
[ok] edit3/0089_A_dog: rho (18, 1560) range [2.005, 50.000] mean 5.854 -> /home/ids/skhairi/Data/dataggen/outputs/five_bench/_r35_absnorm_smoke/rho/dino_unblended/edit3/0089_A_dog.npz
[ok] edit3/0090_A_deer: rho (18, 1560) range [2.003, 50.000] mean 5.808 -> /home/ids/skhairi/Data/dataggen/outputs/five_bench/_r35_absnorm_smoke/rho/dino_unblended/edit3/0090_A_deer.npz
[ok] edit3/0091_A_hawk: rho (18, 1560) range [2.002, 50.000] mean 5.765 -> /home/ids/skhairi/Data/dataggen/outputs/five_bench/_r35_absnorm_smoke/rho/dino_unblended/edit3/0091_A_hawk.npz
[ok] edit3/0092_A_fox: rho (18, 1560) range [2.003, 50.000] mean 5.764 -> /home/ids/skhairi/Data/dataggen/outputs/five_bench/_r35_absnorm_smoke/rho/dino_unblended/edit3/0092_A_fox.npz
[ok] edit3/0093_A_helicopter: rho (18, 1560) range [2.004, 50.000] mean 5.862 -> /home/ids/skhairi/Data/dataggen/outputs/five_bench/_r35_absnorm_smoke/rho/dino_unblended/edit3/0093_A_helicopter.npz
[ok] edit3/0094_A_swan: rho (18, 1560) range [2.002, 50.000] mean 5.864 -> /home/ids/skhairi/Data/dataggen/outputs/five_bench/_r35_absnorm_smoke/rho/dino_unblended/edit3/0094_A_swan.npz
[ok] edit3/0095_A_crow: rho (18, 1560) range [2.006, 50.000] mean 5.897 -> /home/ids/skhairi/Data/dataggen/outputs/five_bench/_r35_absnorm_smoke/rho/dino_unblended/edit3/0095_A_crow.npz
[ok] edit3/0096_A_car: rho (18, 1560) range [2.003, 50.000] mean 5.744 -> /home/ids/skhairi/Data/dataggen/outputs/five_bench/_r35_absnorm_smoke/rho/dino_unblended/edit3/0096_A_car.npz
[ok] edit3/0097_A_bird: rho (18, 1560) range [2.001, 50.000] mean 5.796 -> /home/ids/skhairi/Data/dataggen/outputs/five_bench/_r35_absnorm_smoke/rho/dino_unblended/edit3/0097_A_bird.npz
[ok] edit3/0098_A_squirrel: rho (18, 1560) range [2.005, 50.000] mean 5.691 -> /home/ids/skhairi/Data/dataggen/outputs/five_bench/_r35_absnorm_smoke/rho/dino_unblended/edit3/0098_A_squirrel.npz
[ok] edit3/0099_A_jogger: rho (18, 1560) range [2.006, 50.000] mean 5.774 -> /home/ids/skhairi/Data/dataggen/outputs/five_bench/_r35_absnorm_smoke/rho/dino_unblended/edit3/0099_A_jogger.npz
[ok] edit3/0100_A_deer: rho (18, 1560) range [2.002, 50.000] mean 5.827 -> /home/ids/skhairi/Data/dataggen/outputs/five_bench/_r35_absnorm_smoke/rho/dino_unblended/edit3/0100_A_deer.npz
[ok] edit4/0001_bus: rho (18, 1560) range [2.000, 50.000] mean 5.842 -> /home/ids/skhairi/Data/dataggen/outputs/five_bench/_r35_absnorm_smoke/rho/dino_unblended/edit4/0001_bus.npz
[ok] edit4/0002_girl-dog: rho (18, 1560) range [2.002, 50.000] mean 5.775 -> /home/ids/skhairi/Data/dataggen/outputs/five_bench/_r35_absnorm_smoke/rho/dino_unblended/edit4/0002_girl-dog.npz
[ok] edit4/0003_ocean-birds: rho (18, 1560) range [2.002, 50.000] mean 5.857 -> /home/ids/skhairi/Data/dataggen/outputs/five_bench/_r35_absnorm_smoke/rho/dino_unblended/edit4/0003_ocean-birds.npz
[ok] edit4/0004_car-roundabout: rho (18, 1560) range [2.005, 50.000] mean 5.773 -> /home/ids/skhairi/Data/dataggen/outputs/five_bench/_r35_absnorm_smoke/rho/dino_unblended/edit4/0004_car-roundabout.npz
[ok] edit4/0005_breakdance: rho (18, 1560) range [2.002, 50.000] mean 5.800 -> /home/ids/skhairi/Data/dataggen/outputs/five_bench/_r35_absnorm_smoke/rho/dino_unblended/edit4/0005_breakdance.npz
[ok] edit4/0006_paragliding: rho (18, 1560) range [2.003, 50.000] mean 5.806 -> /home/ids/skhairi/Data/dataggen/outputs/five_bench/_r35_absnorm_smoke/rho/dino_unblended/edit4/0006_paragliding.npz
[ok] edit4/0007_guitar-violin: rho (18, 1560) range [2.003, 50.000] mean 5.813 -> /home/ids/skhairi/Data/dataggen/outputs/five_bench/_r35_absnorm_smoke/rho/dino_unblended/edit4/0007_guitar-violin.npz
[ok] edit4/0008_snowboard-race: rho (18, 1560) range [2.004, 50.000] mean 5.804 -> /home/ids/skhairi/Data/dataggen/outputs/five_bench/_r35_absnorm_smoke/rho/dino_unblended/edit4/0008_snowboard-race.npz
[ok] edit4/0009_bear: rho (18, 1560) range [2.005, 50.000] mean 5.888 -> /home/ids/skhairi/Data/dataggen/outputs/five_bench/_r35_absnorm_smoke/rho/dino_unblended/edit4/0009_bear.npz
[ok] edit4/0010_giant-slalom: rho (18, 1560) range [2.007, 50.000] mean 5.761 -> /home/ids/skhairi/Data/dataggen/outputs/five_bench/_r35_absnorm_smoke/rho/dino_unblended/edit4/0010_giant-slalom.npz
[ok] edit4/0011_lucia: rho (18, 1560) range [2.006, 50.000] mean 5.864 -> /home/ids/skhairi/Data/dataggen/outputs/five_bench/_r35_absnorm_smoke/rho/dino_unblended/edit4/0011_lucia.npz
[ok] edit4/0012_goat: rho (18, 1560) range [2.003, 50.000] mean 5.768 -> /home/ids/skhairi/Data/dataggen/outputs/five_bench/_r35_absnorm_smoke/rho/dino_unblended/edit4/0012_goat.npz
[ok] edit4/0013_golf: rho (18, 1560) range [2.006, 50.000] mean 5.892 -> /home/ids/skhairi/Data/dataggen/outputs/five_bench/_r35_absnorm_smoke/rho/dino_unblended/edit4/0013_golf.npz
[ok] edit4/0014_burnout: rho (18, 1560) range [2.007, 50.000] mean 5.838 -> /home/ids/skhairi/Data/dataggen/outputs/five_bench/_r35_absnorm_smoke/rho/dino_unblended/edit4/0014_burnout.npz
[ok] edit4/0015_car-shadow: rho (18, 1560) range [2.005, 50.000] mean 5.864 -> /home/ids/skhairi/Data/dataggen/outputs/five_bench/_r35_absnorm_smoke/rho/dino_unblended/edit4/0015_car-shadow.npz
[ok] edit4/0016_horsejump-high: rho (18, 1560) range [2.002, 50.000] mean 5.735 -> /home/ids/skhairi/Data/dataggen/outputs/five_bench/_r35_absnorm_smoke/rho/dino_unblended/edit4/0016_horsejump-high.npz
[ok] edit4/0017_kid-football: rho (18, 1560) range [2.003, 50.000] mean 5.762 -> /home/ids/skhairi/Data/dataggen/outputs/five_bench/_r35_absnorm_smoke/rho/dino_unblended/edit4/0017_kid-football.npz
[ok] edit4/0018_breakdance-flare: rho (18, 1560) range [2.004, 50.000] mean 5.885 -> /home/ids/skhairi/Data/dataggen/outputs/five_bench/_r35_absnorm_smoke/rho/dino_unblended/edit4/0018_breakdance-flare.npz
[ok] edit4/0019_tennis-vest: rho (18, 1560) range [2.004, 50.000] mean 5.880 -> /home/ids/skhairi/Data/dataggen/outputs/five_bench/_r35_absnorm_smoke/rho/dino_unblended/edit4/0019_tennis-vest.npz
[ok] edit4/0020_monkeys: rho (18, 1560) range [2.007, 50.000] mean 5.904 -> /home/ids/skhairi/Data/dataggen/outputs/five_bench/_r35_absnorm_smoke/rho/dino_unblended/edit4/0020_monkeys.npz
[ok] edit4/0021_landing: rho (18, 1560) range [2.008, 50.000] mean 5.879 -> /home/ids/skhairi/Data/dataggen/outputs/five_bench/_r35_absnorm_smoke/rho/dino_unblended/edit4/0021_landing.npz
[ok] edit4/0022_skate-jump: rho (18, 1560) range [2.003, 50.000] mean 5.809 -> /home/ids/skhairi/Data/dataggen/outputs/five_bench/_r35_absnorm_smoke/rho/dino_unblended/edit4/0022_skate-jump.npz
[ok] edit4/0023_kayak-race: rho (18, 1560) range [2.001, 50.000] mean 5.815 -> /home/ids/skhairi/Data/dataggen/outputs/five_bench/_r35_absnorm_smoke/rho/dino_unblended/edit4/0023_kayak-race.npz
[ok] edit4/0024_hockey: rho (18, 1560) range [2.004, 50.000] mean 5.856 -> /home/ids/skhairi/Data/dataggen/outputs/five_bench/_r35_absnorm_smoke/rho/dino_unblended/edit4/0024_hockey.npz
[ok] edit4/0025_baseball: rho (18, 1560) range [2.003, 50.000] mean 5.802 -> /home/ids/skhairi/Data/dataggen/outputs/five_bench/_r35_absnorm_smoke/rho/dino_unblended/edit4/0025_baseball.npz
[ok] edit4/0026_table-tennis: rho (18, 1560) range [2.007, 50.000] mean 5.785 -> /home/ids/skhairi/Data/dataggen/outputs/five_bench/_r35_absnorm_smoke/rho/dino_unblended/edit4/0026_table-tennis.npz
[ok] edit4/0027_dance-jump: rho (18, 1560) range [2.005, 50.000] mean 5.820 -> /home/ids/skhairi/Data/dataggen/outputs/five_bench/_r35_absnorm_smoke/rho/dino_unblended/edit4/0027_dance-jump.npz
[ok] edit4/0028_kite-walk: rho (18, 1560) range [2.004, 50.000] mean 5.745 -> /home/ids/skhairi/Data/dataggen/outputs/five_bench/_r35_absnorm_smoke/rho/dino_unblended/edit4/0028_kite-walk.npz
[ok] edit4/0029_horsejump-stick: rho (18, 1560) range [2.007, 50.000] mean 5.841 -> /home/ids/skhairi/Data/dataggen/outputs/five_bench/_r35_absnorm_smoke/rho/dino_unblended/edit4/0029_horsejump-stick.npz
[ok] edit4/0030_rallye: rho (18, 1560) range [2.003, 50.000] mean 5.794 -> /home/ids/skhairi/Data/dataggen/outputs/five_bench/_r35_absnorm_smoke/rho/dino_unblended/edit4/0030_rallye.npz
[ok] edit4/0031_soccerball: rho (18, 1560) range [2.006, 50.000] mean 5.851 -> /home/ids/skhairi/Data/dataggen/outputs/five_bench/_r35_absnorm_smoke/rho/dino_unblended/edit4/0031_soccerball.npz
[ok] edit4/0032_mermaid: rho (18, 1560) range [2.002, 50.000] mean 5.784 -> /home/ids/skhairi/Data/dataggen/outputs/five_bench/_r35_absnorm_smoke/rho/dino_unblended/edit4/0032_mermaid.npz
[ok] edit4/0033_horsejump-low: rho (18, 1560) range [2.004, 50.000] mean 5.780 -> /home/ids/skhairi/Data/dataggen/outputs/five_bench/_r35_absnorm_smoke/rho/dino_unblended/edit4/0033_horsejump-low.npz
[ok] edit4/0034_cows: rho (18, 1560) range [2.004, 50.000] mean 5.753 -> /home/ids/skhairi/Data/dataggen/outputs/five_bench/_r35_absnorm_smoke/rho/dino_unblended/edit4/0034_cows.npz
[ok] edit4/0035_helicopter: rho (18, 1560) range [2.003, 50.000] mean 5.832 -> /home/ids/skhairi/Data/dataggen/outputs/five_bench/_r35_absnorm_smoke/rho/dino_unblended/edit4/0035_helicopter.npz
[ok] edit4/0036_camel: rho (18, 1560) range [2.004, 50.000] mean 5.854 -> /home/ids/skhairi/Data/dataggen/outputs/five_bench/_r35_absnorm_smoke/rho/dino_unblended/edit4/0036_camel.npz
[ok] edit4/0037_snowboard-sand: rho (18, 1560) range [2.002, 50.000] mean 5.799 -> /home/ids/skhairi/Data/dataggen/outputs/five_bench/_r35_absnorm_smoke/rho/dino_unblended/edit4/0037_snowboard-sand.npz
[ok] edit4/0038_motorbike: rho (18, 1560) range [2.005, 50.000] mean 5.751 -> /home/ids/skhairi/Data/dataggen/outputs/five_bench/_r35_absnorm_smoke/rho/dino_unblended/edit4/0038_motorbike.npz
[ok] edit4/0039_chamaleon: rho (18, 1560) range [2.006, 50.000] mean 5.922 -> /home/ids/skhairi/Data/dataggen/outputs/five_bench/_r35_absnorm_smoke/rho/dino_unblended/edit4/0039_chamaleon.npz
[ok] edit4/0040_tennis: rho (18, 1560) range [2.002, 50.000] mean 5.892 -> /home/ids/skhairi/Data/dataggen/outputs/five_bench/_r35_absnorm_smoke/rho/dino_unblended/edit4/0040_tennis.npz
[ok] edit4/0041_longboard: rho (18, 1560) range [2.003, 50.000] mean 5.829 -> /home/ids/skhairi/Data/dataggen/outputs/five_bench/_r35_absnorm_smoke/rho/dino_unblended/edit4/0041_longboard.npz
[ok] edit4/0042_gym-ball: rho (18, 1560) range [2.003, 50.000] mean 5.808 -> /home/ids/skhairi/Data/dataggen/outputs/five_bench/_r35_absnorm_smoke/rho/dino_unblended/edit4/0042_gym-ball.npz
[ok] edit4/0043_parkour: rho (18, 1560) range [2.004, 50.000] mean 5.758 -> /home/ids/skhairi/Data/dataggen/outputs/five_bench/_r35_absnorm_smoke/rho/dino_unblended/edit4/0043_parkour.npz
[ok] edit4/0044_snowboard: rho (18, 1560) range [2.004, 50.000] mean 5.827 -> /home/ids/skhairi/Data/dataggen/outputs/five_bench/_r35_absnorm_smoke/rho/dino_unblended/edit4/0044_snowboard.npz
[ok] edit4/0045_butterfly: rho (18, 1560) range [2.003, 50.000] mean 5.834 -> /home/ids/skhairi/Data/dataggen/outputs/five_bench/_r35_absnorm_smoke/rho/dino_unblended/edit4/0045_butterfly.npz
[ok] edit4/0046_blackswan: rho (18, 1560) range [2.003, 50.000] mean 5.838 -> /home/ids/skhairi/Data/dataggen/outputs/five_bench/_r35_absnorm_smoke/rho/dino_unblended/edit4/0046_blackswan.npz
[ok] edit4/0047_judo: rho (18, 1560) range [2.004, 50.000] mean 5.793 -> /home/ids/skhairi/Data/dataggen/outputs/five_bench/_r35_absnorm_smoke/rho/dino_unblended/edit4/0047_judo.npz
[ok] edit4/0048_hike: rho (18, 1560) range [2.003, 50.000] mean 5.797 -> /home/ids/skhairi/Data/dataggen/outputs/five_bench/_r35_absnorm_smoke/rho/dino_unblended/edit4/0048_hike.npz
[ok] edit4/0049_speed-skating: rho (18, 1560) range [2.001, 50.000] mean 5.779 -> /home/ids/skhairi/Data/dataggen/outputs/five_bench/_r35_absnorm_smoke/rho/dino_unblended/edit4/0049_speed-skating.npz
[ok] edit4/0050_slackline: rho (18, 1560) range [2.004, 50.000] mean 5.856 -> /home/ids/skhairi/Data/dataggen/outputs/five_bench/_r35_absnorm_smoke/rho/dino_unblended/edit4/0050_slackline.npz
[ok] edit4/0051_dogs-jump: rho (18, 1560) range [2.002, 50.000] mean 5.797 -> /home/ids/skhairi/Data/dataggen/outputs/five_bench/_r35_absnorm_smoke/rho/dino_unblended/edit4/0051_dogs-jump.npz
[ok] edit4/0052_mallard-fly: rho (18, 1560) range [2.002, 50.000] mean 5.885 -> /home/ids/skhairi/Data/dataggen/outputs/five_bench/_r35_absnorm_smoke/rho/dino_unblended/edit4/0052_mallard-fly.npz
[ok] edit4/0053_swing: rho (18, 1560) range [2.005, 50.000] mean 5.733 -> /home/ids/skhairi/Data/dataggen/outputs/five_bench/_r35_absnorm_smoke/rho/dino_unblended/edit4/0053_swing.npz
[ok] edit4/0054_train: rho (18, 1560) range [2.004, 50.000] mean 5.804 -> /home/ids/skhairi/Data/dataggen/outputs/five_bench/_r35_absnorm_smoke/rho/dino_unblended/edit4/0054_train.npz
[ok] edit4/0055_pigs: rho (18, 1560) range [2.003, 50.000] mean 5.791 -> /home/ids/skhairi/Data/dataggen/outputs/five_bench/_r35_absnorm_smoke/rho/dino_unblended/edit4/0055_pigs.npz
[ok] edit4/0056_kart-turn: rho (18, 1560) range [2.002, 50.000] mean 5.803 -> /home/ids/skhairi/Data/dataggen/outputs/five_bench/_r35_absnorm_smoke/rho/dino_unblended/edit4/0056_kart-turn.npz
[ok] edit4/0057_dog: rho (18, 1560) range [2.004, 50.000] mean 5.799 -> /home/ids/skhairi/Data/dataggen/outputs/five_bench/_r35_absnorm_smoke/rho/dino_unblended/edit4/0057_dog.npz
[ok] edit4/0058_boat: rho (18, 1560) range [2.001, 50.000] mean 5.850 -> /home/ids/skhairi/Data/dataggen/outputs/five_bench/_r35_absnorm_smoke/rho/dino_unblended/edit4/0058_boat.npz
[ok] edit4/0059_drift-straight: rho (18, 1560) range [2.008, 50.000] mean 5.811 -> /home/ids/skhairi/Data/dataggen/outputs/five_bench/_r35_absnorm_smoke/rho/dino_unblended/edit4/0059_drift-straight.npz
[ok] edit4/0060_motocross-bumps: rho (18, 1560) range [2.003, 50.000] mean 5.798 -> /home/ids/skhairi/Data/dataggen/outputs/five_bench/_r35_absnorm_smoke/rho/dino_unblended/edit4/0060_motocross-bumps.npz
[ok] edit4/0061_mbike-santa: rho (18, 1560) range [2.003, 50.000] mean 5.889 -> /home/ids/skhairi/Data/dataggen/outputs/five_bench/_r35_absnorm_smoke/rho/dino_unblended/edit4/0061_mbike-santa.npz
[ok] edit4/0062_elephant: rho (18, 1560) range [2.004, 50.000] mean 5.800 -> /home/ids/skhairi/Data/dataggen/outputs/five_bench/_r35_absnorm_smoke/rho/dino_unblended/edit4/0062_elephant.npz
[ok] edit4/0063_drift-turn: rho (18, 1560) range [2.003, 50.000] mean 5.772 -> /home/ids/skhairi/Data/dataggen/outputs/five_bench/_r35_absnorm_smoke/rho/dino_unblended/edit4/0063_drift-turn.npz
[ok] edit4/0064_rollerblade: rho (18, 1560) range [2.001, 50.000] mean 5.829 -> /home/ids/skhairi/Data/dataggen/outputs/five_bench/_r35_absnorm_smoke/rho/dino_unblended/edit4/0064_rollerblade.npz
[ok] edit4/0065_twist-dance: rho (18, 1560) range [2.003, 50.000] mean 5.751 -> /home/ids/skhairi/Data/dataggen/outputs/five_bench/_r35_absnorm_smoke/rho/dino_unblended/edit4/0065_twist-dance.npz
[ok] edit4/0066_deer: rho (18, 1560) range [2.001, 50.000] mean 5.857 -> /home/ids/skhairi/Data/dataggen/outputs/five_bench/_r35_absnorm_smoke/rho/dino_unblended/edit4/0066_deer.npz
[ok] edit4/0067_mbike-trick: rho (18, 1560) range [2.003, 50.000] mean 5.863 -> /home/ids/skhairi/Data/dataggen/outputs/five_bench/_r35_absnorm_smoke/rho/dino_unblended/edit4/0067_mbike-trick.npz
[ok] edit4/0068_planes-water: rho (18, 1560) range [2.005, 50.000] mean 5.783 -> /home/ids/skhairi/Data/dataggen/outputs/five_bench/_r35_absnorm_smoke/rho/dino_unblended/edit4/0068_planes-water.npz
[ok] edit4/0069_car-turn: rho (18, 1560) range [2.003, 50.000] mean 5.793 -> /home/ids/skhairi/Data/dataggen/outputs/five_bench/_r35_absnorm_smoke/rho/dino_unblended/edit4/0069_car-turn.npz
[ok] edit4/0070_dance-twirl: rho (18, 1560) range [2.003, 50.000] mean 5.831 -> /home/ids/skhairi/Data/dataggen/outputs/five_bench/_r35_absnorm_smoke/rho/dino_unblended/edit4/0070_dance-twirl.npz
[ok] edit4/0071_mallard-water: rho (18, 1560) range [2.006, 50.000] mean 5.850 -> /home/ids/skhairi/Data/dataggen/outputs/five_bench/_r35_absnorm_smoke/rho/dino_unblended/edit4/0071_mallard-water.npz
[ok] edit4/0072_dog-agility: rho (18, 1560) range [2.003, 50.000] mean 5.790 -> /home/ids/skhairi/Data/dataggen/outputs/five_bench/_r35_absnorm_smoke/rho/dino_unblended/edit4/0072_dog-agility.npz
[ok] edit4/0073_bmx-rider: rho (18, 1560) range [2.002, 50.000] mean 5.767 -> /home/ids/skhairi/Data/dataggen/outputs/five_bench/_r35_absnorm_smoke/rho/dino_unblended/edit4/0073_bmx-rider.npz
[ok] edit4/0074_rhino: rho (18, 1560) range [2.003, 50.000] mean 5.841 -> /home/ids/skhairi/Data/dataggen/outputs/five_bench/_r35_absnorm_smoke/rho/dino_unblended/edit4/0074_rhino.npz
[ok] edit4/0075_A_bicycle: rho (18, 1560) range [2.004, 50.000] mean 5.797 -> /home/ids/skhairi/Data/dataggen/outputs/five_bench/_r35_absnorm_smoke/rho/dino_unblended/edit4/0075_A_bicycle.npz
[ok] edit4/0076_A_rabbit: rho (18, 1560) range [2.001, 50.000] mean 5.808 -> /home/ids/skhairi/Data/dataggen/outputs/five_bench/_r35_absnorm_smoke/rho/dino_unblended/edit4/0076_A_rabbit.npz
[ok] edit4/0077_A_hawk: rho (18, 1560) range [2.008, 50.000] mean 5.879 -> /home/ids/skhairi/Data/dataggen/outputs/five_bench/_r35_absnorm_smoke/rho/dino_unblended/edit4/0077_A_hawk.npz
[ok] edit4/0078_A_cat: rho (18, 1560) range [2.003, 50.000] mean 5.736 -> /home/ids/skhairi/Data/dataggen/outputs/five_bench/_r35_absnorm_smoke/rho/dino_unblended/edit4/0078_A_cat.npz
[ok] edit4/0079_A_bus: rho (18, 1560) range [2.001, 50.000] mean 5.775 -> /home/ids/skhairi/Data/dataggen/outputs/five_bench/_r35_absnorm_smoke/rho/dino_unblended/edit4/0079_A_bus.npz
[ok] edit4/0080_A_motorcycle: rho (18, 1560) range [2.003, 50.000] mean 5.695 -> /home/ids/skhairi/Data/dataggen/outputs/five_bench/_r35_absnorm_smoke/rho/dino_unblended/edit4/0080_A_motorcycle.npz
[ok] edit4/0081_A_horse: rho (18, 1560) range [2.001, 50.000] mean 5.853 -> /home/ids/skhairi/Data/dataggen/outputs/five_bench/_r35_absnorm_smoke/rho/dino_unblended/edit4/0081_A_horse.npz
[ok] edit4/0082_A_tram: rho (18, 1560) range [2.001, 50.000] mean 5.838 -> /home/ids/skhairi/Data/dataggen/outputs/five_bench/_r35_absnorm_smoke/rho/dino_unblended/edit4/0082_A_tram.npz
[ok] edit4/0083_A_boat: rho (18, 1560) range [2.001, 50.000] mean 5.618 -> /home/ids/skhairi/Data/dataggen/outputs/five_bench/_r35_absnorm_smoke/rho/dino_unblended/edit4/0083_A_boat.npz
[ok] edit4/0084_A_squirrel: rho (18, 1560) range [2.002, 50.000] mean 5.805 -> /home/ids/skhairi/Data/dataggen/outputs/five_bench/_r35_absnorm_smoke/rho/dino_unblended/edit4/0084_A_squirrel.npz
[ok] edit4/0085_A_tram: rho (18, 1560) range [2.001, 50.000] mean 5.736 -> /home/ids/skhairi/Data/dataggen/outputs/five_bench/_r35_absnorm_smoke/rho/dino_unblended/edit4/0085_A_tram.npz
[ok] edit4/0086_A_red_sports_car: rho (18, 1560) range [2.001, 50.000] mean 5.904 -> /home/ids/skhairi/Data/dataggen/outputs/five_bench/_r35_absnorm_smoke/rho/dino_unblended/edit4/0086_A_red_sports_car.npz
[ok] edit4/0087_A_seagull: rho (18, 1560) range [2.007, 50.000] mean 5.725 -> /home/ids/skhairi/Data/dataggen/outputs/five_bench/_r35_absnorm_smoke/rho/dino_unblended/edit4/0087_A_seagull.npz
[ok] edit4/0088_A_cyclist: rho (18, 1560) range [2.004, 50.000] mean 5.801 -> /home/ids/skhairi/Data/dataggen/outputs/five_bench/_r35_absnorm_smoke/rho/dino_unblended/edit4/0088_A_cyclist.npz
[ok] edit4/0089_A_dog: rho (18, 1560) range [2.007, 50.000] mean 5.841 -> /home/ids/skhairi/Data/dataggen/outputs/five_bench/_r35_absnorm_smoke/rho/dino_unblended/edit4/0089_A_dog.npz
[ok] edit4/0090_A_deer: rho (18, 1560) range [2.004, 50.000] mean 5.842 -> /home/ids/skhairi/Data/dataggen/outputs/five_bench/_r35_absnorm_smoke/rho/dino_unblended/edit4/0090_A_deer.npz
[ok] edit4/0091_A_hawk: rho (18, 1560) range [2.008, 50.000] mean 5.807 -> /home/ids/skhairi/Data/dataggen/outputs/five_bench/_r35_absnorm_smoke/rho/dino_unblended/edit4/0091_A_hawk.npz
[ok] edit4/0092_A_fox: rho (18, 1560) range [2.002, 50.000] mean 5.765 -> /home/ids/skhairi/Data/dataggen/outputs/five_bench/_r35_absnorm_smoke/rho/dino_unblended/edit4/0092_A_fox.npz
[ok] edit4/0093_A_helicopter: rho (18, 1560) range [2.004, 50.000] mean 5.814 -> /home/ids/skhairi/Data/dataggen/outputs/five_bench/_r35_absnorm_smoke/rho/dino_unblended/edit4/0093_A_helicopter.npz
[ok] edit4/0094_A_swan: rho (18, 1560) range [2.002, 50.000] mean 5.774 -> /home/ids/skhairi/Data/dataggen/outputs/five_bench/_r35_absnorm_smoke/rho/dino_unblended/edit4/0094_A_swan.npz
[ok] edit4/0095_A_crow: rho (18, 1560) range [2.003, 50.000] mean 5.787 -> /home/ids/skhairi/Data/dataggen/outputs/five_bench/_r35_absnorm_smoke/rho/dino_unblended/edit4/0095_A_crow.npz
[ok] edit4/0096_A_car: rho (18, 1560) range [2.001, 50.000] mean 5.803 -> /home/ids/skhairi/Data/dataggen/outputs/five_bench/_r35_absnorm_smoke/rho/dino_unblended/edit4/0096_A_car.npz
[ok] edit4/0097_A_bird: rho (18, 1560) range [2.003, 50.000] mean 5.797 -> /home/ids/skhairi/Data/dataggen/outputs/five_bench/_r35_absnorm_smoke/rho/dino_unblended/edit4/0097_A_bird.npz
[ok] edit4/0098_A_squirrel: rho (18, 1560) range [2.002, 50.000] mean 5.762 -> /home/ids/skhairi/Data/dataggen/outputs/five_bench/_r35_absnorm_smoke/rho/dino_unblended/edit4/0098_A_squirrel.npz
[ok] edit4/0099_A_jogger: rho (18, 1560) range [2.006, 50.000] mean 5.815 -> /home/ids/skhairi/Data/dataggen/outputs/five_bench/_r35_absnorm_smoke/rho/dino_unblended/edit4/0099_A_jogger.npz
[ok] edit4/0100_A_deer: rho (18, 1560) range [2.004, 50.000] mean 5.801 -> /home/ids/skhairi/Data/dataggen/outputs/five_bench/_r35_absnorm_smoke/rho/dino_unblended/edit4/0100_A_deer.npz
[ok] edit5/0007_guitar-violin: rho (18, 1560) range [2.002, 50.000] mean 5.863 -> /home/ids/skhairi/Data/dataggen/outputs/five_bench/_r35_absnorm_smoke/rho/dino_unblended/edit5/0007_guitar-violin.npz
[ok] edit5/0009_bear: rho (18, 1560) range [2.005, 50.000] mean 5.835 -> /home/ids/skhairi/Data/dataggen/outputs/five_bench/_r35_absnorm_smoke/rho/dino_unblended/edit5/0009_bear.npz
[ok] edit5/0011_lucia: rho (18, 1560) range [2.006, 50.000] mean 5.777 -> /home/ids/skhairi/Data/dataggen/outputs/five_bench/_r35_absnorm_smoke/rho/dino_unblended/edit5/0011_lucia.npz
[ok] edit5/0019_tennis-vest: rho (18, 1560) range [2.007, 50.000] mean 5.834 -> /home/ids/skhairi/Data/dataggen/outputs/five_bench/_r35_absnorm_smoke/rho/dino_unblended/edit5/0019_tennis-vest.npz
[ok] edit5/0034_cows: rho (18, 1560) range [2.008, 50.000] mean 5.845 -> /home/ids/skhairi/Data/dataggen/outputs/five_bench/_r35_absnorm_smoke/rho/dino_unblended/edit5/0034_cows.npz
[ok] edit5/0036_camel: rho (18, 1560) range [2.002, 50.000] mean 5.762 -> /home/ids/skhairi/Data/dataggen/outputs/five_bench/_r35_absnorm_smoke/rho/dino_unblended/edit5/0036_camel.npz
[ok] edit5/0057_dog: rho (18, 1560) range [2.003, 50.000] mean 5.922 -> /home/ids/skhairi/Data/dataggen/outputs/five_bench/_r35_absnorm_smoke/rho/dino_unblended/edit5/0057_dog.npz
[ok] edit5/0069_car-turn: rho (18, 1560) range [2.003, 50.000] mean 5.795 -> /home/ids/skhairi/Data/dataggen/outputs/five_bench/_r35_absnorm_smoke/rho/dino_unblended/edit5/0069_car-turn.npz
[ok] edit5/0089_A_dog: rho (18, 1560) range [2.000, 50.000] mean 5.749 -> /home/ids/skhairi/Data/dataggen/outputs/five_bench/_r35_absnorm_smoke/rho/dino_unblended/edit5/0089_A_dog.npz
[ok] edit6/0002_girl-dog: rho (18, 1560) range [2.002, 50.000] mean 5.828 -> /home/ids/skhairi/Data/dataggen/outputs/five_bench/_r35_absnorm_smoke/rho/dino_unblended/edit6/0002_girl-dog.npz
[ok] edit6/0017_kid-football: rho (18, 1560) range [2.003, 50.000] mean 5.843 -> /home/ids/skhairi/Data/dataggen/outputs/five_bench/_r35_absnorm_smoke/rho/dino_unblended/edit6/0017_kid-football.npz
[ok] edit6/0025_baseball: rho (18, 1560) range [2.008, 50.000] mean 5.902 -> /home/ids/skhairi/Data/dataggen/outputs/five_bench/_r35_absnorm_smoke/rho/dino_unblended/edit6/0025_baseball.npz
[ok] edit6/0041_longboard: rho (18, 1560) range [2.004, 50.000] mean 5.794 -> /home/ids/skhairi/Data/dataggen/outputs/five_bench/_r35_absnorm_smoke/rho/dino_unblended/edit6/0041_longboard.npz
[ok] edit6/0042_gym-ball: rho (18, 1560) range [2.002, 50.000] mean 5.720 -> /home/ids/skhairi/Data/dataggen/outputs/five_bench/_r35_absnorm_smoke/rho/dino_unblended/edit6/0042_gym-ball.npz
[ok] edit6/0048_hike: rho (18, 1560) range [2.006, 50.000] mean 5.846 -> /home/ids/skhairi/Data/dataggen/outputs/five_bench/_r35_absnorm_smoke/rho/dino_unblended/edit6/0048_hike.npz
[ok] edit6/0051_dogs-jump: rho (18, 1560) range [2.001, 50.000] mean 5.784 -> /home/ids/skhairi/Data/dataggen/outputs/five_bench/_r35_absnorm_smoke/rho/dino_unblended/edit6/0051_dogs-jump.npz
[ok] edit6/0055_pigs: rho (18, 1560) range [2.003, 50.000] mean 5.832 -> /home/ids/skhairi/Data/dataggen/outputs/five_bench/_r35_absnorm_smoke/rho/dino_unblended/edit6/0055_pigs.npz
[ok] edit6/0078_A_cat: rho (18, 1560) range [2.004, 50.000] mean 5.864 -> /home/ids/skhairi/Data/dataggen/outputs/five_bench/_r35_absnorm_smoke/rho/dino_unblended/edit6/0078_A_cat.npz
[ok] edit6/0088_A_cyclist: rho (18, 1560) range [2.003, 50.000] mean 5.810 -> /home/ids/skhairi/Data/dataggen/outputs/five_bench/_r35_absnorm_smoke/rho/dino_unblended/edit6/0088_A_cyclist.npz
[r31_rho_map] done: 419/419 ok -> /home/ids/skhairi/Data/dataggen/outputs/five_bench/_r35_absnorm_smoke/rho/dino_unblended
=== [r35_absnorm] dino_first2  (div_max=0.65) ===
[r35_absnorm] dino_first2: 419 stage-2 npz found (expect 419)

[r31_div_abs] arm=dino_first2 absolute range [0, 0.65] (419 clips) -> /home/ids/skhairi/Data/dataggen/outputs/five_bench/_r35_absnorm_smoke/div_abs/dino_first2
[ok] dino_first2/edit1/0001_bus: d_max_clip=1.5213 -> m_abs_max=1.0000 mean=0.3761 clipped=3.2728% frac(m>0.5)=0.266
[ok] dino_first2/edit1/0002_girl-dog: d_max_clip=1.5898 -> m_abs_max=1.0000 mean=0.3770 clipped=3.4473% frac(m>0.5)=0.265
[ok] dino_first2/edit1/0003_ocean-birds: d_max_clip=1.6080 -> m_abs_max=1.0000 mean=0.3782 clipped=3.4900% frac(m>0.5)=0.269
[ok] dino_first2/edit1/0004_car-roundabout: d_max_clip=1.4955 -> m_abs_max=1.0000 mean=0.3775 clipped=3.4081% frac(m>0.5)=0.267
[ok] dino_first2/edit1/0005_breakdance: d_max_clip=1.6177 -> m_abs_max=1.0000 mean=0.3791 clipped=3.3618% frac(m>0.5)=0.270
[ok] dino_first2/edit1/0006_paragliding: d_max_clip=2.0843 -> m_abs_max=1.0000 mean=0.3785 clipped=3.6396% frac(m>0.5)=0.270
[ok] dino_first2/edit1/0007_guitar-violin: d_max_clip=1.6580 -> m_abs_max=1.0000 mean=0.3800 clipped=3.3654% frac(m>0.5)=0.273
[ok] dino_first2/edit1/0008_snowboard-race: d_max_clip=1.6938 -> m_abs_max=1.0000 mean=0.3751 clipped=3.2728% frac(m>0.5)=0.264
[ok] dino_first2/edit1/0009_bear: d_max_clip=1.6738 -> m_abs_max=1.0000 mean=0.3778 clipped=3.4081% frac(m>0.5)=0.270
[ok] dino_first2/edit1/0010_giant-slalom: d_max_clip=2.0866 -> m_abs_max=1.0000 mean=0.3761 clipped=3.4295% frac(m>0.5)=0.266
[ok] dino_first2/edit1/0011_lucia: d_max_clip=1.8161 -> m_abs_max=1.0000 mean=0.3781 clipped=3.4900% frac(m>0.5)=0.269
[ok] dino_first2/edit1/0012_goat: d_max_clip=1.9339 -> m_abs_max=1.0000 mean=0.3775 clipped=3.3618% frac(m>0.5)=0.270
[ok] dino_first2/edit1/0013_golf: d_max_clip=1.8583 -> m_abs_max=1.0000 mean=0.3749 clipped=3.5791% frac(m>0.5)=0.263
[ok] dino_first2/edit1/0014_burnout: d_max_clip=1.7890 -> m_abs_max=1.0000 mean=0.3759 clipped=3.4295% frac(m>0.5)=0.264
[ok] dino_first2/edit1/0015_car-shadow: d_max_clip=1.6231 -> m_abs_max=1.0000 mean=0.3770 clipped=3.5541% frac(m>0.5)=0.267
[ok] dino_first2/edit1/0016_horsejump-high: d_max_clip=1.6484 -> m_abs_max=1.0000 mean=0.3803 clipped=3.5470% frac(m>0.5)=0.272
[ok] dino_first2/edit1/0017_kid-football: d_max_clip=1.7074 -> m_abs_max=1.0000 mean=0.3762 clipped=3.5007% frac(m>0.5)=0.267
[ok] dino_first2/edit1/0018_breakdance-flare: d_max_clip=1.6139 -> m_abs_max=1.0000 mean=0.3751 clipped=3.5114% frac(m>0.5)=0.264
[ok] dino_first2/edit1/0019_tennis-vest: d_max_clip=1.4885 -> m_abs_max=1.0000 mean=0.3787 clipped=3.5434% frac(m>0.5)=0.272
[ok] dino_first2/edit1/0020_monkeys: d_max_clip=1.6108 -> m_abs_max=1.0000 mean=0.3778 clipped=3.4615% frac(m>0.5)=0.267
[ok] dino_first2/edit1/0021_landing: d_max_clip=1.6882 -> m_abs_max=1.0000 mean=0.3759 clipped=3.3333% frac(m>0.5)=0.264
[ok] dino_first2/edit1/0022_skate-jump: d_max_clip=1.5167 -> m_abs_max=1.0000 mean=0.3769 clipped=3.3939% frac(m>0.5)=0.267
[ok] dino_first2/edit1/0023_kayak-race: d_max_clip=1.6551 -> m_abs_max=1.0000 mean=0.3754 clipped=3.2265% frac(m>0.5)=0.266
[ok] dino_first2/edit1/0024_hockey: d_max_clip=1.8801 -> m_abs_max=1.0000 mean=0.3796 clipped=3.4793% frac(m>0.5)=0.271
[ok] dino_first2/edit1/0025_baseball: d_max_clip=1.6742 -> m_abs_max=1.0000 mean=0.3769 clipped=3.5221% frac(m>0.5)=0.268
[ok] dino_first2/edit1/0026_table-tennis: d_max_clip=1.5668 -> m_abs_max=1.0000 mean=0.3793 clipped=3.5755% frac(m>0.5)=0.270
[ok] dino_first2/edit1/0027_dance-jump: d_max_clip=1.7690 -> m_abs_max=1.0000 mean=0.3774 clipped=3.4152% frac(m>0.5)=0.265
[ok] dino_first2/edit1/0028_kite-walk: d_max_clip=1.8084 -> m_abs_max=1.0000 mean=0.3773 clipped=3.2906% frac(m>0.5)=0.270
[ok] dino_first2/edit1/0029_horsejump-stick: d_max_clip=1.6804 -> m_abs_max=1.0000 mean=0.3742 clipped=3.3191% frac(m>0.5)=0.265
[ok] dino_first2/edit1/0030_rallye: d_max_clip=1.6296 -> m_abs_max=1.0000 mean=0.3770 clipped=3.4366% frac(m>0.5)=0.266
[ok] dino_first2/edit1/0031_soccerball: d_max_clip=1.5540 -> m_abs_max=1.0000 mean=0.3760 clipped=3.5221% frac(m>0.5)=0.266
[ok] dino_first2/edit1/0032_mermaid: d_max_clip=1.4792 -> m_abs_max=1.0000 mean=0.3770 clipped=3.3761% frac(m>0.5)=0.272
[ok] dino_first2/edit1/0033_horsejump-low: d_max_clip=1.6440 -> m_abs_max=1.0000 mean=0.3767 clipped=3.4865% frac(m>0.5)=0.266
[ok] dino_first2/edit1/0034_cows: d_max_clip=1.5727 -> m_abs_max=1.0000 mean=0.3755 clipped=3.3440% frac(m>0.5)=0.266
[ok] dino_first2/edit1/0035_helicopter: d_max_clip=1.7023 -> m_abs_max=1.0000 mean=0.3772 clipped=3.3725% frac(m>0.5)=0.268
[ok] dino_first2/edit1/0036_camel: d_max_clip=1.6075 -> m_abs_max=1.0000 mean=0.3761 clipped=3.3191% frac(m>0.5)=0.267
[ok] dino_first2/edit1/0037_snowboard-sand: d_max_clip=1.6190 -> m_abs_max=1.0000 mean=0.3773 clipped=3.4152% frac(m>0.5)=0.268
[ok] dino_first2/edit1/0038_motorbike: d_max_clip=1.7616 -> m_abs_max=1.0000 mean=0.3776 clipped=3.3796% frac(m>0.5)=0.268
[ok] dino_first2/edit1/0039_chamaleon: d_max_clip=1.5281 -> m_abs_max=1.0000 mean=0.3774 clipped=3.2514% frac(m>0.5)=0.268
[ok] dino_first2/edit1/0040_tennis: d_max_clip=1.6491 -> m_abs_max=1.0000 mean=0.3784 clipped=3.5791% frac(m>0.5)=0.268
[ok] dino_first2/edit1/0041_longboard: d_max_clip=2.1000 -> m_abs_max=1.0000 mean=0.3772 clipped=3.6182% frac(m>0.5)=0.265
[ok] dino_first2/edit1/0042_gym-ball: d_max_clip=1.8353 -> m_abs_max=1.0000 mean=0.3776 clipped=3.2407% frac(m>0.5)=0.269
[ok] dino_first2/edit1/0043_parkour: d_max_clip=1.9995 -> m_abs_max=1.0000 mean=0.3772 clipped=3.3048% frac(m>0.5)=0.266
[ok] dino_first2/edit1/0044_snowboard: d_max_clip=1.5220 -> m_abs_max=1.0000 mean=0.3765 clipped=3.4152% frac(m>0.5)=0.266
[ok] dino_first2/edit1/0045_butterfly: d_max_clip=1.7755 -> m_abs_max=1.0000 mean=0.3756 clipped=3.1481% frac(m>0.5)=0.262
[ok] dino_first2/edit1/0046_blackswan: d_max_clip=1.5829 -> m_abs_max=1.0000 mean=0.3775 clipped=3.5185% frac(m>0.5)=0.268
[ok] dino_first2/edit1/0047_judo: d_max_clip=2.1507 -> m_abs_max=1.0000 mean=0.3792 clipped=3.5613% frac(m>0.5)=0.272
[ok] dino_first2/edit1/0048_hike: d_max_clip=1.7985 -> m_abs_max=1.0000 mean=0.3777 clipped=3.3120% frac(m>0.5)=0.270
[ok] dino_first2/edit1/0049_speed-skating: d_max_clip=2.0960 -> m_abs_max=1.0000 mean=0.3741 clipped=3.4046% frac(m>0.5)=0.260
[ok] dino_first2/edit1/0050_slackline: d_max_clip=1.6861 -> m_abs_max=1.0000 mean=0.3786 clipped=3.5897% frac(m>0.5)=0.269
[ok] dino_first2/edit1/0051_dogs-jump: d_max_clip=1.8158 -> m_abs_max=1.0000 mean=0.3746 clipped=3.3013% frac(m>0.5)=0.263
[ok] dino_first2/edit1/0052_mallard-fly: d_max_clip=2.2519 -> m_abs_max=1.0000 mean=0.3771 clipped=3.4580% frac(m>0.5)=0.267
[ok] dino_first2/edit1/0053_swing: d_max_clip=1.6844 -> m_abs_max=1.0000 mean=0.3775 clipped=3.4330% frac(m>0.5)=0.268
[ok] dino_first2/edit1/0054_train: d_max_clip=1.8793 -> m_abs_max=1.0000 mean=0.3776 clipped=3.5114% frac(m>0.5)=0.270
[ok] dino_first2/edit1/0055_pigs: d_max_clip=1.4820 -> m_abs_max=1.0000 mean=0.3767 clipped=3.3048% frac(m>0.5)=0.271
[ok] dino_first2/edit1/0056_kart-turn: d_max_clip=1.4734 -> m_abs_max=1.0000 mean=0.3785 clipped=3.2870% frac(m>0.5)=0.270
[ok] dino_first2/edit1/0057_dog: d_max_clip=1.6993 -> m_abs_max=1.0000 mean=0.3789 clipped=3.5577% frac(m>0.5)=0.269
[ok] dino_first2/edit1/0058_boat: d_max_clip=1.5708 -> m_abs_max=1.0000 mean=0.3785 clipped=3.6325% frac(m>0.5)=0.270
[ok] dino_first2/edit1/0059_drift-straight: d_max_clip=1.8263 -> m_abs_max=1.0000 mean=0.3783 clipped=3.3583% frac(m>0.5)=0.271
[ok] dino_first2/edit1/0060_motocross-bumps: d_max_clip=1.6852 -> m_abs_max=1.0000 mean=0.3767 clipped=3.4651% frac(m>0.5)=0.268
[ok] dino_first2/edit1/0061_mbike-santa: d_max_clip=1.9430 -> m_abs_max=1.0000 mean=0.3771 clipped=3.3832% frac(m>0.5)=0.268
[ok] dino_first2/edit1/0062_elephant: d_max_clip=1.8766 -> m_abs_max=1.0000 mean=0.3775 clipped=3.3476% frac(m>0.5)=0.268
[ok] dino_first2/edit1/0063_drift-turn: d_max_clip=1.7003 -> m_abs_max=1.0000 mean=0.3782 clipped=3.4473% frac(m>0.5)=0.266
[ok] dino_first2/edit1/0064_rollerblade: d_max_clip=2.0373 -> m_abs_max=1.0000 mean=0.3776 clipped=3.6396% frac(m>0.5)=0.268
[ok] dino_first2/edit1/0065_twist-dance: d_max_clip=1.6959 -> m_abs_max=1.0000 mean=0.3779 clipped=3.4936% frac(m>0.5)=0.271
[ok] dino_first2/edit1/0066_deer: d_max_clip=1.4731 -> m_abs_max=1.0000 mean=0.3775 clipped=3.5150% frac(m>0.5)=0.267
[ok] dino_first2/edit1/0067_mbike-trick: d_max_clip=1.6999 -> m_abs_max=1.0000 mean=0.3769 clipped=3.4687% frac(m>0.5)=0.266
[ok] dino_first2/edit1/0068_planes-water: d_max_clip=1.5101 -> m_abs_max=1.0000 mean=0.3789 clipped=3.5577% frac(m>0.5)=0.272
[ok] dino_first2/edit1/0069_car-turn: d_max_clip=1.9510 -> m_abs_max=1.0000 mean=0.3766 clipped=3.3369% frac(m>0.5)=0.267
[ok] dino_first2/edit1/0070_dance-twirl: d_max_clip=1.5461 -> m_abs_max=1.0000 mean=0.3754 clipped=3.3618% frac(m>0.5)=0.263
[ok] dino_first2/edit1/0071_mallard-water: d_max_clip=1.7041 -> m_abs_max=1.0000 mean=0.3780 clipped=3.3013% frac(m>0.5)=0.268
[ok] dino_first2/edit1/0072_dog-agility: d_max_clip=1.7831 -> m_abs_max=1.0000 mean=0.3759 clipped=3.3725% frac(m>0.5)=0.265
[ok] dino_first2/edit1/0073_bmx-rider: d_max_clip=1.6352 -> m_abs_max=1.0000 mean=0.3752 clipped=3.4829% frac(m>0.5)=0.266
[ok] dino_first2/edit1/0074_rhino: d_max_clip=1.7350 -> m_abs_max=1.0000 mean=0.3767 clipped=3.3226% frac(m>0.5)=0.267
[ok] dino_first2/edit1/0075_A_bicycle: d_max_clip=1.4412 -> m_abs_max=1.0000 mean=0.3803 clipped=3.7322% frac(m>0.5)=0.270
[ok] dino_first2/edit1/0076_A_rabbit: d_max_clip=1.4549 -> m_abs_max=1.0000 mean=0.3775 clipped=3.1766% frac(m>0.5)=0.270
[ok] dino_first2/edit1/0077_A_hawk: d_max_clip=1.5943 -> m_abs_max=1.0000 mean=0.3772 clipped=3.5363% frac(m>0.5)=0.266
[ok] dino_first2/edit1/0078_A_cat: d_max_clip=1.7206 -> m_abs_max=1.0000 mean=0.3788 clipped=3.5826% frac(m>0.5)=0.270
[ok] dino_first2/edit1/0079_A_bus: d_max_clip=1.7942 -> m_abs_max=1.0000 mean=0.3770 clipped=3.5434% frac(m>0.5)=0.266
[ok] dino_first2/edit1/0080_A_motorcycle: d_max_clip=2.0267 -> m_abs_max=1.0000 mean=0.3749 clipped=3.3654% frac(m>0.5)=0.266
[ok] dino_first2/edit1/0081_A_horse: d_max_clip=1.5349 -> m_abs_max=1.0000 mean=0.3762 clipped=3.3048% frac(m>0.5)=0.263
[ok] dino_first2/edit1/0082_A_tram: d_max_clip=1.5408 -> m_abs_max=1.0000 mean=0.3738 clipped=3.2407% frac(m>0.5)=0.262
[ok] dino_first2/edit1/0083_A_boat: d_max_clip=1.5626 -> m_abs_max=1.0000 mean=0.3763 clipped=3.4473% frac(m>0.5)=0.265
[ok] dino_first2/edit1/0084_A_squirrel: d_max_clip=1.5069 -> m_abs_max=1.0000 mean=0.3771 clipped=3.5684% frac(m>0.5)=0.267
[ok] dino_first2/edit1/0085_A_tram: d_max_clip=1.8211 -> m_abs_max=1.0000 mean=0.3776 clipped=3.3155% frac(m>0.5)=0.267
[ok] dino_first2/edit1/0086_A_red_sports_car: d_max_clip=1.7225 -> m_abs_max=1.0000 mean=0.3781 clipped=3.3333% frac(m>0.5)=0.270
[ok] dino_first2/edit1/0087_A_seagull: d_max_clip=1.4951 -> m_abs_max=1.0000 mean=0.3768 clipped=3.4615% frac(m>0.5)=0.268
[ok] dino_first2/edit1/0088_A_cyclist: d_max_clip=1.7319 -> m_abs_max=1.0000 mean=0.3783 clipped=3.4295% frac(m>0.5)=0.271
[ok] dino_first2/edit1/0089_A_dog: d_max_clip=1.4332 -> m_abs_max=1.0000 mean=0.3752 clipped=3.3654% frac(m>0.5)=0.264
[ok] dino_first2/edit1/0090_A_deer: d_max_clip=1.6489 -> m_abs_max=1.0000 mean=0.3760 clipped=3.4829% frac(m>0.5)=0.263
[ok] dino_first2/edit1/0091_A_hawk: d_max_clip=2.0697 -> m_abs_max=1.0000 mean=0.3755 clipped=3.4473% frac(m>0.5)=0.266
[ok] dino_first2/edit1/0092_A_fox: d_max_clip=1.7627 -> m_abs_max=1.0000 mean=0.3758 clipped=3.4330% frac(m>0.5)=0.269
[ok] dino_first2/edit1/0093_A_helicopter: d_max_clip=1.8065 -> m_abs_max=1.0000 mean=0.3755 clipped=3.2407% frac(m>0.5)=0.264
[ok] dino_first2/edit1/0094_A_swan: d_max_clip=1.7563 -> m_abs_max=1.0000 mean=0.3781 clipped=3.4081% frac(m>0.5)=0.268
[ok] dino_first2/edit1/0095_A_crow: d_max_clip=1.9735 -> m_abs_max=1.0000 mean=0.3776 clipped=3.3547% frac(m>0.5)=0.269
[ok] dino_first2/edit1/0096_A_car: d_max_clip=1.7680 -> m_abs_max=1.0000 mean=0.3789 clipped=3.4687% frac(m>0.5)=0.271
[ok] dino_first2/edit1/0097_A_bird: d_max_clip=1.8932 -> m_abs_max=1.0000 mean=0.3758 clipped=3.4366% frac(m>0.5)=0.268
[ok] dino_first2/edit1/0098_A_squirrel: d_max_clip=1.8217 -> m_abs_max=1.0000 mean=0.3757 clipped=3.4437% frac(m>0.5)=0.267
[ok] dino_first2/edit1/0099_A_jogger: d_max_clip=1.7677 -> m_abs_max=1.0000 mean=0.3786 clipped=3.3974% frac(m>0.5)=0.269
[ok] dino_first2/edit1/0100_A_deer: d_max_clip=1.5786 -> m_abs_max=1.0000 mean=0.3787 clipped=3.5648% frac(m>0.5)=0.272
[ok] dino_first2/edit2/0001_bus: d_max_clip=1.5560 -> m_abs_max=1.0000 mean=0.3746 clipped=3.3939% frac(m>0.5)=0.263
[ok] dino_first2/edit2/0002_girl-dog: d_max_clip=1.4473 -> m_abs_max=1.0000 mean=0.3767 clipped=3.3155% frac(m>0.5)=0.269
[ok] dino_first2/edit2/0003_ocean-birds: d_max_clip=1.5757 -> m_abs_max=1.0000 mean=0.3787 clipped=3.5897% frac(m>0.5)=0.270
[ok] dino_first2/edit2/0004_car-roundabout: d_max_clip=1.6012 -> m_abs_max=1.0000 mean=0.3762 clipped=3.5078% frac(m>0.5)=0.266
[ok] dino_first2/edit2/0005_breakdance: d_max_clip=2.0282 -> m_abs_max=1.0000 mean=0.3760 clipped=3.4829% frac(m>0.5)=0.266
[ok] dino_first2/edit2/0006_paragliding: d_max_clip=1.6710 -> m_abs_max=1.0000 mean=0.3757 clipped=3.4330% frac(m>0.5)=0.265
[ok] dino_first2/edit2/0007_guitar-violin: d_max_clip=1.7019 -> m_abs_max=1.0000 mean=0.3795 clipped=3.5185% frac(m>0.5)=0.271
[ok] dino_first2/edit2/0008_snowboard-race: d_max_clip=1.5023 -> m_abs_max=1.0000 mean=0.3766 clipped=3.3226% frac(m>0.5)=0.266
[ok] dino_first2/edit2/0009_bear: d_max_clip=1.7530 -> m_abs_max=1.0000 mean=0.3776 clipped=3.5684% frac(m>0.5)=0.269
[ok] dino_first2/edit2/0010_giant-slalom: d_max_clip=1.8638 -> m_abs_max=1.0000 mean=0.3770 clipped=3.6538% frac(m>0.5)=0.267
[ok] dino_first2/edit2/0011_lucia: d_max_clip=1.4318 -> m_abs_max=1.0000 mean=0.3765 clipped=3.3618% frac(m>0.5)=0.265
[ok] dino_first2/edit2/0012_goat: d_max_clip=1.7039 -> m_abs_max=1.0000 mean=0.3779 clipped=3.3903% frac(m>0.5)=0.269
[ok] dino_first2/edit2/0013_golf: d_max_clip=1.5733 -> m_abs_max=1.0000 mean=0.3772 clipped=3.3440% frac(m>0.5)=0.266
[ok] dino_first2/edit2/0014_burnout: d_max_clip=1.5814 -> m_abs_max=1.0000 mean=0.3779 clipped=3.4295% frac(m>0.5)=0.266
[ok] dino_first2/edit2/0015_car-shadow: d_max_clip=1.6471 -> m_abs_max=1.0000 mean=0.3777 clipped=3.5114% frac(m>0.5)=0.269
[ok] dino_first2/edit2/0016_horsejump-high: d_max_clip=2.1830 -> m_abs_max=1.0000 mean=0.3777 clipped=3.4793% frac(m>0.5)=0.268
[ok] dino_first2/edit2/0017_kid-football: d_max_clip=1.6442 -> m_abs_max=1.0000 mean=0.3762 clipped=3.3333% frac(m>0.5)=0.266
[ok] dino_first2/edit2/0018_breakdance-flare: d_max_clip=1.6853 -> m_abs_max=1.0000 mean=0.3764 clipped=3.5256% frac(m>0.5)=0.267
[ok] dino_first2/edit2/0019_tennis-vest: d_max_clip=1.4668 -> m_abs_max=1.0000 mean=0.3772 clipped=3.5613% frac(m>0.5)=0.267
[ok] dino_first2/edit2/0020_monkeys: d_max_clip=1.7944 -> m_abs_max=1.0000 mean=0.3765 clipped=3.5434% frac(m>0.5)=0.270
[ok] dino_first2/edit2/0021_landing: d_max_clip=1.3962 -> m_abs_max=1.0000 mean=0.3757 clipped=3.3974% frac(m>0.5)=0.265
[ok] dino_first2/edit2/0022_skate-jump: d_max_clip=1.6408 -> m_abs_max=1.0000 mean=0.3759 clipped=3.4722% frac(m>0.5)=0.264
[ok] dino_first2/edit2/0023_kayak-race: d_max_clip=1.6889 -> m_abs_max=1.0000 mean=0.3774 clipped=3.5399% frac(m>0.5)=0.268
[ok] dino_first2/edit2/0024_hockey: d_max_clip=1.8563 -> m_abs_max=1.0000 mean=0.3745 clipped=3.5150% frac(m>0.5)=0.264
[ok] dino_first2/edit2/0025_baseball: d_max_clip=1.5887 -> m_abs_max=1.0000 mean=0.3772 clipped=3.3974% frac(m>0.5)=0.270
[ok] dino_first2/edit2/0026_table-tennis: d_max_clip=1.4956 -> m_abs_max=1.0000 mean=0.3771 clipped=3.3333% frac(m>0.5)=0.268
[ok] dino_first2/edit2/0027_dance-jump: d_max_clip=1.8635 -> m_abs_max=1.0000 mean=0.3715 clipped=3.3868% frac(m>0.5)=0.260
[ok] dino_first2/edit2/0028_kite-walk: d_max_clip=2.1337 -> m_abs_max=1.0000 mean=0.3777 clipped=3.4330% frac(m>0.5)=0.270
[ok] dino_first2/edit2/0029_horsejump-stick: d_max_clip=1.5092 -> m_abs_max=1.0000 mean=0.3748 clipped=3.3476% frac(m>0.5)=0.267
[ok] dino_first2/edit2/0030_rallye: d_max_clip=1.7974 -> m_abs_max=1.0000 mean=0.3769 clipped=3.3298% frac(m>0.5)=0.265
[ok] dino_first2/edit2/0031_soccerball: d_max_clip=1.5890 -> m_abs_max=1.0000 mean=0.3752 clipped=3.2835% frac(m>0.5)=0.263
[ok] dino_first2/edit2/0032_mermaid: d_max_clip=2.1323 -> m_abs_max=1.0000 mean=0.3759 clipped=3.4366% frac(m>0.5)=0.265
[ok] dino_first2/edit2/0033_horsejump-low: d_max_clip=1.6571 -> m_abs_max=1.0000 mean=0.3775 clipped=3.3832% frac(m>0.5)=0.267
[ok] dino_first2/edit2/0034_cows: d_max_clip=2.1456 -> m_abs_max=1.0000 mean=0.3751 clipped=3.4259% frac(m>0.5)=0.266
[ok] dino_first2/edit2/0035_helicopter: d_max_clip=1.7934 -> m_abs_max=1.0000 mean=0.3779 clipped=3.4081% frac(m>0.5)=0.268
[ok] dino_first2/edit2/0036_camel: d_max_clip=2.1175 -> m_abs_max=1.0000 mean=0.3790 clipped=3.4295% frac(m>0.5)=0.272
[ok] dino_first2/edit2/0037_snowboard-sand: d_max_clip=1.5754 -> m_abs_max=1.0000 mean=0.3767 clipped=3.7179% frac(m>0.5)=0.264
[ok] dino_first2/edit2/0038_motorbike: d_max_clip=1.7201 -> m_abs_max=1.0000 mean=0.3750 clipped=3.1944% frac(m>0.5)=0.265
[ok] dino_first2/edit2/0039_chamaleon: d_max_clip=1.5249 -> m_abs_max=1.0000 mean=0.3754 clipped=3.2657% frac(m>0.5)=0.265
[ok] dino_first2/edit2/0040_tennis: d_max_clip=1.5075 -> m_abs_max=1.0000 mean=0.3776 clipped=3.4259% frac(m>0.5)=0.267
[ok] dino_first2/edit2/0041_longboard: d_max_clip=2.0477 -> m_abs_max=1.0000 mean=0.3773 clipped=3.3333% frac(m>0.5)=0.266
[ok] dino_first2/edit2/0042_gym-ball: d_max_clip=1.6060 -> m_abs_max=1.0000 mean=0.3784 clipped=3.3725% frac(m>0.5)=0.270
[ok] dino_first2/edit2/0043_parkour: d_max_clip=2.1063 -> m_abs_max=1.0000 mean=0.3808 clipped=3.6147% frac(m>0.5)=0.276
[ok] dino_first2/edit2/0044_snowboard: d_max_clip=1.6036 -> m_abs_max=1.0000 mean=0.3769 clipped=3.5470% frac(m>0.5)=0.267
[ok] dino_first2/edit2/0045_butterfly: d_max_clip=1.5723 -> m_abs_max=1.0000 mean=0.3760 clipped=3.3333% frac(m>0.5)=0.269
[ok] dino_first2/edit2/0046_blackswan: d_max_clip=1.9280 -> m_abs_max=1.0000 mean=0.3786 clipped=3.3974% frac(m>0.5)=0.271
[ok] dino_first2/edit2/0047_judo: d_max_clip=1.6070 -> m_abs_max=1.0000 mean=0.3759 clipped=3.4330% frac(m>0.5)=0.263
[ok] dino_first2/edit2/0048_hike: d_max_clip=2.0234 -> m_abs_max=1.0000 mean=0.3765 clipped=3.4295% frac(m>0.5)=0.267
[ok] dino_first2/edit2/0049_speed-skating: d_max_clip=1.5202 -> m_abs_max=1.0000 mean=0.3778 clipped=3.4402% frac(m>0.5)=0.267
[ok] dino_first2/edit2/0050_slackline: d_max_clip=1.8615 -> m_abs_max=1.0000 mean=0.3777 clipped=3.4366% frac(m>0.5)=0.268
[ok] dino_first2/edit2/0051_dogs-jump: d_max_clip=1.7351 -> m_abs_max=1.0000 mean=0.3746 clipped=3.2728% frac(m>0.5)=0.263
[ok] dino_first2/edit2/0052_mallard-fly: d_max_clip=1.7144 -> m_abs_max=1.0000 mean=0.3761 clipped=3.3725% frac(m>0.5)=0.264
[ok] dino_first2/edit2/0053_swing: d_max_clip=1.4747 -> m_abs_max=1.0000 mean=0.3789 clipped=3.5613% frac(m>0.5)=0.272
[ok] dino_first2/edit2/0054_train: d_max_clip=1.6567 -> m_abs_max=1.0000 mean=0.3804 clipped=3.6325% frac(m>0.5)=0.272
[ok] dino_first2/edit2/0055_pigs: d_max_clip=2.0061 -> m_abs_max=1.0000 mean=0.3753 clipped=3.3405% frac(m>0.5)=0.265
[ok] dino_first2/edit2/0056_kart-turn: d_max_clip=1.6432 -> m_abs_max=1.0000 mean=0.3781 clipped=3.5684% frac(m>0.5)=0.271
[ok] dino_first2/edit2/0057_dog: d_max_clip=1.5172 -> m_abs_max=1.0000 mean=0.3757 clipped=3.5185% frac(m>0.5)=0.268
[ok] dino_first2/edit2/0058_boat: d_max_clip=1.8558 -> m_abs_max=1.0000 mean=0.3762 clipped=3.4259% frac(m>0.5)=0.266
[ok] dino_first2/edit2/0059_drift-straight: d_max_clip=1.8686 -> m_abs_max=1.0000 mean=0.3769 clipped=3.4224% frac(m>0.5)=0.266
[ok] dino_first2/edit2/0060_motocross-bumps: d_max_clip=1.6567 -> m_abs_max=1.0000 mean=0.3772 clipped=3.3013% frac(m>0.5)=0.269
[ok] dino_first2/edit2/0061_mbike-santa: d_max_clip=1.5121 -> m_abs_max=1.0000 mean=0.3780 clipped=3.4544% frac(m>0.5)=0.266
[ok] dino_first2/edit2/0062_elephant: d_max_clip=1.5165 -> m_abs_max=1.0000 mean=0.3775 clipped=3.4188% frac(m>0.5)=0.270
[ok] dino_first2/edit2/0063_drift-turn: d_max_clip=1.4758 -> m_abs_max=1.0000 mean=0.3757 clipped=3.1909% frac(m>0.5)=0.264
[ok] dino_first2/edit2/0064_rollerblade: d_max_clip=1.7879 -> m_abs_max=1.0000 mean=0.3757 clipped=3.3405% frac(m>0.5)=0.266
[ok] dino_first2/edit2/0065_twist-dance: d_max_clip=1.6900 -> m_abs_max=1.0000 mean=0.3784 clipped=3.4793% frac(m>0.5)=0.271
[ok] dino_first2/edit2/0066_deer: d_max_clip=1.4588 -> m_abs_max=1.0000 mean=0.3761 clipped=3.3511% frac(m>0.5)=0.265
[ok] dino_first2/edit2/0067_mbike-trick: d_max_clip=1.7416 -> m_abs_max=1.0000 mean=0.3791 clipped=3.3796% frac(m>0.5)=0.271
[ok] dino_first2/edit2/0068_planes-water: d_max_clip=1.7620 -> m_abs_max=1.0000 mean=0.3782 clipped=3.3761% frac(m>0.5)=0.272
[ok] dino_first2/edit2/0069_car-turn: d_max_clip=1.8663 -> m_abs_max=1.0000 mean=0.3783 clipped=3.5648% frac(m>0.5)=0.268
[ok] dino_first2/edit2/0070_dance-twirl: d_max_clip=1.4765 -> m_abs_max=1.0000 mean=0.3791 clipped=3.5719% frac(m>0.5)=0.270
[ok] dino_first2/edit2/0071_mallard-water: d_max_clip=1.9228 -> m_abs_max=1.0000 mean=0.3804 clipped=3.5862% frac(m>0.5)=0.274
[ok] dino_first2/edit2/0072_dog-agility: d_max_clip=1.6386 -> m_abs_max=1.0000 mean=0.3764 clipped=3.3013% frac(m>0.5)=0.266
[ok] dino_first2/edit2/0073_bmx-rider: d_max_clip=1.9403 -> m_abs_max=1.0000 mean=0.3759 clipped=3.4152% frac(m>0.5)=0.265
[ok] dino_first2/edit2/0074_rhino: d_max_clip=1.7437 -> m_abs_max=1.0000 mean=0.3774 clipped=3.6040% frac(m>0.5)=0.269
[ok] dino_first2/edit2/0075_A_bicycle: d_max_clip=1.6638 -> m_abs_max=1.0000 mean=0.3762 clipped=3.4437% frac(m>0.5)=0.269
[ok] dino_first2/edit2/0076_A_rabbit: d_max_clip=1.6665 -> m_abs_max=1.0000 mean=0.3775 clipped=3.4687% frac(m>0.5)=0.266
[ok] dino_first2/edit2/0077_A_hawk: d_max_clip=1.6911 -> m_abs_max=1.0000 mean=0.3744 clipped=3.2194% frac(m>0.5)=0.261
[ok] dino_first2/edit2/0078_A_cat: d_max_clip=1.7341 -> m_abs_max=1.0000 mean=0.3782 clipped=3.5933% frac(m>0.5)=0.270
[ok] dino_first2/edit2/0079_A_bus: d_max_clip=1.8780 -> m_abs_max=1.0000 mean=0.3785 clipped=3.4509% frac(m>0.5)=0.268
[ok] dino_first2/edit2/0080_A_motorcycle: d_max_clip=1.5327 -> m_abs_max=1.0000 mean=0.3742 clipped=3.2692% frac(m>0.5)=0.265
[ok] dino_first2/edit2/0081_A_horse: d_max_clip=1.5746 -> m_abs_max=1.0000 mean=0.3765 clipped=3.2514% frac(m>0.5)=0.266
[ok] dino_first2/edit2/0082_A_tram: d_max_clip=1.5119 -> m_abs_max=1.0000 mean=0.3778 clipped=3.5399% frac(m>0.5)=0.267
[ok] dino_first2/edit2/0083_A_boat: d_max_clip=1.5352 -> m_abs_max=1.0000 mean=0.3778 clipped=3.4509% frac(m>0.5)=0.267
[ok] dino_first2/edit2/0084_A_squirrel: d_max_clip=1.8254 -> m_abs_max=1.0000 mean=0.3781 clipped=3.4900% frac(m>0.5)=0.271
[ok] dino_first2/edit2/0085_A_tram: d_max_clip=1.6031 -> m_abs_max=1.0000 mean=0.3748 clipped=3.1660% frac(m>0.5)=0.265
[ok] dino_first2/edit2/0086_A_red_sports_car: d_max_clip=1.7621 -> m_abs_max=1.0000 mean=0.3768 clipped=3.6111% frac(m>0.5)=0.266
[ok] dino_first2/edit2/0087_A_seagull: d_max_clip=1.6381 -> m_abs_max=1.0000 mean=0.3776 clipped=3.4046% frac(m>0.5)=0.268
[ok] dino_first2/edit2/0088_A_cyclist: d_max_clip=1.6713 -> m_abs_max=1.0000 mean=0.3769 clipped=3.5114% frac(m>0.5)=0.267
[ok] dino_first2/edit2/0089_A_dog: d_max_clip=1.4088 -> m_abs_max=1.0000 mean=0.3758 clipped=3.2301% frac(m>0.5)=0.266
[ok] dino_first2/edit2/0090_A_deer: d_max_clip=1.4563 -> m_abs_max=1.0000 mean=0.3756 clipped=3.4081% frac(m>0.5)=0.266
[ok] dino_first2/edit2/0091_A_hawk: d_max_clip=1.6440 -> m_abs_max=1.0000 mean=0.3766 clipped=3.5150% frac(m>0.5)=0.267
[ok] dino_first2/edit2/0092_A_fox: d_max_clip=1.4222 -> m_abs_max=1.0000 mean=0.3764 clipped=3.5434% frac(m>0.5)=0.266
[ok] dino_first2/edit2/0093_A_helicopter: d_max_clip=1.6243 -> m_abs_max=1.0000 mean=0.3771 clipped=3.4900% frac(m>0.5)=0.267
[ok] dino_first2/edit2/0094_A_swan: d_max_clip=1.5962 -> m_abs_max=1.0000 mean=0.3767 clipped=3.5114% frac(m>0.5)=0.270
[ok] dino_first2/edit2/0095_A_crow: d_max_clip=1.4501 -> m_abs_max=1.0000 mean=0.3762 clipped=3.4010% frac(m>0.5)=0.267
[ok] dino_first2/edit2/0096_A_car: d_max_clip=1.8226 -> m_abs_max=1.0000 mean=0.3797 clipped=3.4972% frac(m>0.5)=0.269
[ok] dino_first2/edit2/0097_A_bird: d_max_clip=1.4421 -> m_abs_max=1.0000 mean=0.3762 clipped=3.3547% frac(m>0.5)=0.269
[ok] dino_first2/edit2/0098_A_squirrel: d_max_clip=1.7686 -> m_abs_max=1.0000 mean=0.3756 clipped=3.4010% frac(m>0.5)=0.264
[ok] dino_first2/edit2/0099_A_jogger: d_max_clip=1.6721 -> m_abs_max=1.0000 mean=0.3769 clipped=3.4117% frac(m>0.5)=0.269
[ok] dino_first2/edit2/0100_A_deer: d_max_clip=2.1947 -> m_abs_max=1.0000 mean=0.3768 clipped=3.2407% frac(m>0.5)=0.270
[ok] dino_first2/edit3/0001_bus: d_max_clip=2.0020 -> m_abs_max=1.0000 mean=0.3742 clipped=3.3013% frac(m>0.5)=0.262
[ok] dino_first2/edit3/0002_girl-dog: d_max_clip=1.9537 -> m_abs_max=1.0000 mean=0.3766 clipped=3.4900% frac(m>0.5)=0.266
[ok] dino_first2/edit3/0003_ocean-birds: d_max_clip=1.7728 -> m_abs_max=1.0000 mean=0.3792 clipped=3.6432% frac(m>0.5)=0.265
[ok] dino_first2/edit3/0004_car-roundabout: d_max_clip=1.6840 -> m_abs_max=1.0000 mean=0.3740 clipped=3.4152% frac(m>0.5)=0.263
[ok] dino_first2/edit3/0005_breakdance: d_max_clip=1.5365 -> m_abs_max=1.0000 mean=0.3766 clipped=3.2835% frac(m>0.5)=0.268
[ok] dino_first2/edit3/0006_paragliding: d_max_clip=1.6924 -> m_abs_max=1.0000 mean=0.3765 clipped=3.5292% frac(m>0.5)=0.265
[ok] dino_first2/edit3/0007_guitar-violin: d_max_clip=1.5846 -> m_abs_max=1.0000 mean=0.3780 clipped=3.4651% frac(m>0.5)=0.268
[ok] dino_first2/edit3/0008_snowboard-race: d_max_clip=1.4743 -> m_abs_max=1.0000 mean=0.3769 clipped=3.4758% frac(m>0.5)=0.269
[ok] dino_first2/edit3/0009_bear: d_max_clip=1.5232 -> m_abs_max=1.0000 mean=0.3754 clipped=3.4580% frac(m>0.5)=0.266
[ok] dino_first2/edit3/0010_giant-slalom: d_max_clip=1.7252 -> m_abs_max=1.0000 mean=0.3754 clipped=3.2585% frac(m>0.5)=0.265
[ok] dino_first2/edit3/0011_lucia: d_max_clip=1.6400 -> m_abs_max=1.0000 mean=0.3759 clipped=3.3405% frac(m>0.5)=0.265
[ok] dino_first2/edit3/0012_goat: d_max_clip=1.7640 -> m_abs_max=1.0000 mean=0.3780 clipped=3.4865% frac(m>0.5)=0.267
[ok] dino_first2/edit3/0013_golf: d_max_clip=1.5756 -> m_abs_max=1.0000 mean=0.3786 clipped=3.3618% frac(m>0.5)=0.268
[ok] dino_first2/edit3/0014_burnout: d_max_clip=1.8526 -> m_abs_max=1.0000 mean=0.3747 clipped=3.1838% frac(m>0.5)=0.265
[ok] dino_first2/edit3/0015_car-shadow: d_max_clip=1.8376 -> m_abs_max=1.0000 mean=0.3777 clipped=3.4437% frac(m>0.5)=0.267
[ok] dino_first2/edit3/0016_horsejump-high: d_max_clip=1.9023 -> m_abs_max=1.0000 mean=0.3783 clipped=3.4259% frac(m>0.5)=0.270
[ok] dino_first2/edit3/0017_kid-football: d_max_clip=1.6802 -> m_abs_max=1.0000 mean=0.3769 clipped=3.4046% frac(m>0.5)=0.267
[ok] dino_first2/edit3/0018_breakdance-flare: d_max_clip=1.7429 -> m_abs_max=1.0000 mean=0.3774 clipped=3.1553% frac(m>0.5)=0.269
[ok] dino_first2/edit3/0019_tennis-vest: d_max_clip=1.6441 -> m_abs_max=1.0000 mean=0.3780 clipped=3.2942% frac(m>0.5)=0.270
[ok] dino_first2/edit3/0020_monkeys: d_max_clip=1.4562 -> m_abs_max=1.0000 mean=0.3755 clipped=3.5363% frac(m>0.5)=0.264
[ok] dino_first2/edit3/0021_landing: d_max_clip=1.4496 -> m_abs_max=1.0000 mean=0.3771 clipped=3.5043% frac(m>0.5)=0.268
[ok] dino_first2/edit3/0022_skate-jump: d_max_clip=1.7610 -> m_abs_max=1.0000 mean=0.3751 clipped=3.2407% frac(m>0.5)=0.267
[ok] dino_first2/edit3/0023_kayak-race: d_max_clip=1.6907 -> m_abs_max=1.0000 mean=0.3767 clipped=3.3226% frac(m>0.5)=0.269
[ok] dino_first2/edit3/0024_hockey: d_max_clip=1.4535 -> m_abs_max=1.0000 mean=0.3753 clipped=3.4544% frac(m>0.5)=0.267
[ok] dino_first2/edit3/0025_baseball: d_max_clip=1.6258 -> m_abs_max=1.0000 mean=0.3768 clipped=3.4366% frac(m>0.5)=0.266
[ok] dino_first2/edit3/0026_table-tennis: d_max_clip=1.6113 -> m_abs_max=1.0000 mean=0.3764 clipped=3.5541% frac(m>0.5)=0.268
[ok] dino_first2/edit3/0027_dance-jump: d_max_clip=1.6671 -> m_abs_max=1.0000 mean=0.3771 clipped=3.4758% frac(m>0.5)=0.267
[ok] dino_first2/edit3/0028_kite-walk: d_max_clip=1.8780 -> m_abs_max=1.0000 mean=0.3769 clipped=3.3939% frac(m>0.5)=0.267
[ok] dino_first2/edit3/0029_horsejump-stick: d_max_clip=1.3749 -> m_abs_max=1.0000 mean=0.3770 clipped=3.3583% frac(m>0.5)=0.267
[ok] dino_first2/edit3/0030_rallye: d_max_clip=2.0832 -> m_abs_max=1.0000 mean=0.3779 clipped=3.5363% frac(m>0.5)=0.269
[ok] dino_first2/edit3/0031_soccerball: d_max_clip=1.6357 -> m_abs_max=1.0000 mean=0.3782 clipped=3.4402% frac(m>0.5)=0.270
[ok] dino_first2/edit3/0032_mermaid: d_max_clip=1.5395 -> m_abs_max=1.0000 mean=0.3770 clipped=3.5043% frac(m>0.5)=0.267
[ok] dino_first2/edit3/0033_horsejump-low: d_max_clip=1.6158 -> m_abs_max=1.0000 mean=0.3748 clipped=3.4402% frac(m>0.5)=0.265
[ok] dino_first2/edit3/0034_cows: d_max_clip=1.6303 -> m_abs_max=1.0000 mean=0.3749 clipped=3.2692% frac(m>0.5)=0.263
[ok] dino_first2/edit3/0035_helicopter: d_max_clip=1.7292 -> m_abs_max=1.0000 mean=0.3786 clipped=3.5150% frac(m>0.5)=0.269
[ok] dino_first2/edit3/0036_camel: d_max_clip=1.7413 -> m_abs_max=1.0000 mean=0.3768 clipped=3.2906% frac(m>0.5)=0.267
[ok] dino_first2/edit3/0037_snowboard-sand: d_max_clip=1.5138 -> m_abs_max=1.0000 mean=0.3766 clipped=3.3405% frac(m>0.5)=0.266
[ok] dino_first2/edit3/0038_motorbike: d_max_clip=1.5290 -> m_abs_max=1.0000 mean=0.3767 clipped=3.4900% frac(m>0.5)=0.268
[ok] dino_first2/edit3/0039_chamaleon: d_max_clip=1.4736 -> m_abs_max=1.0000 mean=0.3805 clipped=3.5826% frac(m>0.5)=0.273
[ok] dino_first2/edit3/0040_tennis: d_max_clip=2.0774 -> m_abs_max=1.0000 mean=0.3785 clipped=3.5541% frac(m>0.5)=0.269
[ok] dino_first2/edit3/0041_longboard: d_max_clip=1.8484 -> m_abs_max=1.0000 mean=0.3747 clipped=3.3939% frac(m>0.5)=0.263
[ok] dino_first2/edit3/0042_gym-ball: d_max_clip=1.5171 -> m_abs_max=1.0000 mean=0.3762 clipped=3.4758% frac(m>0.5)=0.268
[ok] dino_first2/edit3/0043_parkour: d_max_clip=1.4996 -> m_abs_max=1.0000 mean=0.3778 clipped=3.4046% frac(m>0.5)=0.269
[ok] dino_first2/edit3/0044_snowboard: d_max_clip=1.5534 -> m_abs_max=1.0000 mean=0.3774 clipped=3.3511% frac(m>0.5)=0.270
[ok] dino_first2/edit3/0045_butterfly: d_max_clip=1.7642 -> m_abs_max=1.0000 mean=0.3784 clipped=3.5648% frac(m>0.5)=0.270
[ok] dino_first2/edit3/0046_blackswan: d_max_clip=1.8308 -> m_abs_max=1.0000 mean=0.3798 clipped=3.4793% frac(m>0.5)=0.275
[ok] dino_first2/edit3/0047_judo: d_max_clip=1.5442 -> m_abs_max=1.0000 mean=0.3787 clipped=3.3725% frac(m>0.5)=0.270
[ok] dino_first2/edit3/0048_hike: d_max_clip=1.6639 -> m_abs_max=1.0000 mean=0.3759 clipped=3.2194% frac(m>0.5)=0.267
[ok] dino_first2/edit3/0049_speed-skating: d_max_clip=1.5447 -> m_abs_max=1.0000 mean=0.3768 clipped=3.3084% frac(m>0.5)=0.268
[ok] dino_first2/edit3/0050_slackline: d_max_clip=1.7534 -> m_abs_max=1.0000 mean=0.3768 clipped=3.4046% frac(m>0.5)=0.268
[ok] dino_first2/edit3/0051_dogs-jump: d_max_clip=1.6799 -> m_abs_max=1.0000 mean=0.3753 clipped=3.4402% frac(m>0.5)=0.264
[ok] dino_first2/edit3/0052_mallard-fly: d_max_clip=1.7002 -> m_abs_max=1.0000 mean=0.3765 clipped=3.5363% frac(m>0.5)=0.267
[ok] dino_first2/edit3/0053_swing: d_max_clip=1.9403 -> m_abs_max=1.0000 mean=0.3779 clipped=3.6574% frac(m>0.5)=0.267
[ok] dino_first2/edit3/0054_train: d_max_clip=1.6067 -> m_abs_max=1.0000 mean=0.3773 clipped=3.2692% frac(m>0.5)=0.271
[ok] dino_first2/edit3/0055_pigs: d_max_clip=1.5764 -> m_abs_max=1.0000 mean=0.3787 clipped=3.5862% frac(m>0.5)=0.270
[ok] dino_first2/edit3/0056_kart-turn: d_max_clip=1.5413 -> m_abs_max=1.0000 mean=0.3790 clipped=3.4117% frac(m>0.5)=0.272
[ok] dino_first2/edit3/0057_dog: d_max_clip=1.4936 -> m_abs_max=1.0000 mean=0.3737 clipped=3.4758% frac(m>0.5)=0.262
[ok] dino_first2/edit3/0058_boat: d_max_clip=1.7461 -> m_abs_max=1.0000 mean=0.3773 clipped=3.5292% frac(m>0.5)=0.269
[ok] dino_first2/edit3/0059_drift-straight: d_max_clip=1.6744 -> m_abs_max=1.0000 mean=0.3774 clipped=3.4972% frac(m>0.5)=0.266
[ok] dino_first2/edit3/0060_motocross-bumps: d_max_clip=1.6975 -> m_abs_max=1.0000 mean=0.3760 clipped=3.4473% frac(m>0.5)=0.265
[ok] dino_first2/edit3/0061_mbike-santa: d_max_clip=1.8139 -> m_abs_max=1.0000 mean=0.3778 clipped=3.4366% frac(m>0.5)=0.266
[ok] dino_first2/edit3/0062_elephant: d_max_clip=1.6262 -> m_abs_max=1.0000 mean=0.3764 clipped=3.3084% frac(m>0.5)=0.267
[ok] dino_first2/edit3/0063_drift-turn: d_max_clip=1.8538 -> m_abs_max=1.0000 mean=0.3763 clipped=3.4651% frac(m>0.5)=0.266
[ok] dino_first2/edit3/0064_rollerblade: d_max_clip=1.9893 -> m_abs_max=1.0000 mean=0.3760 clipped=3.4046% frac(m>0.5)=0.266
[ok] dino_first2/edit3/0065_twist-dance: d_max_clip=1.7870 -> m_abs_max=1.0000 mean=0.3789 clipped=3.7856% frac(m>0.5)=0.270
[ok] dino_first2/edit3/0066_deer: d_max_clip=1.5811 -> m_abs_max=1.0000 mean=0.3780 clipped=3.3618% frac(m>0.5)=0.269
[ok] dino_first2/edit3/0067_mbike-trick: d_max_clip=1.8194 -> m_abs_max=1.0000 mean=0.3786 clipped=3.4972% frac(m>0.5)=0.271
[ok] dino_first2/edit3/0068_planes-water: d_max_clip=1.6985 -> m_abs_max=1.0000 mean=0.3761 clipped=3.5043% frac(m>0.5)=0.263
[ok] dino_first2/edit3/0069_car-turn: d_max_clip=1.5676 -> m_abs_max=1.0000 mean=0.3755 clipped=3.4402% frac(m>0.5)=0.265
[ok] dino_first2/edit3/0070_dance-twirl: d_max_clip=1.6282 -> m_abs_max=1.0000 mean=0.3787 clipped=3.5755% frac(m>0.5)=0.268
[ok] dino_first2/edit3/0071_mallard-water: d_max_clip=1.7149 -> m_abs_max=1.0000 mean=0.3768 clipped=3.3511% frac(m>0.5)=0.266
[ok] dino_first2/edit3/0072_dog-agility: d_max_clip=1.6013 -> m_abs_max=1.0000 mean=0.3756 clipped=3.2621% frac(m>0.5)=0.265
[ok] dino_first2/edit3/0073_bmx-rider: d_max_clip=1.7069 -> m_abs_max=1.0000 mean=0.3739 clipped=3.3511% frac(m>0.5)=0.262
[ok] dino_first2/edit3/0074_rhino: d_max_clip=1.7032 -> m_abs_max=1.0000 mean=0.3761 clipped=3.3725% frac(m>0.5)=0.269
[ok] dino_first2/edit3/0075_A_bicycle: d_max_clip=1.5656 -> m_abs_max=1.0000 mean=0.3766 clipped=3.2550% frac(m>0.5)=0.266
[ok] dino_first2/edit3/0076_A_rabbit: d_max_clip=1.4538 -> m_abs_max=1.0000 mean=0.3781 clipped=3.5221% frac(m>0.5)=0.266
[ok] dino_first2/edit3/0077_A_hawk: d_max_clip=1.6633 -> m_abs_max=1.0000 mean=0.3753 clipped=3.2443% frac(m>0.5)=0.266
[ok] dino_first2/edit3/0078_A_cat: d_max_clip=1.6984 -> m_abs_max=1.0000 mean=0.3771 clipped=3.3832% frac(m>0.5)=0.267
[ok] dino_first2/edit3/0079_A_bus: d_max_clip=1.9290 -> m_abs_max=1.0000 mean=0.3756 clipped=3.3618% frac(m>0.5)=0.266
[ok] dino_first2/edit3/0080_A_motorcycle: d_max_clip=1.7957 -> m_abs_max=1.0000 mean=0.3782 clipped=3.5221% frac(m>0.5)=0.269
[ok] dino_first2/edit3/0081_A_horse: d_max_clip=1.8129 -> m_abs_max=1.0000 mean=0.3785 clipped=3.4615% frac(m>0.5)=0.273
[ok] dino_first2/edit3/0082_A_tram: d_max_clip=1.8031 -> m_abs_max=1.0000 mean=0.3775 clipped=3.4509% frac(m>0.5)=0.271
[ok] dino_first2/edit3/0083_A_boat: d_max_clip=1.7213 -> m_abs_max=1.0000 mean=0.3773 clipped=3.3618% frac(m>0.5)=0.269
[ok] dino_first2/edit3/0084_A_squirrel: d_max_clip=1.9107 -> m_abs_max=1.0000 mean=0.3755 clipped=3.2194% frac(m>0.5)=0.267
[ok] dino_first2/edit3/0085_A_tram: d_max_clip=1.7413 -> m_abs_max=1.0000 mean=0.3765 clipped=3.3903% frac(m>0.5)=0.265
[ok] dino_first2/edit3/0086_A_red_sports_car: d_max_clip=1.5534 -> m_abs_max=1.0000 mean=0.3760 clipped=3.3084% frac(m>0.5)=0.264
[ok] dino_first2/edit3/0087_A_seagull: d_max_clip=1.4547 -> m_abs_max=1.0000 mean=0.3776 clipped=3.5078% frac(m>0.5)=0.268
[ok] dino_first2/edit3/0088_A_cyclist: d_max_clip=1.6936 -> m_abs_max=1.0000 mean=0.3752 clipped=3.4010% frac(m>0.5)=0.264
[ok] dino_first2/edit3/0089_A_dog: d_max_clip=1.5058 -> m_abs_max=1.0000 mean=0.3775 clipped=3.5684% frac(m>0.5)=0.267
[ok] dino_first2/edit3/0090_A_deer: d_max_clip=1.6242 -> m_abs_max=1.0000 mean=0.3741 clipped=3.3298% frac(m>0.5)=0.265
[ok] dino_first2/edit3/0091_A_hawk: d_max_clip=1.5560 -> m_abs_max=1.0000 mean=0.3788 clipped=3.4687% frac(m>0.5)=0.269
[ok] dino_first2/edit3/0092_A_fox: d_max_clip=1.6240 -> m_abs_max=1.0000 mean=0.3741 clipped=3.4224% frac(m>0.5)=0.265
[ok] dino_first2/edit3/0093_A_helicopter: d_max_clip=1.6878 -> m_abs_max=1.0000 mean=0.3781 clipped=3.5043% frac(m>0.5)=0.269
[ok] dino_first2/edit3/0094_A_swan: d_max_clip=1.6153 -> m_abs_max=1.0000 mean=0.3776 clipped=3.3868% frac(m>0.5)=0.270
[ok] dino_first2/edit3/0095_A_crow: d_max_clip=1.5006 -> m_abs_max=1.0000 mean=0.3778 clipped=3.3583% frac(m>0.5)=0.272
[ok] dino_first2/edit3/0096_A_car: d_max_clip=1.5846 -> m_abs_max=1.0000 mean=0.3772 clipped=3.3547% frac(m>0.5)=0.267
[ok] dino_first2/edit3/0097_A_bird: d_max_clip=1.6907 -> m_abs_max=1.0000 mean=0.3792 clipped=3.4295% frac(m>0.5)=0.269
[ok] dino_first2/edit3/0098_A_squirrel: d_max_clip=1.6058 -> m_abs_max=1.0000 mean=0.3750 clipped=3.2799% frac(m>0.5)=0.267
[ok] dino_first2/edit3/0099_A_jogger: d_max_clip=1.5547 -> m_abs_max=1.0000 mean=0.3748 clipped=3.1517% frac(m>0.5)=0.266
[ok] dino_first2/edit3/0100_A_deer: d_max_clip=1.5822 -> m_abs_max=1.0000 mean=0.3763 clipped=3.3618% frac(m>0.5)=0.267
[ok] dino_first2/edit4/0001_bus: d_max_clip=1.5935 -> m_abs_max=1.0000 mean=0.3775 clipped=3.6254% frac(m>0.5)=0.267
[ok] dino_first2/edit4/0002_girl-dog: d_max_clip=1.4863 -> m_abs_max=1.0000 mean=0.3781 clipped=3.3583% frac(m>0.5)=0.270
[ok] dino_first2/edit4/0003_ocean-birds: d_max_clip=1.7936 -> m_abs_max=1.0000 mean=0.3767 clipped=3.2443% frac(m>0.5)=0.269
[ok] dino_first2/edit4/0004_car-roundabout: d_max_clip=1.4611 -> m_abs_max=1.0000 mean=0.3755 clipped=3.2479% frac(m>0.5)=0.266
[ok] dino_first2/edit4/0005_breakdance: d_max_clip=1.5029 -> m_abs_max=1.0000 mean=0.3746 clipped=3.2550% frac(m>0.5)=0.265
[ok] dino_first2/edit4/0006_paragliding: d_max_clip=2.1244 -> m_abs_max=1.0000 mean=0.3773 clipped=3.4259% frac(m>0.5)=0.268
[ok] dino_first2/edit4/0007_guitar-violin: d_max_clip=1.7251 -> m_abs_max=1.0000 mean=0.3786 clipped=3.3903% frac(m>0.5)=0.269
[ok] dino_first2/edit4/0008_snowboard-race: d_max_clip=1.5943 -> m_abs_max=1.0000 mean=0.3784 clipped=3.3298% frac(m>0.5)=0.270
[ok] dino_first2/edit4/0009_bear: d_max_clip=1.4995 -> m_abs_max=1.0000 mean=0.3786 clipped=3.4402% frac(m>0.5)=0.270
[ok] dino_first2/edit4/0010_giant-slalom: d_max_clip=1.6819 -> m_abs_max=1.0000 mean=0.3748 clipped=3.2443% frac(m>0.5)=0.263
[ok] dino_first2/edit4/0011_lucia: d_max_clip=1.5019 -> m_abs_max=1.0000 mean=0.3789 clipped=3.6075% frac(m>0.5)=0.271
[ok] dino_first2/edit4/0012_goat: d_max_clip=1.7172 -> m_abs_max=1.0000 mean=0.3778 clipped=3.5363% frac(m>0.5)=0.268
[ok] dino_first2/edit4/0013_golf: d_max_clip=1.7751 -> m_abs_max=1.0000 mean=0.3802 clipped=3.3761% frac(m>0.5)=0.272
[ok] dino_first2/edit4/0014_burnout: d_max_clip=1.4787 -> m_abs_max=1.0000 mean=0.3780 clipped=3.3689% frac(m>0.5)=0.268
[ok] dino_first2/edit4/0015_car-shadow: d_max_clip=1.7350 -> m_abs_max=1.0000 mean=0.3759 clipped=3.2051% frac(m>0.5)=0.267
[ok] dino_first2/edit4/0016_horsejump-high: d_max_clip=1.5852 -> m_abs_max=1.0000 mean=0.3778 clipped=3.4330% frac(m>0.5)=0.269
[ok] dino_first2/edit4/0017_kid-football: d_max_clip=1.7653 -> m_abs_max=1.0000 mean=0.3787 clipped=3.6467% frac(m>0.5)=0.271
[ok] dino_first2/edit4/0018_breakdance-flare: d_max_clip=1.7156 -> m_abs_max=1.0000 mean=0.3778 clipped=3.5150% frac(m>0.5)=0.267
[ok] dino_first2/edit4/0019_tennis-vest: d_max_clip=1.7555 -> m_abs_max=1.0000 mean=0.3788 clipped=3.4829% frac(m>0.5)=0.272
[ok] dino_first2/edit4/0020_monkeys: d_max_clip=1.8752 -> m_abs_max=1.0000 mean=0.3799 clipped=3.5791% frac(m>0.5)=0.270
[ok] dino_first2/edit4/0021_landing: d_max_clip=1.6139 -> m_abs_max=1.0000 mean=0.3775 clipped=3.4402% frac(m>0.5)=0.268
[ok] dino_first2/edit4/0022_skate-jump: d_max_clip=1.7851 -> m_abs_max=1.0000 mean=0.3766 clipped=3.4295% frac(m>0.5)=0.267
[ok] dino_first2/edit4/0023_kayak-race: d_max_clip=1.5602 -> m_abs_max=1.0000 mean=0.3761 clipped=3.3120% frac(m>0.5)=0.266
[ok] dino_first2/edit4/0024_hockey: d_max_clip=1.5331 -> m_abs_max=1.0000 mean=0.3789 clipped=3.4972% frac(m>0.5)=0.269
[ok] dino_first2/edit4/0025_baseball: d_max_clip=1.8579 -> m_abs_max=1.0000 mean=0.3754 clipped=3.4010% frac(m>0.5)=0.265
[ok] dino_first2/edit4/0026_table-tennis: d_max_clip=1.6059 -> m_abs_max=1.0000 mean=0.3761 clipped=3.4224% frac(m>0.5)=0.266
[ok] dino_first2/edit4/0027_dance-jump: d_max_clip=1.9163 -> m_abs_max=1.0000 mean=0.3760 clipped=3.4224% frac(m>0.5)=0.265
[ok] dino_first2/edit4/0028_kite-walk: d_max_clip=1.8415 -> m_abs_max=1.0000 mean=0.3766 clipped=3.4402% frac(m>0.5)=0.268
[ok] dino_first2/edit4/0029_horsejump-stick: d_max_clip=1.7949 -> m_abs_max=1.0000 mean=0.3769 clipped=3.3405% frac(m>0.5)=0.269
[ok] dino_first2/edit4/0030_rallye: d_max_clip=1.4913 -> m_abs_max=1.0000 mean=0.3768 clipped=3.2514% frac(m>0.5)=0.270
[ok] dino_first2/edit4/0031_soccerball: d_max_clip=1.6909 -> m_abs_max=1.0000 mean=0.3751 clipped=3.3761% frac(m>0.5)=0.265
[ok] dino_first2/edit4/0032_mermaid: d_max_clip=1.4468 -> m_abs_max=1.0000 mean=0.3779 clipped=3.4473% frac(m>0.5)=0.269
[ok] dino_first2/edit4/0033_horsejump-low: d_max_clip=1.5632 -> m_abs_max=1.0000 mean=0.3770 clipped=3.5292% frac(m>0.5)=0.266
[ok] dino_first2/edit4/0034_cows: d_max_clip=1.7559 -> m_abs_max=1.0000 mean=0.3773 clipped=3.4758% frac(m>0.5)=0.264
[ok] dino_first2/edit4/0035_helicopter: d_max_clip=1.5485 -> m_abs_max=1.0000 mean=0.3766 clipped=3.3511% frac(m>0.5)=0.269
[ok] dino_first2/edit4/0036_camel: d_max_clip=1.7784 -> m_abs_max=1.0000 mean=0.3762 clipped=3.4544% frac(m>0.5)=0.267
[ok] dino_first2/edit4/0037_snowboard-sand: d_max_clip=1.6646 -> m_abs_max=1.0000 mean=0.3786 clipped=3.5577% frac(m>0.5)=0.270
[ok] dino_first2/edit4/0038_motorbike: d_max_clip=1.5921 -> m_abs_max=1.0000 mean=0.3766 clipped=3.2229% frac(m>0.5)=0.267
[ok] dino_first2/edit4/0039_chamaleon: d_max_clip=1.5279 -> m_abs_max=1.0000 mean=0.3786 clipped=3.5399% frac(m>0.5)=0.268
[ok] dino_first2/edit4/0040_tennis: d_max_clip=1.6490 -> m_abs_max=1.0000 mean=0.3762 clipped=3.3084% frac(m>0.5)=0.268
[ok] dino_first2/edit4/0041_longboard: d_max_clip=1.8673 -> m_abs_max=1.0000 mean=0.3804 clipped=3.5719% frac(m>0.5)=0.272
[ok] dino_first2/edit4/0042_gym-ball: d_max_clip=1.5536 -> m_abs_max=1.0000 mean=0.3753 clipped=3.1446% frac(m>0.5)=0.261
[ok] dino_first2/edit4/0043_parkour: d_max_clip=1.6422 -> m_abs_max=1.0000 mean=0.3772 clipped=3.4402% frac(m>0.5)=0.267
[ok] dino_first2/edit4/0044_snowboard: d_max_clip=1.8705 -> m_abs_max=1.0000 mean=0.3772 clipped=3.5043% frac(m>0.5)=0.265
[ok] dino_first2/edit4/0045_butterfly: d_max_clip=1.6649 -> m_abs_max=1.0000 mean=0.3791 clipped=3.6467% frac(m>0.5)=0.270
[ok] dino_first2/edit4/0046_blackswan: d_max_clip=1.8798 -> m_abs_max=1.0000 mean=0.3762 clipped=3.4366% frac(m>0.5)=0.264
[ok] dino_first2/edit4/0047_judo: d_max_clip=1.6264 -> m_abs_max=1.0000 mean=0.3779 clipped=3.4295% frac(m>0.5)=0.271
[ok] dino_first2/edit4/0048_hike: d_max_clip=1.8322 -> m_abs_max=1.0000 mean=0.3778 clipped=3.5185% frac(m>0.5)=0.266
[ok] dino_first2/edit4/0049_speed-skating: d_max_clip=1.6955 -> m_abs_max=1.0000 mean=0.3777 clipped=3.5648% frac(m>0.5)=0.269
[ok] dino_first2/edit4/0050_slackline: d_max_clip=1.8476 -> m_abs_max=1.0000 mean=0.3750 clipped=3.4936% frac(m>0.5)=0.264
[ok] dino_first2/edit4/0051_dogs-jump: d_max_clip=1.8774 -> m_abs_max=1.0000 mean=0.3772 clipped=3.4152% frac(m>0.5)=0.268
[ok] dino_first2/edit4/0052_mallard-fly: d_max_clip=1.7215 -> m_abs_max=1.0000 mean=0.3775 clipped=3.4793% frac(m>0.5)=0.269
[ok] dino_first2/edit4/0053_swing: d_max_clip=1.5895 -> m_abs_max=1.0000 mean=0.3776 clipped=3.4224% frac(m>0.5)=0.266
[ok] dino_first2/edit4/0054_train: d_max_clip=2.0039 -> m_abs_max=1.0000 mean=0.3793 clipped=3.4473% frac(m>0.5)=0.273
[ok] dino_first2/edit4/0055_pigs: d_max_clip=1.7492 -> m_abs_max=1.0000 mean=0.3785 clipped=3.5043% frac(m>0.5)=0.272
[ok] dino_first2/edit4/0056_kart-turn: d_max_clip=1.9957 -> m_abs_max=1.0000 mean=0.3774 clipped=3.5363% frac(m>0.5)=0.268
[ok] dino_first2/edit4/0057_dog: d_max_clip=1.5097 -> m_abs_max=1.0000 mean=0.3773 clipped=3.5399% frac(m>0.5)=0.269
[ok] dino_first2/edit4/0058_boat: d_max_clip=1.7529 -> m_abs_max=1.0000 mean=0.3763 clipped=3.3583% frac(m>0.5)=0.268
[ok] dino_first2/edit4/0059_drift-straight: d_max_clip=1.5593 -> m_abs_max=1.0000 mean=0.3773 clipped=3.4152% frac(m>0.5)=0.267
[ok] dino_first2/edit4/0060_motocross-bumps: d_max_clip=1.9754 -> m_abs_max=1.0000 mean=0.3761 clipped=3.1731% frac(m>0.5)=0.268
[ok] dino_first2/edit4/0061_mbike-santa: d_max_clip=1.5654 -> m_abs_max=1.0000 mean=0.3760 clipped=3.4152% frac(m>0.5)=0.268
[ok] dino_first2/edit4/0062_elephant: d_max_clip=1.7265 -> m_abs_max=1.0000 mean=0.3761 clipped=3.6396% frac(m>0.5)=0.265
[ok] dino_first2/edit4/0063_drift-turn: d_max_clip=2.2332 -> m_abs_max=1.0000 mean=0.3790 clipped=3.5933% frac(m>0.5)=0.271
[ok] dino_first2/edit4/0064_rollerblade: d_max_clip=2.1397 -> m_abs_max=1.0000 mean=0.3792 clipped=3.5221% frac(m>0.5)=0.271
[ok] dino_first2/edit4/0065_twist-dance: d_max_clip=1.5945 -> m_abs_max=1.0000 mean=0.3760 clipped=3.3476% frac(m>0.5)=0.268
[ok] dino_first2/edit4/0066_deer: d_max_clip=1.4842 -> m_abs_max=1.0000 mean=0.3760 clipped=3.3689% frac(m>0.5)=0.267
[ok] dino_first2/edit4/0067_mbike-trick: d_max_clip=1.5437 -> m_abs_max=1.0000 mean=0.3772 clipped=3.5328% frac(m>0.5)=0.266
[ok] dino_first2/edit4/0068_planes-water: d_max_clip=1.6519 -> m_abs_max=1.0000 mean=0.3782 clipped=3.3903% frac(m>0.5)=0.270
[ok] dino_first2/edit4/0069_car-turn: d_max_clip=2.0301 -> m_abs_max=1.0000 mean=0.3759 clipped=3.3939% frac(m>0.5)=0.266
[ok] dino_first2/edit4/0070_dance-twirl: d_max_clip=1.6236 -> m_abs_max=1.0000 mean=0.3762 clipped=3.4295% frac(m>0.5)=0.269
[ok] dino_first2/edit4/0071_mallard-water: d_max_clip=1.8830 -> m_abs_max=1.0000 mean=0.3771 clipped=3.5399% frac(m>0.5)=0.268
[ok] dino_first2/edit4/0072_dog-agility: d_max_clip=1.6802 -> m_abs_max=1.0000 mean=0.3766 clipped=3.4295% frac(m>0.5)=0.266
[ok] dino_first2/edit4/0073_bmx-rider: d_max_clip=1.7440 -> m_abs_max=1.0000 mean=0.3767 clipped=3.3689% frac(m>0.5)=0.266
[ok] dino_first2/edit4/0074_rhino: d_max_clip=1.6576 -> m_abs_max=1.0000 mean=0.3771 clipped=3.4081% frac(m>0.5)=0.266
[ok] dino_first2/edit4/0075_A_bicycle: d_max_clip=1.4576 -> m_abs_max=1.0000 mean=0.3781 clipped=3.7251% frac(m>0.5)=0.271
[ok] dino_first2/edit4/0076_A_rabbit: d_max_clip=1.7341 -> m_abs_max=1.0000 mean=0.3738 clipped=3.2692% frac(m>0.5)=0.262
[ok] dino_first2/edit4/0077_A_hawk: d_max_clip=1.5300 -> m_abs_max=1.0000 mean=0.3753 clipped=3.4900% frac(m>0.5)=0.262
[ok] dino_first2/edit4/0078_A_cat: d_max_clip=1.6324 -> m_abs_max=1.0000 mean=0.3775 clipped=3.4651% frac(m>0.5)=0.269
[ok] dino_first2/edit4/0079_A_bus: d_max_clip=1.5014 -> m_abs_max=1.0000 mean=0.3764 clipped=3.2550% frac(m>0.5)=0.267
[ok] dino_first2/edit4/0080_A_motorcycle: d_max_clip=2.0898 -> m_abs_max=1.0000 mean=0.3748 clipped=3.3298% frac(m>0.5)=0.266
[ok] dino_first2/edit4/0081_A_horse: d_max_clip=1.7754 -> m_abs_max=1.0000 mean=0.3790 clipped=3.5150% frac(m>0.5)=0.269
[ok] dino_first2/edit4/0082_A_tram: d_max_clip=1.5461 -> m_abs_max=1.0000 mean=0.3787 clipped=3.2764% frac(m>0.5)=0.269
[ok] dino_first2/edit4/0083_A_boat: d_max_clip=1.6870 -> m_abs_max=1.0000 mean=0.3769 clipped=3.3120% frac(m>0.5)=0.270
[ok] dino_first2/edit4/0084_A_squirrel: d_max_clip=1.4469 -> m_abs_max=1.0000 mean=0.3774 clipped=3.5256% frac(m>0.5)=0.266
[ok] dino_first2/edit4/0085_A_tram: d_max_clip=2.0394 -> m_abs_max=1.0000 mean=0.3779 clipped=3.3796% frac(m>0.5)=0.269
[ok] dino_first2/edit4/0086_A_red_sports_car: d_max_clip=1.7282 -> m_abs_max=1.0000 mean=0.3778 clipped=3.3440% frac(m>0.5)=0.266
[ok] dino_first2/edit4/0087_A_seagull: d_max_clip=1.4927 -> m_abs_max=1.0000 mean=0.3765 clipped=3.6040% frac(m>0.5)=0.265
[ok] dino_first2/edit4/0088_A_cyclist: d_max_clip=1.4670 -> m_abs_max=1.0000 mean=0.3792 clipped=3.5541% frac(m>0.5)=0.269
[ok] dino_first2/edit4/0089_A_dog: d_max_clip=1.4719 -> m_abs_max=1.0000 mean=0.3775 clipped=3.4259% frac(m>0.5)=0.268
[ok] dino_first2/edit4/0090_A_deer: d_max_clip=1.6233 -> m_abs_max=1.0000 mean=0.3760 clipped=3.3155% frac(m>0.5)=0.268
[ok] dino_first2/edit4/0091_A_hawk: d_max_clip=1.5435 -> m_abs_max=1.0000 mean=0.3775 clipped=3.2764% frac(m>0.5)=0.267
[ok] dino_first2/edit4/0092_A_fox: d_max_clip=1.7840 -> m_abs_max=1.0000 mean=0.3747 clipped=3.3298% frac(m>0.5)=0.265
[ok] dino_first2/edit4/0093_A_helicopter: d_max_clip=1.7697 -> m_abs_max=1.0000 mean=0.3761 clipped=3.1766% frac(m>0.5)=0.266
[ok] dino_first2/edit4/0094_A_swan: d_max_clip=1.6217 -> m_abs_max=1.0000 mean=0.3780 clipped=3.2835% frac(m>0.5)=0.266
[ok] dino_first2/edit4/0095_A_crow: d_max_clip=1.8898 -> m_abs_max=1.0000 mean=0.3736 clipped=3.2728% frac(m>0.5)=0.266
[ok] dino_first2/edit4/0096_A_car: d_max_clip=1.5712 -> m_abs_max=1.0000 mean=0.3785 clipped=3.4580% frac(m>0.5)=0.269
[ok] dino_first2/edit4/0097_A_bird: d_max_clip=1.4567 -> m_abs_max=1.0000 mean=0.3757 clipped=3.3511% frac(m>0.5)=0.266
[ok] dino_first2/edit4/0098_A_squirrel: d_max_clip=1.7649 -> m_abs_max=1.0000 mean=0.3794 clipped=3.5043% frac(m>0.5)=0.271
[ok] dino_first2/edit4/0099_A_jogger: d_max_clip=1.5800 -> m_abs_max=1.0000 mean=0.3806 clipped=3.5613% frac(m>0.5)=0.270
[ok] dino_first2/edit4/0100_A_deer: d_max_clip=2.0125 -> m_abs_max=1.0000 mean=0.3768 clipped=3.4580% frac(m>0.5)=0.264
[ok] dino_first2/edit5/0007_guitar-violin: d_max_clip=1.4943 -> m_abs_max=1.0000 mean=0.3750 clipped=3.2870% frac(m>0.5)=0.262
[ok] dino_first2/edit5/0009_bear: d_max_clip=1.6243 -> m_abs_max=1.0000 mean=0.3780 clipped=3.4437% frac(m>0.5)=0.269
[ok] dino_first2/edit5/0011_lucia: d_max_clip=1.5665 -> m_abs_max=1.0000 mean=0.3751 clipped=3.4829% frac(m>0.5)=0.264
[ok] dino_first2/edit5/0019_tennis-vest: d_max_clip=1.9113 -> m_abs_max=1.0000 mean=0.3760 clipped=3.4651% frac(m>0.5)=0.268
[ok] dino_first2/edit5/0034_cows: d_max_clip=1.5469 -> m_abs_max=1.0000 mean=0.3773 clipped=3.4972% frac(m>0.5)=0.269
[ok] dino_first2/edit5/0036_camel: d_max_clip=1.5791 -> m_abs_max=1.0000 mean=0.3775 clipped=3.5078% frac(m>0.5)=0.269
[ok] dino_first2/edit5/0057_dog: d_max_clip=1.9644 -> m_abs_max=1.0000 mean=0.3771 clipped=3.4829% frac(m>0.5)=0.267
[ok] dino_first2/edit5/0069_car-turn: d_max_clip=1.6428 -> m_abs_max=1.0000 mean=0.3766 clipped=3.3013% frac(m>0.5)=0.266
[ok] dino_first2/edit5/0089_A_dog: d_max_clip=1.4608 -> m_abs_max=1.0000 mean=0.3787 clipped=3.5684% frac(m>0.5)=0.269
[ok] dino_first2/edit6/0002_girl-dog: d_max_clip=1.5523 -> m_abs_max=1.0000 mean=0.3754 clipped=3.5078% frac(m>0.5)=0.265
[ok] dino_first2/edit6/0017_kid-football: d_max_clip=1.4851 -> m_abs_max=1.0000 mean=0.3795 clipped=3.6610% frac(m>0.5)=0.273
[ok] dino_first2/edit6/0025_baseball: d_max_clip=1.6116 -> m_abs_max=1.0000 mean=0.3793 clipped=3.5933% frac(m>0.5)=0.270
[ok] dino_first2/edit6/0041_longboard: d_max_clip=1.7794 -> m_abs_max=1.0000 mean=0.3761 clipped=3.2906% frac(m>0.5)=0.267
[ok] dino_first2/edit6/0042_gym-ball: d_max_clip=1.7314 -> m_abs_max=1.0000 mean=0.3786 clipped=3.4046% frac(m>0.5)=0.270
[ok] dino_first2/edit6/0048_hike: d_max_clip=1.4850 -> m_abs_max=1.0000 mean=0.3795 clipped=3.5897% frac(m>0.5)=0.270
[ok] dino_first2/edit6/0051_dogs-jump: d_max_clip=1.5823 -> m_abs_max=1.0000 mean=0.3764 clipped=3.1944% frac(m>0.5)=0.267
[ok] dino_first2/edit6/0055_pigs: d_max_clip=1.6872 -> m_abs_max=1.0000 mean=0.3753 clipped=3.3868% frac(m>0.5)=0.264
[ok] dino_first2/edit6/0078_A_cat: d_max_clip=1.6540 -> m_abs_max=1.0000 mean=0.3742 clipped=3.3868% frac(m>0.5)=0.264
[ok] dino_first2/edit6/0088_A_cyclist: d_max_clip=1.5855 -> m_abs_max=1.0000 mean=0.3759 clipped=3.3974% frac(m>0.5)=0.268

[r31_div_abs] done: 419/419 ok -> /home/ids/skhairi/Data/dataggen/outputs/five_bench/_r35_absnorm_smoke/div_abs
[r31_rho_map] div_root=/home/ids/skhairi/Data/dataggen/outputs/five_bench/_r35_absnorm_smoke/div_abs/dino_first2
[r31_rho_map] STAGE-3 schedule: step=15 flow_shift=1.0 (stage 1's 7 steps are irrelevant here)
[r31_rho_map] tau=[2.0, 50.0] => A_disc=[0.300415, 0.002131]
[ok] edit1/0001_bus: rho (18, 1560) range [2.001, 50.000] mean 5.732 -> /home/ids/skhairi/Data/dataggen/outputs/five_bench/_r35_absnorm_smoke/rho/dino_first2/edit1/0001_bus.npz
[ok] edit1/0002_girl-dog: rho (18, 1560) range [2.005, 50.000] mean 5.851 -> /home/ids/skhairi/Data/dataggen/outputs/five_bench/_r35_absnorm_smoke/rho/dino_first2/edit1/0002_girl-dog.npz
[ok] edit1/0003_ocean-birds: rho (18, 1560) range [2.006, 50.000] mean 5.848 -> /home/ids/skhairi/Data/dataggen/outputs/five_bench/_r35_absnorm_smoke/rho/dino_first2/edit1/0003_ocean-birds.npz
[ok] edit1/0004_car-roundabout: rho (18, 1560) range [2.002, 50.000] mean 5.810 -> /home/ids/skhairi/Data/dataggen/outputs/five_bench/_r35_absnorm_smoke/rho/dino_first2/edit1/0004_car-roundabout.npz
[ok] edit1/0005_breakdance: rho (18, 1560) range [2.005, 50.000] mean 5.801 -> /home/ids/skhairi/Data/dataggen/outputs/five_bench/_r35_absnorm_smoke/rho/dino_first2/edit1/0005_breakdance.npz
[ok] edit1/0006_paragliding: rho (18, 1560) range [2.004, 50.000] mean 5.895 -> /home/ids/skhairi/Data/dataggen/outputs/five_bench/_r35_absnorm_smoke/rho/dino_first2/edit1/0006_paragliding.npz
[ok] edit1/0007_guitar-violin: rho (18, 1560) range [2.010, 50.000] mean 5.817 -> /home/ids/skhairi/Data/dataggen/outputs/five_bench/_r35_absnorm_smoke/rho/dino_first2/edit1/0007_guitar-violin.npz
[ok] edit1/0008_snowboard-race: rho (18, 1560) range [2.003, 50.000] mean 5.728 -> /home/ids/skhairi/Data/dataggen/outputs/five_bench/_r35_absnorm_smoke/rho/dino_first2/edit1/0008_snowboard-race.npz
[ok] edit1/0009_bear: rho (18, 1560) range [2.005, 50.000] mean 5.825 -> /home/ids/skhairi/Data/dataggen/outputs/five_bench/_r35_absnorm_smoke/rho/dino_first2/edit1/0009_bear.npz
[ok] edit1/0010_giant-slalom: rho (18, 1560) range [2.003, 50.000] mean 5.805 -> /home/ids/skhairi/Data/dataggen/outputs/five_bench/_r35_absnorm_smoke/rho/dino_first2/edit1/0010_giant-slalom.npz
[ok] edit1/0011_lucia: rho (18, 1560) range [2.002, 50.000] mean 5.861 -> /home/ids/skhairi/Data/dataggen/outputs/five_bench/_r35_absnorm_smoke/rho/dino_first2/edit1/0011_lucia.npz
[ok] edit1/0012_goat: rho (18, 1560) range [2.003, 50.000] mean 5.813 -> /home/ids/skhairi/Data/dataggen/outputs/five_bench/_r35_absnorm_smoke/rho/dino_first2/edit1/0012_goat.npz
[ok] edit1/0013_golf: rho (18, 1560) range [2.002, 50.000] mean 5.838 -> /home/ids/skhairi/Data/dataggen/outputs/five_bench/_r35_absnorm_smoke/rho/dino_first2/edit1/0013_golf.npz
[ok] edit1/0014_burnout: rho (18, 1560) range [2.003, 50.000] mean 5.819 -> /home/ids/skhairi/Data/dataggen/outputs/five_bench/_r35_absnorm_smoke/rho/dino_first2/edit1/0014_burnout.npz
[ok] edit1/0015_car-shadow: rho (18, 1560) range [2.006, 50.000] mean 5.871 -> /home/ids/skhairi/Data/dataggen/outputs/five_bench/_r35_absnorm_smoke/rho/dino_first2/edit1/0015_car-shadow.npz
[ok] edit1/0016_horsejump-high: rho (18, 1560) range [2.005, 50.000] mean 5.913 -> /home/ids/skhairi/Data/dataggen/outputs/five_bench/_r35_absnorm_smoke/rho/dino_first2/edit1/0016_horsejump-high.npz
[ok] edit1/0017_kid-football: rho (18, 1560) range [2.003, 50.000] mean 5.838 -> /home/ids/skhairi/Data/dataggen/outputs/five_bench/_r35_absnorm_smoke/rho/dino_first2/edit1/0017_kid-football.npz
[ok] edit1/0018_breakdance-flare: rho (18, 1560) range [2.002, 50.000] mean 5.855 -> /home/ids/skhairi/Data/dataggen/outputs/five_bench/_r35_absnorm_smoke/rho/dino_first2/edit1/0018_breakdance-flare.npz
[ok] edit1/0019_tennis-vest: rho (18, 1560) range [2.005, 50.000] mean 5.894 -> /home/ids/skhairi/Data/dataggen/outputs/five_bench/_r35_absnorm_smoke/rho/dino_first2/edit1/0019_tennis-vest.npz
[ok] edit1/0020_monkeys: rho (18, 1560) range [2.007, 50.000] mean 5.848 -> /home/ids/skhairi/Data/dataggen/outputs/five_bench/_r35_absnorm_smoke/rho/dino_first2/edit1/0020_monkeys.npz
[ok] edit1/0021_landing: rho (18, 1560) range [2.008, 50.000] mean 5.762 -> /home/ids/skhairi/Data/dataggen/outputs/five_bench/_r35_absnorm_smoke/rho/dino_first2/edit1/0021_landing.npz
[ok] edit1/0022_skate-jump: rho (18, 1560) range [2.004, 50.000] mean 5.832 -> /home/ids/skhairi/Data/dataggen/outputs/five_bench/_r35_absnorm_smoke/rho/dino_first2/edit1/0022_skate-jump.npz
[ok] edit1/0023_kayak-race: rho (18, 1560) range [2.002, 50.000] mean 5.726 -> /home/ids/skhairi/Data/dataggen/outputs/five_bench/_r35_absnorm_smoke/rho/dino_first2/edit1/0023_kayak-race.npz
[ok] edit1/0024_hockey: rho (18, 1560) range [2.002, 50.000] mean 5.885 -> /home/ids/skhairi/Data/dataggen/outputs/five_bench/_r35_absnorm_smoke/rho/dino_first2/edit1/0024_hockey.npz
[ok] edit1/0025_baseball: rho (18, 1560) range [2.003, 50.000] mean 5.882 -> /home/ids/skhairi/Data/dataggen/outputs/five_bench/_r35_absnorm_smoke/rho/dino_first2/edit1/0025_baseball.npz
[ok] edit1/0026_table-tennis: rho (18, 1560) range [2.004, 50.000] mean 5.875 -> /home/ids/skhairi/Data/dataggen/outputs/five_bench/_r35_absnorm_smoke/rho/dino_first2/edit1/0026_table-tennis.npz
[ok] edit1/0027_dance-jump: rho (18, 1560) range [2.001, 50.000] mean 5.817 -> /home/ids/skhairi/Data/dataggen/outputs/five_bench/_r35_absnorm_smoke/rho/dino_first2/edit1/0027_dance-jump.npz
[ok] edit1/0028_kite-walk: rho (18, 1560) range [2.007, 50.000] mean 5.760 -> /home/ids/skhairi/Data/dataggen/outputs/five_bench/_r35_absnorm_smoke/rho/dino_first2/edit1/0028_kite-walk.npz
[ok] edit1/0029_horsejump-stick: rho (18, 1560) range [2.005, 50.000] mean 5.767 -> /home/ids/skhairi/Data/dataggen/outputs/five_bench/_r35_absnorm_smoke/rho/dino_first2/edit1/0029_horsejump-stick.npz
[ok] edit1/0030_rallye: rho (18, 1560) range [2.007, 50.000] mean 5.821 -> /home/ids/skhairi/Data/dataggen/outputs/five_bench/_r35_absnorm_smoke/rho/dino_first2/edit1/0030_rallye.npz
[ok] edit1/0031_soccerball: rho (18, 1560) range [2.004, 50.000] mean 5.841 -> /home/ids/skhairi/Data/dataggen/outputs/five_bench/_r35_absnorm_smoke/rho/dino_first2/edit1/0031_soccerball.npz
[ok] edit1/0032_mermaid: rho (18, 1560) range [2.003, 50.000] mean 5.796 -> /home/ids/skhairi/Data/dataggen/outputs/five_bench/_r35_absnorm_smoke/rho/dino_first2/edit1/0032_mermaid.npz
[ok] edit1/0033_horsejump-low: rho (18, 1560) range [2.003, 50.000] mean 5.848 -> /home/ids/skhairi/Data/dataggen/outputs/five_bench/_r35_absnorm_smoke/rho/dino_first2/edit1/0033_horsejump-low.npz
[ok] edit1/0034_cows: rho (18, 1560) range [2.004, 50.000] mean 5.752 -> /home/ids/skhairi/Data/dataggen/outputs/five_bench/_r35_absnorm_smoke/rho/dino_first2/edit1/0034_cows.npz
[ok] edit1/0035_helicopter: rho (18, 1560) range [2.004, 50.000] mean 5.768 -> /home/ids/skhairi/Data/dataggen/outputs/five_bench/_r35_absnorm_smoke/rho/dino_first2/edit1/0035_helicopter.npz
[ok] edit1/0036_camel: rho (18, 1560) range [2.006, 50.000] mean 5.743 -> /home/ids/skhairi/Data/dataggen/outputs/five_bench/_r35_absnorm_smoke/rho/dino_first2/edit1/0036_camel.npz
[ok] edit1/0037_snowboard-sand: rho (18, 1560) range [2.001, 50.000] mean 5.790 -> /home/ids/skhairi/Data/dataggen/outputs/five_bench/_r35_absnorm_smoke/rho/dino_first2/edit1/0037_snowboard-sand.npz
[ok] edit1/0038_motorbike: rho (18, 1560) range [2.006, 50.000] mean 5.809 -> /home/ids/skhairi/Data/dataggen/outputs/five_bench/_r35_absnorm_smoke/rho/dino_first2/edit1/0038_motorbike.npz
[ok] edit1/0039_chamaleon: rho (18, 1560) range [2.002, 50.000] mean 5.735 -> /home/ids/skhairi/Data/dataggen/outputs/five_bench/_r35_absnorm_smoke/rho/dino_first2/edit1/0039_chamaleon.npz
[ok] edit1/0040_tennis: rho (18, 1560) range [2.002, 50.000] mean 5.873 -> /home/ids/skhairi/Data/dataggen/outputs/five_bench/_r35_absnorm_smoke/rho/dino_first2/edit1/0040_tennis.npz
[ok] edit1/0041_longboard: rho (18, 1560) range [2.002, 50.000] mean 5.876 -> /home/ids/skhairi/Data/dataggen/outputs/five_bench/_r35_absnorm_smoke/rho/dino_first2/edit1/0041_longboard.npz
[ok] edit1/0042_gym-ball: rho (18, 1560) range [2.001, 50.000] mean 5.766 -> /home/ids/skhairi/Data/dataggen/outputs/five_bench/_r35_absnorm_smoke/rho/dino_first2/edit1/0042_gym-ball.npz
[ok] edit1/0043_parkour: rho (18, 1560) range [2.008, 50.000] mean 5.772 -> /home/ids/skhairi/Data/dataggen/outputs/five_bench/_r35_absnorm_smoke/rho/dino_first2/edit1/0043_parkour.npz
[ok] edit1/0044_snowboard: rho (18, 1560) range [2.005, 50.000] mean 5.804 -> /home/ids/skhairi/Data/dataggen/outputs/five_bench/_r35_absnorm_smoke/rho/dino_first2/edit1/0044_snowboard.npz
[ok] edit1/0045_butterfly: rho (18, 1560) range [2.004, 50.000] mean 5.680 -> /home/ids/skhairi/Data/dataggen/outputs/five_bench/_r35_absnorm_smoke/rho/dino_first2/edit1/0045_butterfly.npz
[ok] edit1/0046_blackswan: rho (18, 1560) range [2.005, 50.000] mean 5.853 -> /home/ids/skhairi/Data/dataggen/outputs/five_bench/_r35_absnorm_smoke/rho/dino_first2/edit1/0046_blackswan.npz
[ok] edit1/0047_judo: rho (18, 1560) range [2.003, 50.000] mean 5.886 -> /home/ids/skhairi/Data/dataggen/outputs/five_bench/_r35_absnorm_smoke/rho/dino_first2/edit1/0047_judo.npz
[ok] edit1/0048_hike: rho (18, 1560) range [2.001, 50.000] mean 5.772 -> /home/ids/skhairi/Data/dataggen/outputs/five_bench/_r35_absnorm_smoke/rho/dino_first2/edit1/0048_hike.npz
[ok] edit1/0049_speed-skating: rho (18, 1560) range [2.004, 50.000] mean 5.764 -> /home/ids/skhairi/Data/dataggen/outputs/five_bench/_r35_absnorm_smoke/rho/dino_first2/edit1/0049_speed-skating.npz
[ok] edit1/0050_slackline: rho (18, 1560) range [2.004, 50.000] mean 5.914 -> /home/ids/skhairi/Data/dataggen/outputs/five_bench/_r35_absnorm_smoke/rho/dino_first2/edit1/0050_slackline.npz
[ok] edit1/0051_dogs-jump: rho (18, 1560) range [2.003, 50.000] mean 5.721 -> /home/ids/skhairi/Data/dataggen/outputs/five_bench/_r35_absnorm_smoke/rho/dino_first2/edit1/0051_dogs-jump.npz
[ok] edit1/0052_mallard-fly: rho (18, 1560) range [2.003, 50.000] mean 5.817 -> /home/ids/skhairi/Data/dataggen/outputs/five_bench/_r35_absnorm_smoke/rho/dino_first2/edit1/0052_mallard-fly.npz
[ok] edit1/0053_swing: rho (18, 1560) range [2.004, 50.000] mean 5.830 -> /home/ids/skhairi/Data/dataggen/outputs/five_bench/_r35_absnorm_smoke/rho/dino_first2/edit1/0053_swing.npz
[ok] edit1/0054_train: rho (18, 1560) range [2.001, 50.000] mean 5.871 -> /home/ids/skhairi/Data/dataggen/outputs/five_bench/_r35_absnorm_smoke/rho/dino_first2/edit1/0054_train.npz
[ok] edit1/0055_pigs: rho (18, 1560) range [2.003, 50.000] mean 5.776 -> /home/ids/skhairi/Data/dataggen/outputs/five_bench/_r35_absnorm_smoke/rho/dino_first2/edit1/0055_pigs.npz
[ok] edit1/0056_kart-turn: rho (18, 1560) range [2.002, 50.000] mean 5.783 -> /home/ids/skhairi/Data/dataggen/outputs/five_bench/_r35_absnorm_smoke/rho/dino_first2/edit1/0056_kart-turn.npz
[ok] edit1/0057_dog: rho (18, 1560) range [2.003, 50.000] mean 5.895 -> /home/ids/skhairi/Data/dataggen/outputs/five_bench/_r35_absnorm_smoke/rho/dino_first2/edit1/0057_dog.npz
[ok] edit1/0058_boat: rho (18, 1560) range [2.006, 50.000] mean 5.921 -> /home/ids/skhairi/Data/dataggen/outputs/five_bench/_r35_absnorm_smoke/rho/dino_first2/edit1/0058_boat.npz
[ok] edit1/0059_drift-straight: rho (18, 1560) range [2.002, 50.000] mean 5.814 -> /home/ids/skhairi/Data/dataggen/outputs/five_bench/_r35_absnorm_smoke/rho/dino_first2/edit1/0059_drift-straight.npz
[ok] edit1/0060_motocross-bumps: rho (18, 1560) range [2.002, 50.000] mean 5.835 -> /home/ids/skhairi/Data/dataggen/outputs/five_bench/_r35_absnorm_smoke/rho/dino_first2/edit1/0060_motocross-bumps.npz
[ok] edit1/0061_mbike-santa: rho (18, 1560) range [2.002, 50.000] mean 5.815 -> /home/ids/skhairi/Data/dataggen/outputs/five_bench/_r35_absnorm_smoke/rho/dino_first2/edit1/0061_mbike-santa.npz
[ok] edit1/0062_elephant: rho (18, 1560) range [2.004, 50.000] mean 5.813 -> /home/ids/skhairi/Data/dataggen/outputs/five_bench/_r35_absnorm_smoke/rho/dino_first2/edit1/0062_elephant.npz
[ok] edit1/0063_drift-turn: rho (18, 1560) range [2.004, 50.000] mean 5.853 -> /home/ids/skhairi/Data/dataggen/outputs/five_bench/_r35_absnorm_smoke/rho/dino_first2/edit1/0063_drift-turn.npz
[ok] edit1/0064_rollerblade: rho (18, 1560) range [2.004, 50.000] mean 5.935 -> /home/ids/skhairi/Data/dataggen/outputs/five_bench/_r35_absnorm_smoke/rho/dino_first2/edit1/0064_rollerblade.npz
[ok] edit1/0065_twist-dance: rho (18, 1560) range [2.003, 50.000] mean 5.847 -> /home/ids/skhairi/Data/dataggen/outputs/five_bench/_r35_absnorm_smoke/rho/dino_first2/edit1/0065_twist-dance.npz
[ok] edit1/0066_deer: rho (18, 1560) range [2.004, 50.000] mean 5.858 -> /home/ids/skhairi/Data/dataggen/outputs/five_bench/_r35_absnorm_smoke/rho/dino_first2/edit1/0066_deer.npz
[ok] edit1/0067_mbike-trick: rho (18, 1560) range [2.005, 50.000] mean 5.848 -> /home/ids/skhairi/Data/dataggen/outputs/five_bench/_r35_absnorm_smoke/rho/dino_first2/edit1/0067_mbike-trick.npz
[ok] edit1/0068_planes-water: rho (18, 1560) range [2.005, 50.000] mean 5.874 -> /home/ids/skhairi/Data/dataggen/outputs/five_bench/_r35_absnorm_smoke/rho/dino_first2/edit1/0068_planes-water.npz
[ok] edit1/0069_car-turn: rho (18, 1560) range [2.003, 50.000] mean 5.785 -> /home/ids/skhairi/Data/dataggen/outputs/five_bench/_r35_absnorm_smoke/rho/dino_first2/edit1/0069_car-turn.npz
[ok] edit1/0070_dance-twirl: rho (18, 1560) range [2.001, 50.000] mean 5.781 -> /home/ids/skhairi/Data/dataggen/outputs/five_bench/_r35_absnorm_smoke/rho/dino_first2/edit1/0070_dance-twirl.npz
[ok] edit1/0071_mallard-water: rho (18, 1560) range [2.005, 50.000] mean 5.795 -> /home/ids/skhairi/Data/dataggen/outputs/five_bench/_r35_absnorm_smoke/rho/dino_first2/edit1/0071_mallard-water.npz
[ok] edit1/0072_dog-agility: rho (18, 1560) range [2.003, 50.000] mean 5.785 -> /home/ids/skhairi/Data/dataggen/outputs/five_bench/_r35_absnorm_smoke/rho/dino_first2/edit1/0072_dog-agility.npz
[ok] edit1/0073_bmx-rider: rho (18, 1560) range [2.002, 50.000] mean 5.819 -> /home/ids/skhairi/Data/dataggen/outputs/five_bench/_r35_absnorm_smoke/rho/dino_first2/edit1/0073_bmx-rider.npz
[ok] edit1/0074_rhino: rho (18, 1560) range [2.005, 50.000] mean 5.739 -> /home/ids/skhairi/Data/dataggen/outputs/five_bench/_r35_absnorm_smoke/rho/dino_first2/edit1/0074_rhino.npz
[ok] edit1/0075_A_bicycle: rho (18, 1560) range [2.007, 50.000] mean 5.970 -> /home/ids/skhairi/Data/dataggen/outputs/five_bench/_r35_absnorm_smoke/rho/dino_first2/edit1/0075_A_bicycle.npz
[ok] edit1/0076_A_rabbit: rho (18, 1560) range [2.005, 50.000] mean 5.718 -> /home/ids/skhairi/Data/dataggen/outputs/five_bench/_r35_absnorm_smoke/rho/dino_first2/edit1/0076_A_rabbit.npz
[ok] edit1/0077_A_hawk: rho (18, 1560) range [2.004, 50.000] mean 5.866 -> /home/ids/skhairi/Data/dataggen/outputs/five_bench/_r35_absnorm_smoke/rho/dino_first2/edit1/0077_A_hawk.npz
[ok] edit1/0078_A_cat: rho (18, 1560) range [2.004, 50.000] mean 5.898 -> /home/ids/skhairi/Data/dataggen/outputs/five_bench/_r35_absnorm_smoke/rho/dino_first2/edit1/0078_A_cat.npz
[ok] edit1/0079_A_bus: rho (18, 1560) range [2.004, 50.000] mean 5.856 -> /home/ids/skhairi/Data/dataggen/outputs/five_bench/_r35_absnorm_smoke/rho/dino_first2/edit1/0079_A_bus.npz
[ok] edit1/0080_A_motorcycle: rho (18, 1560) range [2.004, 50.000] mean 5.761 -> /home/ids/skhairi/Data/dataggen/outputs/five_bench/_r35_absnorm_smoke/rho/dino_first2/edit1/0080_A_motorcycle.npz
[ok] edit1/0081_A_horse: rho (18, 1560) range [2.008, 50.000] mean 5.770 -> /home/ids/skhairi/Data/dataggen/outputs/five_bench/_r35_absnorm_smoke/rho/dino_first2/edit1/0081_A_horse.npz
[ok] edit1/0082_A_tram: rho (18, 1560) range [2.002, 50.000] mean 5.710 -> /home/ids/skhairi/Data/dataggen/outputs/five_bench/_r35_absnorm_smoke/rho/dino_first2/edit1/0082_A_tram.npz
[ok] edit1/0083_A_boat: rho (18, 1560) range [2.002, 50.000] mean 5.825 -> /home/ids/skhairi/Data/dataggen/outputs/five_bench/_r35_absnorm_smoke/rho/dino_first2/edit1/0083_A_boat.npz
[ok] edit1/0084_A_squirrel: rho (18, 1560) range [2.006, 50.000] mean 5.878 -> /home/ids/skhairi/Data/dataggen/outputs/five_bench/_r35_absnorm_smoke/rho/dino_first2/edit1/0084_A_squirrel.npz
[ok] edit1/0085_A_tram: rho (18, 1560) range [2.006, 50.000] mean 5.783 -> /home/ids/skhairi/Data/dataggen/outputs/five_bench/_r35_absnorm_smoke/rho/dino_first2/edit1/0085_A_tram.npz
[ok] edit1/0086_A_red_sports_car: rho (18, 1560) range [2.004, 50.000] mean 5.793 -> /home/ids/skhairi/Data/dataggen/outputs/five_bench/_r35_absnorm_smoke/rho/dino_first2/edit1/0086_A_red_sports_car.npz
[ok] edit1/0087_A_seagull: rho (18, 1560) range [2.001, 50.000] mean 5.851 -> /home/ids/skhairi/Data/dataggen/outputs/five_bench/_r35_absnorm_smoke/rho/dino_first2/edit1/0087_A_seagull.npz
[ok] edit1/0088_A_cyclist: rho (18, 1560) range [2.001, 50.000] mean 5.826 -> /home/ids/skhairi/Data/dataggen/outputs/five_bench/_r35_absnorm_smoke/rho/dino_first2/edit1/0088_A_cyclist.npz
[ok] edit1/0089_A_dog: rho (18, 1560) range [2.006, 50.000] mean 5.778 -> /home/ids/skhairi/Data/dataggen/outputs/five_bench/_r35_absnorm_smoke/rho/dino_first2/edit1/0089_A_dog.npz
[ok] edit1/0090_A_deer: rho (18, 1560) range [2.001, 50.000] mean 5.820 -> /home/ids/skhairi/Data/dataggen/outputs/five_bench/_r35_absnorm_smoke/rho/dino_first2/edit1/0090_A_deer.npz
[ok] edit1/0091_A_hawk: rho (18, 1560) range [2.010, 50.000] mean 5.814 -> /home/ids/skhairi/Data/dataggen/outputs/five_bench/_r35_absnorm_smoke/rho/dino_first2/edit1/0091_A_hawk.npz
[ok] edit1/0092_A_fox: rho (18, 1560) range [2.004, 50.000] mean 5.806 -> /home/ids/skhairi/Data/dataggen/outputs/five_bench/_r35_absnorm_smoke/rho/dino_first2/edit1/0092_A_fox.npz
[ok] edit1/0093_A_helicopter: rho (18, 1560) range [2.004, 50.000] mean 5.732 -> /home/ids/skhairi/Data/dataggen/outputs/five_bench/_r35_absnorm_smoke/rho/dino_first2/edit1/0093_A_helicopter.npz
[ok] edit1/0094_A_swan: rho (18, 1560) range [2.006, 50.000] mean 5.799 -> /home/ids/skhairi/Data/dataggen/outputs/five_bench/_r35_absnorm_smoke/rho/dino_first2/edit1/0094_A_swan.npz
[ok] edit1/0095_A_crow: rho (18, 1560) range [2.005, 50.000] mean 5.791 -> /home/ids/skhairi/Data/dataggen/outputs/five_bench/_r35_absnorm_smoke/rho/dino_first2/edit1/0095_A_crow.npz
[ok] edit1/0096_A_car: rho (18, 1560) range [2.007, 50.000] mean 5.862 -> /home/ids/skhairi/Data/dataggen/outputs/five_bench/_r35_absnorm_smoke/rho/dino_first2/edit1/0096_A_car.npz
[ok] edit1/0097_A_bird: rho (18, 1560) range [2.005, 50.000] mean 5.826 -> /home/ids/skhairi/Data/dataggen/outputs/five_bench/_r35_absnorm_smoke/rho/dino_first2/edit1/0097_A_bird.npz
[ok] edit1/0098_A_squirrel: rho (18, 1560) range [2.001, 50.000] mean 5.817 -> /home/ids/skhairi/Data/dataggen/outputs/five_bench/_r35_absnorm_smoke/rho/dino_first2/edit1/0098_A_squirrel.npz
[ok] edit1/0099_A_jogger: rho (18, 1560) range [2.006, 50.000] mean 5.826 -> /home/ids/skhairi/Data/dataggen/outputs/five_bench/_r35_absnorm_smoke/rho/dino_first2/edit1/0099_A_jogger.npz
[ok] edit1/0100_A_deer: rho (18, 1560) range [2.005, 50.000] mean 5.896 -> /home/ids/skhairi/Data/dataggen/outputs/five_bench/_r35_absnorm_smoke/rho/dino_first2/edit1/0100_A_deer.npz
[ok] edit2/0001_bus: rho (18, 1560) range [2.004, 50.000] mean 5.784 -> /home/ids/skhairi/Data/dataggen/outputs/five_bench/_r35_absnorm_smoke/rho/dino_first2/edit2/0001_bus.npz
[ok] edit2/0002_girl-dog: rho (18, 1560) range [2.008, 50.000] mean 5.776 -> /home/ids/skhairi/Data/dataggen/outputs/five_bench/_r35_absnorm_smoke/rho/dino_first2/edit2/0002_girl-dog.npz
[ok] edit2/0003_ocean-birds: rho (18, 1560) range [2.006, 50.000] mean 5.900 -> /home/ids/skhairi/Data/dataggen/outputs/five_bench/_r35_absnorm_smoke/rho/dino_first2/edit2/0003_ocean-birds.npz
[ok] edit2/0004_car-roundabout: rho (18, 1560) range [2.001, 50.000] mean 5.847 -> /home/ids/skhairi/Data/dataggen/outputs/five_bench/_r35_absnorm_smoke/rho/dino_first2/edit2/0004_car-roundabout.npz
[ok] edit2/0005_breakdance: rho (18, 1560) range [2.005, 50.000] mean 5.810 -> /home/ids/skhairi/Data/dataggen/outputs/five_bench/_r35_absnorm_smoke/rho/dino_first2/edit2/0005_breakdance.npz
[ok] edit2/0006_paragliding: rho (18, 1560) range [2.003, 50.000] mean 5.788 -> /home/ids/skhairi/Data/dataggen/outputs/five_bench/_r35_absnorm_smoke/rho/dino_first2/edit2/0006_paragliding.npz
[ok] edit2/0007_guitar-violin: rho (18, 1560) range [2.002, 50.000] mean 5.894 -> /home/ids/skhairi/Data/dataggen/outputs/five_bench/_r35_absnorm_smoke/rho/dino_first2/edit2/0007_guitar-violin.npz
[ok] edit2/0008_snowboard-race: rho (18, 1560) range [2.001, 50.000] mean 5.764 -> /home/ids/skhairi/Data/dataggen/outputs/five_bench/_r35_absnorm_smoke/rho/dino_first2/edit2/0008_snowboard-race.npz
[ok] edit2/0009_bear: rho (18, 1560) range [2.001, 50.000] mean 5.891 -> /home/ids/skhairi/Data/dataggen/outputs/five_bench/_r35_absnorm_smoke/rho/dino_first2/edit2/0009_bear.npz
[ok] edit2/0010_giant-slalom: rho (18, 1560) range [2.002, 50.000] mean 5.903 -> /home/ids/skhairi/Data/dataggen/outputs/five_bench/_r35_absnorm_smoke/rho/dino_first2/edit2/0010_giant-slalom.npz
[ok] edit2/0011_lucia: rho (18, 1560) range [2.001, 50.000] mean 5.785 -> /home/ids/skhairi/Data/dataggen/outputs/five_bench/_r35_absnorm_smoke/rho/dino_first2/edit2/0011_lucia.npz
[ok] edit2/0012_goat: rho (18, 1560) range [2.003, 50.000] mean 5.803 -> /home/ids/skhairi/Data/dataggen/outputs/five_bench/_r35_absnorm_smoke/rho/dino_first2/edit2/0012_goat.npz
[ok] edit2/0013_golf: rho (18, 1560) range [2.003, 50.000] mean 5.774 -> /home/ids/skhairi/Data/dataggen/outputs/five_bench/_r35_absnorm_smoke/rho/dino_first2/edit2/0013_golf.npz
[ok] edit2/0014_burnout: rho (18, 1560) range [2.004, 50.000] mean 5.823 -> /home/ids/skhairi/Data/dataggen/outputs/five_bench/_r35_absnorm_smoke/rho/dino_first2/edit2/0014_burnout.npz
[ok] edit2/0015_car-shadow: rho (18, 1560) range [2.004, 50.000] mean 5.876 -> /home/ids/skhairi/Data/dataggen/outputs/five_bench/_r35_absnorm_smoke/rho/dino_first2/edit2/0015_car-shadow.npz
[ok] edit2/0016_horsejump-high: rho (18, 1560) range [2.002, 50.000] mean 5.849 -> /home/ids/skhairi/Data/dataggen/outputs/five_bench/_r35_absnorm_smoke/rho/dino_first2/edit2/0016_horsejump-high.npz
[ok] edit2/0017_kid-football: rho (18, 1560) range [2.001, 50.000] mean 5.761 -> /home/ids/skhairi/Data/dataggen/outputs/five_bench/_r35_absnorm_smoke/rho/dino_first2/edit2/0017_kid-football.npz
[ok] edit2/0018_breakdance-flare: rho (18, 1560) range [2.004, 50.000] mean 5.871 -> /home/ids/skhairi/Data/dataggen/outputs/five_bench/_r35_absnorm_smoke/rho/dino_first2/edit2/0018_breakdance-flare.npz
[ok] edit2/0019_tennis-vest: rho (18, 1560) range [2.003, 50.000] mean 5.886 -> /home/ids/skhairi/Data/dataggen/outputs/five_bench/_r35_absnorm_smoke/rho/dino_first2/edit2/0019_tennis-vest.npz
[ok] edit2/0020_monkeys: rho (18, 1560) range [2.002, 50.000] mean 5.840 -> /home/ids/skhairi/Data/dataggen/outputs/five_bench/_r35_absnorm_smoke/rho/dino_first2/edit2/0020_monkeys.npz
[ok] edit2/0021_landing: rho (18, 1560) range [2.007, 50.000] mean 5.762 -> /home/ids/skhairi/Data/dataggen/outputs/five_bench/_r35_absnorm_smoke/rho/dino_first2/edit2/0021_landing.npz
[ok] edit2/0022_skate-jump: rho (18, 1560) range [2.004, 50.000] mean 5.814 -> /home/ids/skhairi/Data/dataggen/outputs/five_bench/_r35_absnorm_smoke/rho/dino_first2/edit2/0022_skate-jump.npz
[ok] edit2/0023_kayak-race: rho (18, 1560) range [2.007, 50.000] mean 5.855 -> /home/ids/skhairi/Data/dataggen/outputs/five_bench/_r35_absnorm_smoke/rho/dino_first2/edit2/0023_kayak-race.npz
[ok] edit2/0024_hockey: rho (18, 1560) range [2.005, 50.000] mean 5.815 -> /home/ids/skhairi/Data/dataggen/outputs/five_bench/_r35_absnorm_smoke/rho/dino_first2/edit2/0024_hockey.npz
[ok] edit2/0025_baseball: rho (18, 1560) range [2.005, 50.000] mean 5.824 -> /home/ids/skhairi/Data/dataggen/outputs/five_bench/_r35_absnorm_smoke/rho/dino_first2/edit2/0025_baseball.npz
[ok] edit2/0026_table-tennis: rho (18, 1560) range [2.004, 50.000] mean 5.779 -> /home/ids/skhairi/Data/dataggen/outputs/five_bench/_r35_absnorm_smoke/rho/dino_first2/edit2/0026_table-tennis.npz
[ok] edit2/0027_dance-jump: rho (18, 1560) range [2.004, 50.000] mean 5.721 -> /home/ids/skhairi/Data/dataggen/outputs/five_bench/_r35_absnorm_smoke/rho/dino_first2/edit2/0027_dance-jump.npz
[ok] edit2/0028_kite-walk: rho (18, 1560) range [2.004, 50.000] mean 5.824 -> /home/ids/skhairi/Data/dataggen/outputs/five_bench/_r35_absnorm_smoke/rho/dino_first2/edit2/0028_kite-walk.npz
[ok] edit2/0029_horsejump-stick: rho (18, 1560) range [2.001, 50.000] mean 5.739 -> /home/ids/skhairi/Data/dataggen/outputs/five_bench/_r35_absnorm_smoke/rho/dino_first2/edit2/0029_horsejump-stick.npz
[ok] edit2/0030_rallye: rho (18, 1560) range [2.002, 50.000] mean 5.772 -> /home/ids/skhairi/Data/dataggen/outputs/five_bench/_r35_absnorm_smoke/rho/dino_first2/edit2/0030_rallye.npz
[ok] edit2/0031_soccerball: rho (18, 1560) range [2.005, 50.000] mean 5.737 -> /home/ids/skhairi/Data/dataggen/outputs/five_bench/_r35_absnorm_smoke/rho/dino_first2/edit2/0031_soccerball.npz
[ok] edit2/0032_mermaid: rho (18, 1560) range [2.005, 50.000] mean 5.812 -> /home/ids/skhairi/Data/dataggen/outputs/five_bench/_r35_absnorm_smoke/rho/dino_first2/edit2/0032_mermaid.npz
[ok] edit2/0033_horsejump-low: rho (18, 1560) range [2.004, 50.000] mean 5.796 -> /home/ids/skhairi/Data/dataggen/outputs/five_bench/_r35_absnorm_smoke/rho/dino_first2/edit2/0033_horsejump-low.npz
[ok] edit2/0034_cows: rho (18, 1560) range [2.001, 50.000] mean 5.799 -> /home/ids/skhairi/Data/dataggen/outputs/five_bench/_r35_absnorm_smoke/rho/dino_first2/edit2/0034_cows.npz
[ok] edit2/0035_helicopter: rho (18, 1560) range [2.001, 50.000] mean 5.825 -> /home/ids/skhairi/Data/dataggen/outputs/five_bench/_r35_absnorm_smoke/rho/dino_first2/edit2/0035_helicopter.npz
[ok] edit2/0036_camel: rho (18, 1560) range [2.007, 50.000] mean 5.853 -> /home/ids/skhairi/Data/dataggen/outputs/five_bench/_r35_absnorm_smoke/rho/dino_first2/edit2/0036_camel.npz
[ok] edit2/0037_snowboard-sand: rho (18, 1560) range [2.003, 50.000] mean 5.908 -> /home/ids/skhairi/Data/dataggen/outputs/five_bench/_r35_absnorm_smoke/rho/dino_first2/edit2/0037_snowboard-sand.npz
[ok] edit2/0038_motorbike: rho (18, 1560) range [2.002, 50.000] mean 5.700 -> /home/ids/skhairi/Data/dataggen/outputs/five_bench/_r35_absnorm_smoke/rho/dino_first2/edit2/0038_motorbike.npz
[ok] edit2/0039_chamaleon: rho (18, 1560) range [2.001, 50.000] mean 5.722 -> /home/ids/skhairi/Data/dataggen/outputs/five_bench/_r35_absnorm_smoke/rho/dino_first2/edit2/0039_chamaleon.npz
[ok] edit2/0040_tennis: rho (18, 1560) range [2.009, 50.000] mean 5.818 -> /home/ids/skhairi/Data/dataggen/outputs/five_bench/_r35_absnorm_smoke/rho/dino_first2/edit2/0040_tennis.npz
[ok] edit2/0041_longboard: rho (18, 1560) range [2.003, 50.000] mean 5.793 -> /home/ids/skhairi/Data/dataggen/outputs/five_bench/_r35_absnorm_smoke/rho/dino_first2/edit2/0041_longboard.npz
[ok] edit2/0042_gym-ball: rho (18, 1560) range [2.003, 50.000] mean 5.793 -> /home/ids/skhairi/Data/dataggen/outputs/five_bench/_r35_absnorm_smoke/rho/dino_first2/edit2/0042_gym-ball.npz
[ok] edit2/0043_parkour: rho (18, 1560) range [2.001, 50.000] mean 5.952 -> /home/ids/skhairi/Data/dataggen/outputs/five_bench/_r35_absnorm_smoke/rho/dino_first2/edit2/0043_parkour.npz
[ok] edit2/0044_snowboard: rho (18, 1560) range [2.001, 50.000] mean 5.860 -> /home/ids/skhairi/Data/dataggen/outputs/five_bench/_r35_absnorm_smoke/rho/dino_first2/edit2/0044_snowboard.npz
[ok] edit2/0045_butterfly: rho (18, 1560) range [2.008, 50.000] mean 5.771 -> /home/ids/skhairi/Data/dataggen/outputs/five_bench/_r35_absnorm_smoke/rho/dino_first2/edit2/0045_butterfly.npz
[ok] edit2/0046_blackswan: rho (18, 1560) range [2.004, 50.000] mean 5.820 -> /home/ids/skhairi/Data/dataggen/outputs/five_bench/_r35_absnorm_smoke/rho/dino_first2/edit2/0046_blackswan.npz
[ok] edit2/0047_judo: rho (18, 1560) range [2.008, 50.000] mean 5.789 -> /home/ids/skhairi/Data/dataggen/outputs/five_bench/_r35_absnorm_smoke/rho/dino_first2/edit2/0047_judo.npz
[ok] edit2/0048_hike: rho (18, 1560) range [2.003, 50.000] mean 5.831 -> /home/ids/skhairi/Data/dataggen/outputs/five_bench/_r35_absnorm_smoke/rho/dino_first2/edit2/0048_hike.npz
[ok] edit2/0049_speed-skating: rho (18, 1560) range [2.005, 50.000] mean 5.837 -> /home/ids/skhairi/Data/dataggen/outputs/five_bench/_r35_absnorm_smoke/rho/dino_first2/edit2/0049_speed-skating.npz
[ok] edit2/0050_slackline: rho (18, 1560) range [2.007, 50.000] mean 5.849 -> /home/ids/skhairi/Data/dataggen/outputs/five_bench/_r35_absnorm_smoke/rho/dino_first2/edit2/0050_slackline.npz
[ok] edit2/0051_dogs-jump: rho (18, 1560) range [2.007, 50.000] mean 5.733 -> /home/ids/skhairi/Data/dataggen/outputs/five_bench/_r35_absnorm_smoke/rho/dino_first2/edit2/0051_dogs-jump.npz
[ok] edit2/0052_mallard-fly: rho (18, 1560) range [2.007, 50.000] mean 5.791 -> /home/ids/skhairi/Data/dataggen/outputs/five_bench/_r35_absnorm_smoke/rho/dino_first2/edit2/0052_mallard-fly.npz
[ok] edit2/0053_swing: rho (18, 1560) range [2.008, 50.000] mean 5.894 -> /home/ids/skhairi/Data/dataggen/outputs/five_bench/_r35_absnorm_smoke/rho/dino_first2/edit2/0053_swing.npz
[ok] edit2/0054_train: rho (18, 1560) range [2.002, 50.000] mean 5.939 -> /home/ids/skhairi/Data/dataggen/outputs/five_bench/_r35_absnorm_smoke/rho/dino_first2/edit2/0054_train.npz
[ok] edit2/0055_pigs: rho (18, 1560) range [2.006, 50.000] mean 5.784 -> /home/ids/skhairi/Data/dataggen/outputs/five_bench/_r35_absnorm_smoke/rho/dino_first2/edit2/0055_pigs.npz
[ok] edit2/0056_kart-turn: rho (18, 1560) range [2.005, 50.000] mean 5.878 -> /home/ids/skhairi/Data/dataggen/outputs/five_bench/_r35_absnorm_smoke/rho/dino_first2/edit2/0056_kart-turn.npz
[ok] edit2/0057_dog: rho (18, 1560) range [2.000, 50.000] mean 5.828 -> /home/ids/skhairi/Data/dataggen/outputs/five_bench/_r35_absnorm_smoke/rho/dino_first2/edit2/0057_dog.npz
[ok] edit2/0058_boat: rho (18, 1560) range [2.001, 50.000] mean 5.791 -> /home/ids/skhairi/Data/dataggen/outputs/five_bench/_r35_absnorm_smoke/rho/dino_first2/edit2/0058_boat.npz
[ok] edit2/0059_drift-straight: rho (18, 1560) range [2.002, 50.000] mean 5.806 -> /home/ids/skhairi/Data/dataggen/outputs/five_bench/_r35_absnorm_smoke/rho/dino_first2/edit2/0059_drift-straight.npz
[ok] edit2/0060_motocross-bumps: rho (18, 1560) range [2.003, 50.000] mean 5.776 -> /home/ids/skhairi/Data/dataggen/outputs/five_bench/_r35_absnorm_smoke/rho/dino_first2/edit2/0060_motocross-bumps.npz
[ok] edit2/0061_mbike-santa: rho (18, 1560) range [2.004, 50.000] mean 5.858 -> /home/ids/skhairi/Data/dataggen/outputs/five_bench/_r35_absnorm_smoke/rho/dino_first2/edit2/0061_mbike-santa.npz
[ok] edit2/0062_elephant: rho (18, 1560) range [2.000, 50.000] mean 5.820 -> /home/ids/skhairi/Data/dataggen/outputs/five_bench/_r35_absnorm_smoke/rho/dino_first2/edit2/0062_elephant.npz
[ok] edit2/0063_drift-turn: rho (18, 1560) range [2.005, 50.000] mean 5.710 -> /home/ids/skhairi/Data/dataggen/outputs/five_bench/_r35_absnorm_smoke/rho/dino_first2/edit2/0063_drift-turn.npz
[ok] edit2/0064_rollerblade: rho (18, 1560) range [2.007, 50.000] mean 5.761 -> /home/ids/skhairi/Data/dataggen/outputs/five_bench/_r35_absnorm_smoke/rho/dino_first2/edit2/0064_rollerblade.npz
[ok] edit2/0065_twist-dance: rho (18, 1560) range [2.005, 50.000] mean 5.864 -> /home/ids/skhairi/Data/dataggen/outputs/five_bench/_r35_absnorm_smoke/rho/dino_first2/edit2/0065_twist-dance.npz
[ok] edit2/0066_deer: rho (18, 1560) range [2.003, 50.000] mean 5.777 -> /home/ids/skhairi/Data/dataggen/outputs/five_bench/_r35_absnorm_smoke/rho/dino_first2/edit2/0066_deer.npz
[ok] edit2/0067_mbike-trick: rho (18, 1560) range [2.005, 50.000] mean 5.805 -> /home/ids/skhairi/Data/dataggen/outputs/five_bench/_r35_absnorm_smoke/rho/dino_first2/edit2/0067_mbike-trick.npz
[ok] edit2/0068_planes-water: rho (18, 1560) range [2.003, 50.000] mean 5.822 -> /home/ids/skhairi/Data/dataggen/outputs/five_bench/_r35_absnorm_smoke/rho/dino_first2/edit2/0068_planes-water.npz
[ok] edit2/0069_car-turn: rho (18, 1560) range [2.006, 50.000] mean 5.889 -> /home/ids/skhairi/Data/dataggen/outputs/five_bench/_r35_absnorm_smoke/rho/dino_first2/edit2/0069_car-turn.npz
[ok] edit2/0070_dance-twirl: rho (18, 1560) range [2.008, 50.000] mean 5.923 -> /home/ids/skhairi/Data/dataggen/outputs/five_bench/_r35_absnorm_smoke/rho/dino_first2/edit2/0070_dance-twirl.npz
[ok] edit2/0071_mallard-water: rho (18, 1560) range [2.007, 50.000] mean 5.907 -> /home/ids/skhairi/Data/dataggen/outputs/five_bench/_r35_absnorm_smoke/rho/dino_first2/edit2/0071_mallard-water.npz
[ok] edit2/0072_dog-agility: rho (18, 1560) range [2.006, 50.000] mean 5.789 -> /home/ids/skhairi/Data/dataggen/outputs/five_bench/_r35_absnorm_smoke/rho/dino_first2/edit2/0072_dog-agility.npz
[ok] edit2/0073_bmx-rider: rho (18, 1560) range [2.006, 50.000] mean 5.817 -> /home/ids/skhairi/Data/dataggen/outputs/five_bench/_r35_absnorm_smoke/rho/dino_first2/edit2/0073_bmx-rider.npz
[ok] edit2/0074_rhino: rho (18, 1560) range [2.003, 50.000] mean 5.884 -> /home/ids/skhairi/Data/dataggen/outputs/five_bench/_r35_absnorm_smoke/rho/dino_first2/edit2/0074_rhino.npz
[ok] edit2/0075_A_bicycle: rho (18, 1560) range [2.006, 50.000] mean 5.799 -> /home/ids/skhairi/Data/dataggen/outputs/five_bench/_r35_absnorm_smoke/rho/dino_first2/edit2/0075_A_bicycle.npz
[ok] edit2/0076_A_rabbit: rho (18, 1560) range [2.002, 50.000] mean 5.843 -> /home/ids/skhairi/Data/dataggen/outputs/five_bench/_r35_absnorm_smoke/rho/dino_first2/edit2/0076_A_rabbit.npz
[ok] edit2/0077_A_hawk: rho (18, 1560) range [2.008, 50.000] mean 5.684 -> /home/ids/skhairi/Data/dataggen/outputs/five_bench/_r35_absnorm_smoke/rho/dino_first2/edit2/0077_A_hawk.npz
[ok] edit2/0078_A_cat: rho (18, 1560) range [2.003, 50.000] mean 5.904 -> /home/ids/skhairi/Data/dataggen/outputs/five_bench/_r35_absnorm_smoke/rho/dino_first2/edit2/0078_A_cat.npz
[ok] edit2/0079_A_bus: rho (18, 1560) range [2.003, 50.000] mean 5.827 -> /home/ids/skhairi/Data/dataggen/outputs/five_bench/_r35_absnorm_smoke/rho/dino_first2/edit2/0079_A_bus.npz
[ok] edit2/0080_A_motorcycle: rho (18, 1560) range [2.003, 50.000] mean 5.713 -> /home/ids/skhairi/Data/dataggen/outputs/five_bench/_r35_absnorm_smoke/rho/dino_first2/edit2/0080_A_motorcycle.npz
[ok] edit2/0081_A_horse: rho (18, 1560) range [2.003, 50.000] mean 5.738 -> /home/ids/skhairi/Data/dataggen/outputs/five_bench/_r35_absnorm_smoke/rho/dino_first2/edit2/0081_A_horse.npz
[ok] edit2/0082_A_tram: rho (18, 1560) range [2.003, 50.000] mean 5.860 -> /home/ids/skhairi/Data/dataggen/outputs/five_bench/_r35_absnorm_smoke/rho/dino_first2/edit2/0082_A_tram.npz
[ok] edit2/0083_A_boat: rho (18, 1560) range [2.004, 50.000] mean 5.835 -> /home/ids/skhairi/Data/dataggen/outputs/five_bench/_r35_absnorm_smoke/rho/dino_first2/edit2/0083_A_boat.npz
[ok] edit2/0084_A_squirrel: rho (18, 1560) range [2.003, 50.000] mean 5.855 -> /home/ids/skhairi/Data/dataggen/outputs/five_bench/_r35_absnorm_smoke/rho/dino_first2/edit2/0084_A_squirrel.npz
[ok] edit2/0085_A_tram: rho (18, 1560) range [2.004, 50.000] mean 5.741 -> /home/ids/skhairi/Data/dataggen/outputs/five_bench/_r35_absnorm_smoke/rho/dino_first2/edit2/0085_A_tram.npz
[ok] edit2/0086_A_red_sports_car: rho (18, 1560) range [2.006, 50.000] mean 5.868 -> /home/ids/skhairi/Data/dataggen/outputs/five_bench/_r35_absnorm_smoke/rho/dino_first2/edit2/0086_A_red_sports_car.npz
[ok] edit2/0087_A_seagull: rho (18, 1560) range [2.000, 50.000] mean 5.844 -> /home/ids/skhairi/Data/dataggen/outputs/five_bench/_r35_absnorm_smoke/rho/dino_first2/edit2/0087_A_seagull.npz
[ok] edit2/0088_A_cyclist: rho (18, 1560) range [2.004, 50.000] mean 5.846 -> /home/ids/skhairi/Data/dataggen/outputs/five_bench/_r35_absnorm_smoke/rho/dino_first2/edit2/0088_A_cyclist.npz
[ok] edit2/0089_A_dog: rho (18, 1560) range [2.005, 50.000] mean 5.726 -> /home/ids/skhairi/Data/dataggen/outputs/five_bench/_r35_absnorm_smoke/rho/dino_first2/edit2/0089_A_dog.npz
[ok] edit2/0090_A_deer: rho (18, 1560) range [2.004, 50.000] mean 5.787 -> /home/ids/skhairi/Data/dataggen/outputs/five_bench/_r35_absnorm_smoke/rho/dino_first2/edit2/0090_A_deer.npz
[ok] edit2/0091_A_hawk: rho (18, 1560) range [2.004, 50.000] mean 5.834 -> /home/ids/skhairi/Data/dataggen/outputs/five_bench/_r35_absnorm_smoke/rho/dino_first2/edit2/0091_A_hawk.npz
[ok] edit2/0092_A_fox: rho (18, 1560) range [2.008, 50.000] mean 5.862 -> /home/ids/skhairi/Data/dataggen/outputs/five_bench/_r35_absnorm_smoke/rho/dino_first2/edit2/0092_A_fox.npz
[ok] edit2/0093_A_helicopter: rho (18, 1560) range [2.005, 50.000] mean 5.843 -> /home/ids/skhairi/Data/dataggen/outputs/five_bench/_r35_absnorm_smoke/rho/dino_first2/edit2/0093_A_helicopter.npz
[ok] edit2/0094_A_swan: rho (18, 1560) range [2.005, 50.000] mean 5.822 -> /home/ids/skhairi/Data/dataggen/outputs/five_bench/_r35_absnorm_smoke/rho/dino_first2/edit2/0094_A_swan.npz
[ok] edit2/0095_A_crow: rho (18, 1560) range [2.002, 50.000] mean 5.821 -> /home/ids/skhairi/Data/dataggen/outputs/five_bench/_r35_absnorm_smoke/rho/dino_first2/edit2/0095_A_crow.npz
[ok] edit2/0096_A_car: rho (18, 1560) range [2.001, 50.000] mean 5.865 -> /home/ids/skhairi/Data/dataggen/outputs/five_bench/_r35_absnorm_smoke/rho/dino_first2/edit2/0096_A_car.npz
[ok] edit2/0097_A_bird: rho (18, 1560) range [2.006, 50.000] mean 5.774 -> /home/ids/skhairi/Data/dataggen/outputs/five_bench/_r35_absnorm_smoke/rho/dino_first2/edit2/0097_A_bird.npz
[ok] edit2/0098_A_squirrel: rho (18, 1560) range [2.005, 50.000] mean 5.774 -> /home/ids/skhairi/Data/dataggen/outputs/five_bench/_r35_absnorm_smoke/rho/dino_first2/edit2/0098_A_squirrel.npz
[ok] edit2/0099_A_jogger: rho (18, 1560) range [2.002, 50.000] mean 5.810 -> /home/ids/skhairi/Data/dataggen/outputs/five_bench/_r35_absnorm_smoke/rho/dino_first2/edit2/0099_A_jogger.npz
[ok] edit2/0100_A_deer: rho (18, 1560) range [2.004, 50.000] mean 5.733 -> /home/ids/skhairi/Data/dataggen/outputs/five_bench/_r35_absnorm_smoke/rho/dino_first2/edit2/0100_A_deer.npz
[ok] edit3/0001_bus: rho (18, 1560) range [2.005, 50.000] mean 5.716 -> /home/ids/skhairi/Data/dataggen/outputs/five_bench/_r35_absnorm_smoke/rho/dino_first2/edit3/0001_bus.npz
[ok] edit3/0002_girl-dog: rho (18, 1560) range [2.004, 50.000] mean 5.813 -> /home/ids/skhairi/Data/dataggen/outputs/five_bench/_r35_absnorm_smoke/rho/dino_first2/edit3/0002_girl-dog.npz
[ok] edit3/0003_ocean-birds: rho (18, 1560) range [2.004, 50.000] mean 5.935 -> /home/ids/skhairi/Data/dataggen/outputs/five_bench/_r35_absnorm_smoke/rho/dino_first2/edit3/0003_ocean-birds.npz
[ok] edit3/0004_car-roundabout: rho (18, 1560) range [2.003, 50.000] mean 5.769 -> /home/ids/skhairi/Data/dataggen/outputs/five_bench/_r35_absnorm_smoke/rho/dino_first2/edit3/0004_car-roundabout.npz
[ok] edit3/0005_breakdance: rho (18, 1560) range [2.003, 50.000] mean 5.764 -> /home/ids/skhairi/Data/dataggen/outputs/five_bench/_r35_absnorm_smoke/rho/dino_first2/edit3/0005_breakdance.npz
[ok] edit3/0006_paragliding: rho (18, 1560) range [2.001, 50.000] mean 5.845 -> /home/ids/skhairi/Data/dataggen/outputs/five_bench/_r35_absnorm_smoke/rho/dino_first2/edit3/0006_paragliding.npz
[ok] edit3/0007_guitar-violin: rho (18, 1560) range [2.005, 50.000] mean 5.852 -> /home/ids/skhairi/Data/dataggen/outputs/five_bench/_r35_absnorm_smoke/rho/dino_first2/edit3/0007_guitar-violin.npz
[ok] edit3/0008_snowboard-race: rho (18, 1560) range [2.004, 50.000] mean 5.810 -> /home/ids/skhairi/Data/dataggen/outputs/five_bench/_r35_absnorm_smoke/rho/dino_first2/edit3/0008_snowboard-race.npz
[ok] edit3/0009_bear: rho (18, 1560) range [2.006, 50.000] mean 5.795 -> /home/ids/skhairi/Data/dataggen/outputs/five_bench/_r35_absnorm_smoke/rho/dino_first2/edit3/0009_bear.npz
[ok] edit3/0010_giant-slalom: rho (18, 1560) range [2.005, 50.000] mean 5.725 -> /home/ids/skhairi/Data/dataggen/outputs/five_bench/_r35_absnorm_smoke/rho/dino_first2/edit3/0010_giant-slalom.npz
[ok] edit3/0011_lucia: rho (18, 1560) range [2.002, 50.000] mean 5.778 -> /home/ids/skhairi/Data/dataggen/outputs/five_bench/_r35_absnorm_smoke/rho/dino_first2/edit3/0011_lucia.npz
[ok] edit3/0012_goat: rho (18, 1560) range [2.006, 50.000] mean 5.840 -> /home/ids/skhairi/Data/dataggen/outputs/five_bench/_r35_absnorm_smoke/rho/dino_first2/edit3/0012_goat.npz
[ok] edit3/0013_golf: rho (18, 1560) range [2.005, 50.000] mean 5.807 -> /home/ids/skhairi/Data/dataggen/outputs/five_bench/_r35_absnorm_smoke/rho/dino_first2/edit3/0013_golf.npz
[ok] edit3/0014_burnout: rho (18, 1560) range [2.002, 50.000] mean 5.708 -> /home/ids/skhairi/Data/dataggen/outputs/five_bench/_r35_absnorm_smoke/rho/dino_first2/edit3/0014_burnout.npz
[ok] edit3/0015_car-shadow: rho (18, 1560) range [2.002, 50.000] mean 5.813 -> /home/ids/skhairi/Data/dataggen/outputs/five_bench/_r35_absnorm_smoke/rho/dino_first2/edit3/0015_car-shadow.npz
[ok] edit3/0016_horsejump-high: rho (18, 1560) range [2.008, 50.000] mean 5.830 -> /home/ids/skhairi/Data/dataggen/outputs/five_bench/_r35_absnorm_smoke/rho/dino_first2/edit3/0016_horsejump-high.npz
[ok] edit3/0017_kid-football: rho (18, 1560) range [2.002, 50.000] mean 5.807 -> /home/ids/skhairi/Data/dataggen/outputs/five_bench/_r35_absnorm_smoke/rho/dino_first2/edit3/0017_kid-football.npz
[ok] edit3/0018_breakdance-flare: rho (18, 1560) range [2.007, 50.000] mean 5.715 -> /home/ids/skhairi/Data/dataggen/outputs/five_bench/_r35_absnorm_smoke/rho/dino_first2/edit3/0018_breakdance-flare.npz
[ok] edit3/0019_tennis-vest: rho (18, 1560) range [2.003, 50.000] mean 5.796 -> /home/ids/skhairi/Data/dataggen/outputs/five_bench/_r35_absnorm_smoke/rho/dino_first2/edit3/0019_tennis-vest.npz
[ok] edit3/0020_monkeys: rho (18, 1560) range [2.006, 50.000] mean 5.829 -> /home/ids/skhairi/Data/dataggen/outputs/five_bench/_r35_absnorm_smoke/rho/dino_first2/edit3/0020_monkeys.npz
[ok] edit3/0021_landing: rho (18, 1560) range [2.004, 50.000] mean 5.838 -> /home/ids/skhairi/Data/dataggen/outputs/five_bench/_r35_absnorm_smoke/rho/dino_first2/edit3/0021_landing.npz
[ok] edit3/0022_skate-jump: rho (18, 1560) range [2.005, 50.000] mean 5.737 -> /home/ids/skhairi/Data/dataggen/outputs/five_bench/_r35_absnorm_smoke/rho/dino_first2/edit3/0022_skate-jump.npz
[ok] edit3/0023_kayak-race: rho (18, 1560) range [2.006, 50.000] mean 5.780 -> /home/ids/skhairi/Data/dataggen/outputs/five_bench/_r35_absnorm_smoke/rho/dino_first2/edit3/0023_kayak-race.npz
[ok] edit3/0024_hockey: rho (18, 1560) range [2.002, 50.000] mean 5.794 -> /home/ids/skhairi/Data/dataggen/outputs/five_bench/_r35_absnorm_smoke/rho/dino_first2/edit3/0024_hockey.npz
[ok] edit3/0025_baseball: rho (18, 1560) range [2.005, 50.000] mean 5.822 -> /home/ids/skhairi/Data/dataggen/outputs/five_bench/_r35_absnorm_smoke/rho/dino_first2/edit3/0025_baseball.npz
[ok] edit3/0026_table-tennis: rho (18, 1560) range [2.001, 50.000] mean 5.860 -> /home/ids/skhairi/Data/dataggen/outputs/five_bench/_r35_absnorm_smoke/rho/dino_first2/edit3/0026_table-tennis.npz
[ok] edit3/0027_dance-jump: rho (18, 1560) range [2.004, 50.000] mean 5.837 -> /home/ids/skhairi/Data/dataggen/outputs/five_bench/_r35_absnorm_smoke/rho/dino_first2/edit3/0027_dance-jump.npz
[ok] edit3/0028_kite-walk: rho (18, 1560) range [2.006, 50.000] mean 5.817 -> /home/ids/skhairi/Data/dataggen/outputs/five_bench/_r35_absnorm_smoke/rho/dino_first2/edit3/0028_kite-walk.npz
[ok] edit3/0029_horsejump-stick: rho (18, 1560) range [2.003, 50.000] mean 5.799 -> /home/ids/skhairi/Data/dataggen/outputs/five_bench/_r35_absnorm_smoke/rho/dino_first2/edit3/0029_horsejump-stick.npz
[ok] edit3/0030_rallye: rho (18, 1560) range [2.002, 50.000] mean 5.873 -> /home/ids/skhairi/Data/dataggen/outputs/five_bench/_r35_absnorm_smoke/rho/dino_first2/edit3/0030_rallye.npz
[ok] edit3/0031_soccerball: rho (18, 1560) range [2.003, 50.000] mean 5.839 -> /home/ids/skhairi/Data/dataggen/outputs/five_bench/_r35_absnorm_smoke/rho/dino_first2/edit3/0031_soccerball.npz
[ok] edit3/0032_mermaid: rho (18, 1560) range [2.002, 50.000] mean 5.838 -> /home/ids/skhairi/Data/dataggen/outputs/five_bench/_r35_absnorm_smoke/rho/dino_first2/edit3/0032_mermaid.npz
[ok] edit3/0033_horsejump-low: rho (18, 1560) range [2.006, 50.000] mean 5.794 -> /home/ids/skhairi/Data/dataggen/outputs/five_bench/_r35_absnorm_smoke/rho/dino_first2/edit3/0033_horsejump-low.npz
[ok] edit3/0034_cows: rho (18, 1560) range [2.010, 50.000] mean 5.730 -> /home/ids/skhairi/Data/dataggen/outputs/five_bench/_r35_absnorm_smoke/rho/dino_first2/edit3/0034_cows.npz
[ok] edit3/0035_helicopter: rho (18, 1560) range [2.002, 50.000] mean 5.868 -> /home/ids/skhairi/Data/dataggen/outputs/five_bench/_r35_absnorm_smoke/rho/dino_first2/edit3/0035_helicopter.npz
[ok] edit3/0036_camel: rho (18, 1560) range [2.004, 50.000] mean 5.779 -> /home/ids/skhairi/Data/dataggen/outputs/five_bench/_r35_absnorm_smoke/rho/dino_first2/edit3/0036_camel.npz
[ok] edit3/0037_snowboard-sand: rho (18, 1560) range [2.002, 50.000] mean 5.771 -> /home/ids/skhairi/Data/dataggen/outputs/five_bench/_r35_absnorm_smoke/rho/dino_first2/edit3/0037_snowboard-sand.npz
[ok] edit3/0038_motorbike: rho (18, 1560) range [2.002, 50.000] mean 5.825 -> /home/ids/skhairi/Data/dataggen/outputs/five_bench/_r35_absnorm_smoke/rho/dino_first2/edit3/0038_motorbike.npz
[ok] edit3/0039_chamaleon: rho (18, 1560) range [2.001, 50.000] mean 5.934 -> /home/ids/skhairi/Data/dataggen/outputs/five_bench/_r35_absnorm_smoke/rho/dino_first2/edit3/0039_chamaleon.npz
[ok] edit3/0040_tennis: rho (18, 1560) range [2.003, 50.000] mean 5.864 -> /home/ids/skhairi/Data/dataggen/outputs/five_bench/_r35_absnorm_smoke/rho/dino_first2/edit3/0040_tennis.npz
[ok] edit3/0041_longboard: rho (18, 1560) range [2.005, 50.000] mean 5.780 -> /home/ids/skhairi/Data/dataggen/outputs/five_bench/_r35_absnorm_smoke/rho/dino_first2/edit3/0041_longboard.npz
[ok] edit3/0042_gym-ball: rho (18, 1560) range [2.005, 50.000] mean 5.852 -> /home/ids/skhairi/Data/dataggen/outputs/five_bench/_r35_absnorm_smoke/rho/dino_first2/edit3/0042_gym-ball.npz
[ok] edit3/0043_parkour: rho (18, 1560) range [2.005, 50.000] mean 5.812 -> /home/ids/skhairi/Data/dataggen/outputs/five_bench/_r35_absnorm_smoke/rho/dino_first2/edit3/0043_parkour.npz
[ok] edit3/0044_snowboard: rho (18, 1560) range [2.002, 50.000] mean 5.782 -> /home/ids/skhairi/Data/dataggen/outputs/five_bench/_r35_absnorm_smoke/rho/dino_first2/edit3/0044_snowboard.npz
[ok] edit3/0045_butterfly: rho (18, 1560) range [2.003, 50.000] mean 5.874 -> /home/ids/skhairi/Data/dataggen/outputs/five_bench/_r35_absnorm_smoke/rho/dino_first2/edit3/0045_butterfly.npz
[ok] edit3/0046_blackswan: rho (18, 1560) range [2.001, 50.000] mean 5.884 -> /home/ids/skhairi/Data/dataggen/outputs/five_bench/_r35_absnorm_smoke/rho/dino_first2/edit3/0046_blackswan.npz
[ok] edit3/0047_judo: rho (18, 1560) range [2.003, 50.000] mean 5.833 -> /home/ids/skhairi/Data/dataggen/outputs/five_bench/_r35_absnorm_smoke/rho/dino_first2/edit3/0047_judo.npz
[ok] edit3/0048_hike: rho (18, 1560) range [2.003, 50.000] mean 5.747 -> /home/ids/skhairi/Data/dataggen/outputs/five_bench/_r35_absnorm_smoke/rho/dino_first2/edit3/0048_hike.npz
[ok] edit3/0049_speed-skating: rho (18, 1560) range [2.003, 50.000] mean 5.769 -> /home/ids/skhairi/Data/dataggen/outputs/five_bench/_r35_absnorm_smoke/rho/dino_first2/edit3/0049_speed-skating.npz
[ok] edit3/0050_slackline: rho (18, 1560) range [2.003, 50.000] mean 5.798 -> /home/ids/skhairi/Data/dataggen/outputs/five_bench/_r35_absnorm_smoke/rho/dino_first2/edit3/0050_slackline.npz
[ok] edit3/0051_dogs-jump: rho (18, 1560) range [2.002, 50.000] mean 5.805 -> /home/ids/skhairi/Data/dataggen/outputs/five_bench/_r35_absnorm_smoke/rho/dino_first2/edit3/0051_dogs-jump.npz
[ok] edit3/0052_mallard-fly: rho (18, 1560) range [2.003, 50.000] mean 5.865 -> /home/ids/skhairi/Data/dataggen/outputs/five_bench/_r35_absnorm_smoke/rho/dino_first2/edit3/0052_mallard-fly.npz
[ok] edit3/0053_swing: rho (18, 1560) range [2.006, 50.000] mean 5.915 -> /home/ids/skhairi/Data/dataggen/outputs/five_bench/_r35_absnorm_smoke/rho/dino_first2/edit3/0053_swing.npz
[ok] edit3/0054_train: rho (18, 1560) range [2.006, 50.000] mean 5.763 -> /home/ids/skhairi/Data/dataggen/outputs/five_bench/_r35_absnorm_smoke/rho/dino_first2/edit3/0054_train.npz
[ok] edit3/0055_pigs: rho (18, 1560) range [2.003, 50.000] mean 5.908 -> /home/ids/skhairi/Data/dataggen/outputs/five_bench/_r35_absnorm_smoke/rho/dino_first2/edit3/0055_pigs.npz
[ok] edit3/0056_kart-turn: rho (18, 1560) range [2.004, 50.000] mean 5.830 -> /home/ids/skhairi/Data/dataggen/outputs/five_bench/_r35_absnorm_smoke/rho/dino_first2/edit3/0056_kart-turn.npz
[ok] edit3/0057_dog: rho (18, 1560) range [2.004, 50.000] mean 5.807 -> /home/ids/skhairi/Data/dataggen/outputs/five_bench/_r35_absnorm_smoke/rho/dino_first2/edit3/0057_dog.npz
[ok] edit3/0058_boat: rho (18, 1560) range [2.004, 50.000] mean 5.861 -> /home/ids/skhairi/Data/dataggen/outputs/five_bench/_r35_absnorm_smoke/rho/dino_first2/edit3/0058_boat.npz
[ok] edit3/0059_drift-straight: rho (18, 1560) range [2.003, 50.000] mean 5.864 -> /home/ids/skhairi/Data/dataggen/outputs/five_bench/_r35_absnorm_smoke/rho/dino_first2/edit3/0059_drift-straight.npz
[ok] edit3/0060_motocross-bumps: rho (18, 1560) range [2.004, 50.000] mean 5.820 -> /home/ids/skhairi/Data/dataggen/outputs/five_bench/_r35_absnorm_smoke/rho/dino_first2/edit3/0060_motocross-bumps.npz
[ok] edit3/0061_mbike-santa: rho (18, 1560) range [2.001, 50.000] mean 5.842 -> /home/ids/skhairi/Data/dataggen/outputs/five_bench/_r35_absnorm_smoke/rho/dino_first2/edit3/0061_mbike-santa.npz
[ok] edit3/0062_elephant: rho (18, 1560) range [2.004, 50.000] mean 5.781 -> /home/ids/skhairi/Data/dataggen/outputs/five_bench/_r35_absnorm_smoke/rho/dino_first2/edit3/0062_elephant.npz
[ok] edit3/0063_drift-turn: rho (18, 1560) range [2.006, 50.000] mean 5.824 -> /home/ids/skhairi/Data/dataggen/outputs/five_bench/_r35_absnorm_smoke/rho/dino_first2/edit3/0063_drift-turn.npz
[ok] edit3/0064_rollerblade: rho (18, 1560) range [2.004, 50.000] mean 5.807 -> /home/ids/skhairi/Data/dataggen/outputs/five_bench/_r35_absnorm_smoke/rho/dino_first2/edit3/0064_rollerblade.npz
[ok] edit3/0065_twist-dance: rho (18, 1560) range [2.005, 50.000] mean 5.966 -> /home/ids/skhairi/Data/dataggen/outputs/five_bench/_r35_absnorm_smoke/rho/dino_first2/edit3/0065_twist-dance.npz
[ok] edit3/0066_deer: rho (18, 1560) range [2.006, 50.000] mean 5.813 -> /home/ids/skhairi/Data/dataggen/outputs/five_bench/_r35_absnorm_smoke/rho/dino_first2/edit3/0066_deer.npz
[ok] edit3/0067_mbike-trick: rho (18, 1560) range [2.005, 50.000] mean 5.859 -> /home/ids/skhairi/Data/dataggen/outputs/five_bench/_r35_absnorm_smoke/rho/dino_first2/edit3/0067_mbike-trick.npz
[ok] edit3/0068_planes-water: rho (18, 1560) range [2.002, 50.000] mean 5.841 -> /home/ids/skhairi/Data/dataggen/outputs/five_bench/_r35_absnorm_smoke/rho/dino_first2/edit3/0068_planes-water.npz
[ok] edit3/0069_car-turn: rho (18, 1560) range [2.003, 50.000] mean 5.799 -> /home/ids/skhairi/Data/dataggen/outputs/five_bench/_r35_absnorm_smoke/rho/dino_first2/edit3/0069_car-turn.npz
[ok] edit3/0070_dance-twirl: rho (18, 1560) range [2.002, 50.000] mean 5.885 -> /home/ids/skhairi/Data/dataggen/outputs/five_bench/_r35_absnorm_smoke/rho/dino_first2/edit3/0070_dance-twirl.npz
[ok] edit3/0071_mallard-water: rho (18, 1560) range [2.004, 50.000] mean 5.772 -> /home/ids/skhairi/Data/dataggen/outputs/five_bench/_r35_absnorm_smoke/rho/dino_first2/edit3/0071_mallard-water.npz
[ok] edit3/0072_dog-agility: rho (18, 1560) range [2.002, 50.000] mean 5.729 -> /home/ids/skhairi/Data/dataggen/outputs/five_bench/_r35_absnorm_smoke/rho/dino_first2/edit3/0072_dog-agility.npz
[ok] edit3/0073_bmx-rider: rho (18, 1560) range [2.003, 50.000] mean 5.744 -> /home/ids/skhairi/Data/dataggen/outputs/five_bench/_r35_absnorm_smoke/rho/dino_first2/edit3/0073_bmx-rider.npz
[ok] edit3/0074_rhino: rho (18, 1560) range [2.002, 50.000] mean 5.795 -> /home/ids/skhairi/Data/dataggen/outputs/five_bench/_r35_absnorm_smoke/rho/dino_first2/edit3/0074_rhino.npz
[ok] edit3/0075_A_bicycle: rho (18, 1560) range [2.009, 50.000] mean 5.772 -> /home/ids/skhairi/Data/dataggen/outputs/five_bench/_r35_absnorm_smoke/rho/dino_first2/edit3/0075_A_bicycle.npz
[ok] edit3/0076_A_rabbit: rho (18, 1560) range [2.006, 50.000] mean 5.886 -> /home/ids/skhairi/Data/dataggen/outputs/five_bench/_r35_absnorm_smoke/rho/dino_first2/edit3/0076_A_rabbit.npz
[ok] edit3/0077_A_hawk: rho (18, 1560) range [2.001, 50.000] mean 5.732 -> /home/ids/skhairi/Data/dataggen/outputs/five_bench/_r35_absnorm_smoke/rho/dino_first2/edit3/0077_A_hawk.npz
[ok] edit3/0078_A_cat: rho (18, 1560) range [2.003, 50.000] mean 5.809 -> /home/ids/skhairi/Data/dataggen/outputs/five_bench/_r35_absnorm_smoke/rho/dino_first2/edit3/0078_A_cat.npz
[ok] edit3/0079_A_bus: rho (18, 1560) range [2.004, 50.000] mean 5.790 -> /home/ids/skhairi/Data/dataggen/outputs/five_bench/_r35_absnorm_smoke/rho/dino_first2/edit3/0079_A_bus.npz
[ok] edit3/0080_A_motorcycle: rho (18, 1560) range [2.003, 50.000] mean 5.866 -> /home/ids/skhairi/Data/dataggen/outputs/five_bench/_r35_absnorm_smoke/rho/dino_first2/edit3/0080_A_motorcycle.npz
[ok] edit3/0081_A_horse: rho (18, 1560) range [2.011, 50.000] mean 5.868 -> /home/ids/skhairi/Data/dataggen/outputs/five_bench/_r35_absnorm_smoke/rho/dino_first2/edit3/0081_A_horse.npz
[ok] edit3/0082_A_tram: rho (18, 1560) range [2.007, 50.000] mean 5.828 -> /home/ids/skhairi/Data/dataggen/outputs/five_bench/_r35_absnorm_smoke/rho/dino_first2/edit3/0082_A_tram.npz
[ok] edit3/0083_A_boat: rho (18, 1560) range [2.005, 50.000] mean 5.783 -> /home/ids/skhairi/Data/dataggen/outputs/five_bench/_r35_absnorm_smoke/rho/dino_first2/edit3/0083_A_boat.npz
[ok] edit3/0084_A_squirrel: rho (18, 1560) range [2.006, 50.000] mean 5.727 -> /home/ids/skhairi/Data/dataggen/outputs/five_bench/_r35_absnorm_smoke/rho/dino_first2/edit3/0084_A_squirrel.npz
[ok] edit3/0085_A_tram: rho (18, 1560) range [2.005, 50.000] mean 5.803 -> /home/ids/skhairi/Data/dataggen/outputs/five_bench/_r35_absnorm_smoke/rho/dino_first2/edit3/0085_A_tram.npz
[ok] edit3/0086_A_red_sports_car: rho (18, 1560) range [2.005, 50.000] mean 5.756 -> /home/ids/skhairi/Data/dataggen/outputs/five_bench/_r35_absnorm_smoke/rho/dino_first2/edit3/0086_A_red_sports_car.npz
[ok] edit3/0087_A_seagull: rho (18, 1560) range [2.001, 50.000] mean 5.847 -> /home/ids/skhairi/Data/dataggen/outputs/five_bench/_r35_absnorm_smoke/rho/dino_first2/edit3/0087_A_seagull.npz
[ok] edit3/0088_A_cyclist: rho (18, 1560) range [2.002, 50.000] mean 5.779 -> /home/ids/skhairi/Data/dataggen/outputs/five_bench/_r35_absnorm_smoke/rho/dino_first2/edit3/0088_A_cyclist.npz
[ok] edit3/0089_A_dog: rho (18, 1560) range [2.003, 50.000] mean 5.887 -> /home/ids/skhairi/Data/dataggen/outputs/five_bench/_r35_absnorm_smoke/rho/dino_first2/edit3/0089_A_dog.npz
[ok] edit3/0090_A_deer: rho (18, 1560) range [2.005, 50.000] mean 5.725 -> /home/ids/skhairi/Data/dataggen/outputs/five_bench/_r35_absnorm_smoke/rho/dino_first2/edit3/0090_A_deer.npz
[ok] edit3/0091_A_hawk: rho (18, 1560) range [2.001, 50.000] mean 5.851 -> /home/ids/skhairi/Data/dataggen/outputs/five_bench/_r35_absnorm_smoke/rho/dino_first2/edit3/0091_A_hawk.npz
[ok] edit3/0092_A_fox: rho (18, 1560) range [2.005, 50.000] mean 5.776 -> /home/ids/skhairi/Data/dataggen/outputs/five_bench/_r35_absnorm_smoke/rho/dino_first2/edit3/0092_A_fox.npz
[ok] edit3/0093_A_helicopter: rho (18, 1560) range [2.002, 50.000] mean 5.862 -> /home/ids/skhairi/Data/dataggen/outputs/five_bench/_r35_absnorm_smoke/rho/dino_first2/edit3/0093_A_helicopter.npz
[ok] edit3/0094_A_swan: rho (18, 1560) range [2.005, 50.000] mean 5.811 -> /home/ids/skhairi/Data/dataggen/outputs/five_bench/_r35_absnorm_smoke/rho/dino_first2/edit3/0094_A_swan.npz
[ok] edit3/0095_A_crow: rho (18, 1560) range [2.002, 50.000] mean 5.803 -> /home/ids/skhairi/Data/dataggen/outputs/five_bench/_r35_absnorm_smoke/rho/dino_first2/edit3/0095_A_crow.npz
[ok] edit3/0096_A_car: rho (18, 1560) range [2.005, 50.000] mean 5.792 -> /home/ids/skhairi/Data/dataggen/outputs/five_bench/_r35_absnorm_smoke/rho/dino_first2/edit3/0096_A_car.npz
[ok] edit3/0097_A_bird: rho (18, 1560) range [2.001, 50.000] mean 5.830 -> /home/ids/skhairi/Data/dataggen/outputs/five_bench/_r35_absnorm_smoke/rho/dino_first2/edit3/0097_A_bird.npz
[ok] edit3/0098_A_squirrel: rho (18, 1560) range [2.004, 50.000] mean 5.733 -> /home/ids/skhairi/Data/dataggen/outputs/five_bench/_r35_absnorm_smoke/rho/dino_first2/edit3/0098_A_squirrel.npz
[ok] edit3/0099_A_jogger: rho (18, 1560) range [2.004, 50.000] mean 5.681 -> /home/ids/skhairi/Data/dataggen/outputs/five_bench/_r35_absnorm_smoke/rho/dino_first2/edit3/0099_A_jogger.npz
[ok] edit3/0100_A_deer: rho (18, 1560) range [2.002, 50.000] mean 5.784 -> /home/ids/skhairi/Data/dataggen/outputs/five_bench/_r35_absnorm_smoke/rho/dino_first2/edit3/0100_A_deer.npz
[ok] edit4/0001_bus: rho (18, 1560) range [2.003, 50.000] mean 5.901 -> /home/ids/skhairi/Data/dataggen/outputs/five_bench/_r35_absnorm_smoke/rho/dino_first2/edit4/0001_bus.npz
[ok] edit4/0002_girl-dog: rho (18, 1560) range [2.002, 50.000] mean 5.813 -> /home/ids/skhairi/Data/dataggen/outputs/five_bench/_r35_absnorm_smoke/rho/dino_first2/edit4/0002_girl-dog.npz
[ok] edit4/0003_ocean-birds: rho (18, 1560) range [2.002, 50.000] mean 5.750 -> /home/ids/skhairi/Data/dataggen/outputs/five_bench/_r35_absnorm_smoke/rho/dino_first2/edit4/0003_ocean-birds.npz
[ok] edit4/0004_car-roundabout: rho (18, 1560) range [2.007, 50.000] mean 5.707 -> /home/ids/skhairi/Data/dataggen/outputs/five_bench/_r35_absnorm_smoke/rho/dino_first2/edit4/0004_car-roundabout.npz
[ok] edit4/0005_breakdance: rho (18, 1560) range [2.004, 50.000] mean 5.718 -> /home/ids/skhairi/Data/dataggen/outputs/five_bench/_r35_absnorm_smoke/rho/dino_first2/edit4/0005_breakdance.npz
[ok] edit4/0006_paragliding: rho (18, 1560) range [2.002, 50.000] mean 5.838 -> /home/ids/skhairi/Data/dataggen/outputs/five_bench/_r35_absnorm_smoke/rho/dino_first2/edit4/0006_paragliding.npz
[ok] edit4/0007_guitar-violin: rho (18, 1560) range [2.003, 50.000] mean 5.835 -> /home/ids/skhairi/Data/dataggen/outputs/five_bench/_r35_absnorm_smoke/rho/dino_first2/edit4/0007_guitar-violin.npz
[ok] edit4/0008_snowboard-race: rho (18, 1560) range [2.003, 50.000] mean 5.813 -> /home/ids/skhairi/Data/dataggen/outputs/five_bench/_r35_absnorm_smoke/rho/dino_first2/edit4/0008_snowboard-race.npz
[ok] edit4/0009_bear: rho (18, 1560) range [2.001, 50.000] mean 5.831 -> /home/ids/skhairi/Data/dataggen/outputs/five_bench/_r35_absnorm_smoke/rho/dino_first2/edit4/0009_bear.npz
[ok] edit4/0010_giant-slalom: rho (18, 1560) range [2.000, 50.000] mean 5.706 -> /home/ids/skhairi/Data/dataggen/outputs/five_bench/_r35_absnorm_smoke/rho/dino_first2/edit4/0010_giant-slalom.npz
[ok] edit4/0011_lucia: rho (18, 1560) range [2.003, 50.000] mean 5.912 -> /home/ids/skhairi/Data/dataggen/outputs/five_bench/_r35_absnorm_smoke/rho/dino_first2/edit4/0011_lucia.npz
[ok] edit4/0012_goat: rho (18, 1560) range [2.002, 50.000] mean 5.889 -> /home/ids/skhairi/Data/dataggen/outputs/five_bench/_r35_absnorm_smoke/rho/dino_first2/edit4/0012_goat.npz
[ok] edit4/0013_golf: rho (18, 1560) range [2.002, 50.000] mean 5.838 -> /home/ids/skhairi/Data/dataggen/outputs/five_bench/_r35_absnorm_smoke/rho/dino_first2/edit4/0013_golf.npz
[ok] edit4/0014_burnout: rho (18, 1560) range [2.007, 50.000] mean 5.795 -> /home/ids/skhairi/Data/dataggen/outputs/five_bench/_r35_absnorm_smoke/rho/dino_first2/edit4/0014_burnout.npz
[ok] edit4/0015_car-shadow: rho (18, 1560) range [2.006, 50.000] mean 5.721 -> /home/ids/skhairi/Data/dataggen/outputs/five_bench/_r35_absnorm_smoke/rho/dino_first2/edit4/0015_car-shadow.npz
[ok] edit4/0016_horsejump-high: rho (18, 1560) range [2.006, 50.000] mean 5.846 -> /home/ids/skhairi/Data/dataggen/outputs/five_bench/_r35_absnorm_smoke/rho/dino_first2/edit4/0016_horsejump-high.npz
[ok] edit4/0017_kid-football: rho (18, 1560) range [2.006, 50.000] mean 5.909 -> /home/ids/skhairi/Data/dataggen/outputs/five_bench/_r35_absnorm_smoke/rho/dino_first2/edit4/0017_kid-football.npz
[ok] edit4/0018_breakdance-flare: rho (18, 1560) range [2.003, 50.000] mean 5.857 -> /home/ids/skhairi/Data/dataggen/outputs/five_bench/_r35_absnorm_smoke/rho/dino_first2/edit4/0018_breakdance-flare.npz
[ok] edit4/0019_tennis-vest: rho (18, 1560) range [2.003, 50.000] mean 5.842 -> /home/ids/skhairi/Data/dataggen/outputs/five_bench/_r35_absnorm_smoke/rho/dino_first2/edit4/0019_tennis-vest.npz
[ok] edit4/0020_monkeys: rho (18, 1560) range [2.004, 50.000] mean 5.942 -> /home/ids/skhairi/Data/dataggen/outputs/five_bench/_r35_absnorm_smoke/rho/dino_first2/edit4/0020_monkeys.npz
[ok] edit4/0021_landing: rho (18, 1560) range [2.003, 50.000] mean 5.848 -> /home/ids/skhairi/Data/dataggen/outputs/five_bench/_r35_absnorm_smoke/rho/dino_first2/edit4/0021_landing.npz
[ok] edit4/0022_skate-jump: rho (18, 1560) range [2.004, 50.000] mean 5.828 -> /home/ids/skhairi/Data/dataggen/outputs/five_bench/_r35_absnorm_smoke/rho/dino_first2/edit4/0022_skate-jump.npz
[ok] edit4/0023_kayak-race: rho (18, 1560) range [2.003, 50.000] mean 5.758 -> /home/ids/skhairi/Data/dataggen/outputs/five_bench/_r35_absnorm_smoke/rho/dino_first2/edit4/0023_kayak-race.npz
[ok] edit4/0024_hockey: rho (18, 1560) range [2.004, 50.000] mean 5.891 -> /home/ids/skhairi/Data/dataggen/outputs/five_bench/_r35_absnorm_smoke/rho/dino_first2/edit4/0024_hockey.npz
[ok] edit4/0025_baseball: rho (18, 1560) range [2.002, 50.000] mean 5.826 -> /home/ids/skhairi/Data/dataggen/outputs/five_bench/_r35_absnorm_smoke/rho/dino_first2/edit4/0025_baseball.npz
[ok] edit4/0026_table-tennis: rho (18, 1560) range [2.005, 50.000] mean 5.806 -> /home/ids/skhairi/Data/dataggen/outputs/five_bench/_r35_absnorm_smoke/rho/dino_first2/edit4/0026_table-tennis.npz
[ok] edit4/0027_dance-jump: rho (18, 1560) range [2.002, 50.000] mean 5.796 -> /home/ids/skhairi/Data/dataggen/outputs/five_bench/_r35_absnorm_smoke/rho/dino_first2/edit4/0027_dance-jump.npz
[ok] edit4/0028_kite-walk: rho (18, 1560) range [2.003, 50.000] mean 5.793 -> /home/ids/skhairi/Data/dataggen/outputs/five_bench/_r35_absnorm_smoke/rho/dino_first2/edit4/0028_kite-walk.npz
[ok] edit4/0029_horsejump-stick: rho (18, 1560) range [2.002, 50.000] mean 5.754 -> /home/ids/skhairi/Data/dataggen/outputs/five_bench/_r35_absnorm_smoke/rho/dino_first2/edit4/0029_horsejump-stick.npz
[ok] edit4/0030_rallye: rho (18, 1560) range [2.003, 50.000] mean 5.757 -> /home/ids/skhairi/Data/dataggen/outputs/five_bench/_r35_absnorm_smoke/rho/dino_first2/edit4/0030_rallye.npz
[ok] edit4/0031_soccerball: rho (18, 1560) range [2.002, 50.000] mean 5.772 -> /home/ids/skhairi/Data/dataggen/outputs/five_bench/_r35_absnorm_smoke/rho/dino_first2/edit4/0031_soccerball.npz
[ok] edit4/0032_mermaid: rho (18, 1560) range [2.003, 50.000] mean 5.866 -> /home/ids/skhairi/Data/dataggen/outputs/five_bench/_r35_absnorm_smoke/rho/dino_first2/edit4/0032_mermaid.npz
[ok] edit4/0033_horsejump-low: rho (18, 1560) range [2.003, 50.000] mean 5.864 -> /home/ids/skhairi/Data/dataggen/outputs/five_bench/_r35_absnorm_smoke/rho/dino_first2/edit4/0033_horsejump-low.npz
[ok] edit4/0034_cows: rho (18, 1560) range [2.004, 50.000] mean 5.860 -> /home/ids/skhairi/Data/dataggen/outputs/five_bench/_r35_absnorm_smoke/rho/dino_first2/edit4/0034_cows.npz
[ok] edit4/0035_helicopter: rho (18, 1560) range [2.004, 50.000] mean 5.798 -> /home/ids/skhairi/Data/dataggen/outputs/five_bench/_r35_absnorm_smoke/rho/dino_first2/edit4/0035_helicopter.npz
[ok] edit4/0036_camel: rho (18, 1560) range [2.006, 50.000] mean 5.796 -> /home/ids/skhairi/Data/dataggen/outputs/five_bench/_r35_absnorm_smoke/rho/dino_first2/edit4/0036_camel.npz
[ok] edit4/0037_snowboard-sand: rho (18, 1560) range [2.003, 50.000] mean 5.868 -> /home/ids/skhairi/Data/dataggen/outputs/five_bench/_r35_absnorm_smoke/rho/dino_first2/edit4/0037_snowboard-sand.npz
[ok] edit4/0038_motorbike: rho (18, 1560) range [2.002, 50.000] mean 5.748 -> /home/ids/skhairi/Data/dataggen/outputs/five_bench/_r35_absnorm_smoke/rho/dino_first2/edit4/0038_motorbike.npz
[ok] edit4/0039_chamaleon: rho (18, 1560) range [2.002, 50.000] mean 5.877 -> /home/ids/skhairi/Data/dataggen/outputs/five_bench/_r35_absnorm_smoke/rho/dino_first2/edit4/0039_chamaleon.npz
[ok] edit4/0040_tennis: rho (18, 1560) range [2.003, 50.000] mean 5.764 -> /home/ids/skhairi/Data/dataggen/outputs/five_bench/_r35_absnorm_smoke/rho/dino_first2/edit4/0040_tennis.npz
[ok] edit4/0041_longboard: rho (18, 1560) range [2.003, 50.000] mean 5.914 -> /home/ids/skhairi/Data/dataggen/outputs/five_bench/_r35_absnorm_smoke/rho/dino_first2/edit4/0041_longboard.npz
[ok] edit4/0042_gym-ball: rho (18, 1560) range [2.001, 50.000] mean 5.673 -> /home/ids/skhairi/Data/dataggen/outputs/five_bench/_r35_absnorm_smoke/rho/dino_first2/edit4/0042_gym-ball.npz
[ok] edit4/0043_parkour: rho (18, 1560) range [2.003, 50.000] mean 5.835 -> /home/ids/skhairi/Data/dataggen/outputs/five_bench/_r35_absnorm_smoke/rho/dino_first2/edit4/0043_parkour.npz
[ok] edit4/0044_snowboard: rho (18, 1560) range [2.004, 50.000] mean 5.860 -> /home/ids/skhairi/Data/dataggen/outputs/five_bench/_r35_absnorm_smoke/rho/dino_first2/edit4/0044_snowboard.npz
[ok] edit4/0045_butterfly: rho (18, 1560) range [2.006, 50.000] mean 5.930 -> /home/ids/skhairi/Data/dataggen/outputs/five_bench/_r35_absnorm_smoke/rho/dino_first2/edit4/0045_butterfly.npz
[ok] edit4/0046_blackswan: rho (18, 1560) range [2.005, 50.000] mean 5.808 -> /home/ids/skhairi/Data/dataggen/outputs/five_bench/_r35_absnorm_smoke/rho/dino_first2/edit4/0046_blackswan.npz
[ok] edit4/0047_judo: rho (18, 1560) range [2.003, 50.000] mean 5.836 -> /home/ids/skhairi/Data/dataggen/outputs/five_bench/_r35_absnorm_smoke/rho/dino_first2/edit4/0047_judo.npz
[ok] edit4/0048_hike: rho (18, 1560) range [2.001, 50.000] mean 5.854 -> /home/ids/skhairi/Data/dataggen/outputs/five_bench/_r35_absnorm_smoke/rho/dino_first2/edit4/0048_hike.npz
[ok] edit4/0049_speed-skating: rho (18, 1560) range [2.002, 50.000] mean 5.888 -> /home/ids/skhairi/Data/dataggen/outputs/five_bench/_r35_absnorm_smoke/rho/dino_first2/edit4/0049_speed-skating.npz
[ok] edit4/0050_slackline: rho (18, 1560) range [2.006, 50.000] mean 5.805 -> /home/ids/skhairi/Data/dataggen/outputs/five_bench/_r35_absnorm_smoke/rho/dino_first2/edit4/0050_slackline.npz
[ok] edit4/0051_dogs-jump: rho (18, 1560) range [2.007, 50.000] mean 5.811 -> /home/ids/skhairi/Data/dataggen/outputs/five_bench/_r35_absnorm_smoke/rho/dino_first2/edit4/0051_dogs-jump.npz
[ok] edit4/0052_mallard-fly: rho (18, 1560) range [2.003, 50.000] mean 5.836 -> /home/ids/skhairi/Data/dataggen/outputs/five_bench/_r35_absnorm_smoke/rho/dino_first2/edit4/0052_mallard-fly.npz
[ok] edit4/0053_swing: rho (18, 1560) range [2.003, 50.000] mean 5.851 -> /home/ids/skhairi/Data/dataggen/outputs/five_bench/_r35_absnorm_smoke/rho/dino_first2/edit4/0053_swing.npz
[ok] edit4/0054_train: rho (18, 1560) range [2.008, 50.000] mean 5.837 -> /home/ids/skhairi/Data/dataggen/outputs/five_bench/_r35_absnorm_smoke/rho/dino_first2/edit4/0054_train.npz
[ok] edit4/0055_pigs: rho (18, 1560) range [2.003, 50.000] mean 5.840 -> /home/ids/skhairi/Data/dataggen/outputs/five_bench/_r35_absnorm_smoke/rho/dino_first2/edit4/0055_pigs.npz
[ok] edit4/0056_kart-turn: rho (18, 1560) range [2.004, 50.000] mean 5.860 -> /home/ids/skhairi/Data/dataggen/outputs/five_bench/_r35_absnorm_smoke/rho/dino_first2/edit4/0056_kart-turn.npz
[ok] edit4/0057_dog: rho (18, 1560) range [2.001, 50.000] mean 5.887 -> /home/ids/skhairi/Data/dataggen/outputs/five_bench/_r35_absnorm_smoke/rho/dino_first2/edit4/0057_dog.npz
[ok] edit4/0058_boat: rho (18, 1560) range [2.007, 50.000] mean 5.788 -> /home/ids/skhairi/Data/dataggen/outputs/five_bench/_r35_absnorm_smoke/rho/dino_first2/edit4/0058_boat.npz
[ok] edit4/0059_drift-straight: rho (18, 1560) range [2.002, 50.000] mean 5.813 -> /home/ids/skhairi/Data/dataggen/outputs/five_bench/_r35_absnorm_smoke/rho/dino_first2/edit4/0059_drift-straight.npz
[ok] edit4/0060_motocross-bumps: rho (18, 1560) range [2.005, 50.000] mean 5.720 -> /home/ids/skhairi/Data/dataggen/outputs/five_bench/_r35_absnorm_smoke/rho/dino_first2/edit4/0060_motocross-bumps.npz
[ok] edit4/0061_mbike-santa: rho (18, 1560) range [2.001, 50.000] mean 5.787 -> /home/ids/skhairi/Data/dataggen/outputs/five_bench/_r35_absnorm_smoke/rho/dino_first2/edit4/0061_mbike-santa.npz
[ok] edit4/0062_elephant: rho (18, 1560) range [2.004, 50.000] mean 5.901 -> /home/ids/skhairi/Data/dataggen/outputs/five_bench/_r35_absnorm_smoke/rho/dino_first2/edit4/0062_elephant.npz
[ok] edit4/0063_drift-turn: rho (18, 1560) range [2.003, 50.000] mean 5.903 -> /home/ids/skhairi/Data/dataggen/outputs/five_bench/_r35_absnorm_smoke/rho/dino_first2/edit4/0063_drift-turn.npz
[ok] edit4/0064_rollerblade: rho (18, 1560) range [2.005, 50.000] mean 5.891 -> /home/ids/skhairi/Data/dataggen/outputs/five_bench/_r35_absnorm_smoke/rho/dino_first2/edit4/0064_rollerblade.npz
[ok] edit4/0065_twist-dance: rho (18, 1560) range [2.003, 50.000] mean 5.761 -> /home/ids/skhairi/Data/dataggen/outputs/five_bench/_r35_absnorm_smoke/rho/dino_first2/edit4/0065_twist-dance.npz
[ok] edit4/0066_deer: rho (18, 1560) range [2.002, 50.000] mean 5.805 -> /home/ids/skhairi/Data/dataggen/outputs/five_bench/_r35_absnorm_smoke/rho/dino_first2/edit4/0066_deer.npz
[ok] edit4/0067_mbike-trick: rho (18, 1560) range [2.005, 50.000] mean 5.879 -> /home/ids/skhairi/Data/dataggen/outputs/five_bench/_r35_absnorm_smoke/rho/dino_first2/edit4/0067_mbike-trick.npz
[ok] edit4/0068_planes-water: rho (18, 1560) range [2.002, 50.000] mean 5.814 -> /home/ids/skhairi/Data/dataggen/outputs/five_bench/_r35_absnorm_smoke/rho/dino_first2/edit4/0068_planes-water.npz
[ok] edit4/0069_car-turn: rho (18, 1560) range [2.006, 50.000] mean 5.789 -> /home/ids/skhairi/Data/dataggen/outputs/five_bench/_r35_absnorm_smoke/rho/dino_first2/edit4/0069_car-turn.npz
[ok] edit4/0070_dance-twirl: rho (18, 1560) range [2.004, 50.000] mean 5.799 -> /home/ids/skhairi/Data/dataggen/outputs/five_bench/_r35_absnorm_smoke/rho/dino_first2/edit4/0070_dance-twirl.npz
[ok] edit4/0071_mallard-water: rho (18, 1560) range [2.005, 50.000] mean 5.844 -> /home/ids/skhairi/Data/dataggen/outputs/five_bench/_r35_absnorm_smoke/rho/dino_first2/edit4/0071_mallard-water.npz
[ok] edit4/0072_dog-agility: rho (18, 1560) range [2.004, 50.000] mean 5.824 -> /home/ids/skhairi/Data/dataggen/outputs/five_bench/_r35_absnorm_smoke/rho/dino_first2/edit4/0072_dog-agility.npz
[ok] edit4/0073_bmx-rider: rho (18, 1560) range [2.001, 50.000] mean 5.798 -> /home/ids/skhairi/Data/dataggen/outputs/five_bench/_r35_absnorm_smoke/rho/dino_first2/edit4/0073_bmx-rider.npz
[ok] edit4/0074_rhino: rho (18, 1560) range [2.005, 50.000] mean 5.812 -> /home/ids/skhairi/Data/dataggen/outputs/five_bench/_r35_absnorm_smoke/rho/dino_first2/edit4/0074_rhino.npz
[ok] edit4/0075_A_bicycle: rho (18, 1560) range [2.005, 50.000] mean 5.937 -> /home/ids/skhairi/Data/dataggen/outputs/five_bench/_r35_absnorm_smoke/rho/dino_first2/edit4/0075_A_bicycle.npz
[ok] edit4/0076_A_rabbit: rho (18, 1560) range [2.002, 50.000] mean 5.717 -> /home/ids/skhairi/Data/dataggen/outputs/five_bench/_r35_absnorm_smoke/rho/dino_first2/edit4/0076_A_rabbit.npz
[ok] edit4/0077_A_hawk: rho (18, 1560) range [2.004, 50.000] mean 5.827 -> /home/ids/skhairi/Data/dataggen/outputs/five_bench/_r35_absnorm_smoke/rho/dino_first2/edit4/0077_A_hawk.npz
[ok] edit4/0078_A_cat: rho (18, 1560) range [2.009, 50.000] mean 5.826 -> /home/ids/skhairi/Data/dataggen/outputs/five_bench/_r35_absnorm_smoke/rho/dino_first2/edit4/0078_A_cat.npz
[ok] edit4/0079_A_bus: rho (18, 1560) range [2.001, 50.000] mean 5.751 -> /home/ids/skhairi/Data/dataggen/outputs/five_bench/_r35_absnorm_smoke/rho/dino_first2/edit4/0079_A_bus.npz
[ok] edit4/0080_A_motorcycle: rho (18, 1560) range [2.004, 50.000] mean 5.752 -> /home/ids/skhairi/Data/dataggen/outputs/five_bench/_r35_absnorm_smoke/rho/dino_first2/edit4/0080_A_motorcycle.npz
[ok] edit4/0081_A_horse: rho (18, 1560) range [2.002, 50.000] mean 5.882 -> /home/ids/skhairi/Data/dataggen/outputs/five_bench/_r35_absnorm_smoke/rho/dino_first2/edit4/0081_A_horse.npz
[ok] edit4/0082_A_tram: rho (18, 1560) range [2.005, 50.000] mean 5.795 -> /home/ids/skhairi/Data/dataggen/outputs/five_bench/_r35_absnorm_smoke/rho/dino_first2/edit4/0082_A_tram.npz
[ok] edit4/0083_A_boat: rho (18, 1560) range [2.008, 50.000] mean 5.768 -> /home/ids/skhairi/Data/dataggen/outputs/five_bench/_r35_absnorm_smoke/rho/dino_first2/edit4/0083_A_boat.npz
[ok] edit4/0084_A_squirrel: rho (18, 1560) range [2.002, 50.000] mean 5.830 -> /home/ids/skhairi/Data/dataggen/outputs/five_bench/_r35_absnorm_smoke/rho/dino_first2/edit4/0084_A_squirrel.npz
[ok] edit4/0085_A_tram: rho (18, 1560) range [2.005, 50.000] mean 5.829 -> /home/ids/skhairi/Data/dataggen/outputs/five_bench/_r35_absnorm_smoke/rho/dino_first2/edit4/0085_A_tram.npz
[ok] edit4/0086_A_red_sports_car: rho (18, 1560) range [2.003, 50.000] mean 5.817 -> /home/ids/skhairi/Data/dataggen/outputs/five_bench/_r35_absnorm_smoke/rho/dino_first2/edit4/0086_A_red_sports_car.npz
[ok] edit4/0087_A_seagull: rho (18, 1560) range [2.002, 50.000] mean 5.871 -> /home/ids/skhairi/Data/dataggen/outputs/five_bench/_r35_absnorm_smoke/rho/dino_first2/edit4/0087_A_seagull.npz
[ok] edit4/0088_A_cyclist: rho (18, 1560) range [2.002, 50.000] mean 5.894 -> /home/ids/skhairi/Data/dataggen/outputs/five_bench/_r35_absnorm_smoke/rho/dino_first2/edit4/0088_A_cyclist.npz
[ok] edit4/0089_A_dog: rho (18, 1560) range [2.005, 50.000] mean 5.805 -> /home/ids/skhairi/Data/dataggen/outputs/five_bench/_r35_absnorm_smoke/rho/dino_first2/edit4/0089_A_dog.npz
[ok] edit4/0090_A_deer: rho (18, 1560) range [2.001, 50.000] mean 5.774 -> /home/ids/skhairi/Data/dataggen/outputs/five_bench/_r35_absnorm_smoke/rho/dino_first2/edit4/0090_A_deer.npz
[ok] edit4/0091_A_hawk: rho (18, 1560) range [2.005, 50.000] mean 5.748 -> /home/ids/skhairi/Data/dataggen/outputs/five_bench/_r35_absnorm_smoke/rho/dino_first2/edit4/0091_A_hawk.npz
[ok] edit4/0092_A_fox: rho (18, 1560) range [2.002, 50.000] mean 5.743 -> /home/ids/skhairi/Data/dataggen/outputs/five_bench/_r35_absnorm_smoke/rho/dino_first2/edit4/0092_A_fox.npz
[ok] edit4/0093_A_helicopter: rho (18, 1560) range [2.002, 50.000] mean 5.726 -> /home/ids/skhairi/Data/dataggen/outputs/five_bench/_r35_absnorm_smoke/rho/dino_first2/edit4/0093_A_helicopter.npz
[ok] edit4/0094_A_swan: rho (18, 1560) range [2.005, 50.000] mean 5.754 -> /home/ids/skhairi/Data/dataggen/outputs/five_bench/_r35_absnorm_smoke/rho/dino_first2/edit4/0094_A_swan.npz
[ok] edit4/0095_A_crow: rho (18, 1560) range [2.002, 50.000] mean 5.716 -> /home/ids/skhairi/Data/dataggen/outputs/five_bench/_r35_absnorm_smoke/rho/dino_first2/edit4/0095_A_crow.npz
[ok] edit4/0096_A_car: rho (18, 1560) range [2.001, 50.000] mean 5.874 -> /home/ids/skhairi/Data/dataggen/outputs/five_bench/_r35_absnorm_smoke/rho/dino_first2/edit4/0096_A_car.npz
[ok] edit4/0097_A_bird: rho (18, 1560) range [2.006, 50.000] mean 5.764 -> /home/ids/skhairi/Data/dataggen/outputs/five_bench/_r35_absnorm_smoke/rho/dino_first2/edit4/0097_A_bird.npz
[ok] edit4/0098_A_squirrel: rho (18, 1560) range [2.002, 50.000] mean 5.868 -> /home/ids/skhairi/Data/dataggen/outputs/five_bench/_r35_absnorm_smoke/rho/dino_first2/edit4/0098_A_squirrel.npz
[ok] edit4/0099_A_jogger: rho (18, 1560) range [2.003, 50.000] mean 5.914 -> /home/ids/skhairi/Data/dataggen/outputs/five_bench/_r35_absnorm_smoke/rho/dino_first2/edit4/0099_A_jogger.npz
[ok] edit4/0100_A_deer: rho (18, 1560) range [2.002, 50.000] mean 5.836 -> /home/ids/skhairi/Data/dataggen/outputs/five_bench/_r35_absnorm_smoke/rho/dino_first2/edit4/0100_A_deer.npz
[ok] edit5/0007_guitar-violin: rho (18, 1560) range [2.004, 50.000] mean 5.744 -> /home/ids/skhairi/Data/dataggen/outputs/five_bench/_r35_absnorm_smoke/rho/dino_first2/edit5/0007_guitar-violin.npz
[ok] edit5/0009_bear: rho (18, 1560) range [2.002, 50.000] mean 5.826 -> /home/ids/skhairi/Data/dataggen/outputs/five_bench/_r35_absnorm_smoke/rho/dino_first2/edit5/0009_bear.npz
[ok] edit5/0011_lucia: rho (18, 1560) range [2.002, 50.000] mean 5.817 -> /home/ids/skhairi/Data/dataggen/outputs/five_bench/_r35_absnorm_smoke/rho/dino_first2/edit5/0011_lucia.npz
[ok] edit5/0019_tennis-vest: rho (18, 1560) range [2.004, 50.000] mean 5.812 -> /home/ids/skhairi/Data/dataggen/outputs/five_bench/_r35_absnorm_smoke/rho/dino_first2/edit5/0019_tennis-vest.npz
[ok] edit5/0034_cows: rho (18, 1560) range [2.002, 50.000] mean 5.844 -> /home/ids/skhairi/Data/dataggen/outputs/five_bench/_r35_absnorm_smoke/rho/dino_first2/edit5/0034_cows.npz
[ok] edit5/0036_camel: rho (18, 1560) range [2.002, 50.000] mean 5.838 -> /home/ids/skhairi/Data/dataggen/outputs/five_bench/_r35_absnorm_smoke/rho/dino_first2/edit5/0036_camel.npz
[ok] edit5/0057_dog: rho (18, 1560) range [2.004, 50.000] mean 5.833 -> /home/ids/skhairi/Data/dataggen/outputs/five_bench/_r35_absnorm_smoke/rho/dino_first2/edit5/0057_dog.npz
[ok] edit5/0069_car-turn: rho (18, 1560) range [2.002, 50.000] mean 5.735 -> /home/ids/skhairi/Data/dataggen/outputs/five_bench/_r35_absnorm_smoke/rho/dino_first2/edit5/0069_car-turn.npz
[ok] edit5/0089_A_dog: rho (18, 1560) range [2.004, 50.000] mean 5.887 -> /home/ids/skhairi/Data/dataggen/outputs/five_bench/_r35_absnorm_smoke/rho/dino_first2/edit5/0089_A_dog.npz
[ok] edit6/0002_girl-dog: rho (18, 1560) range [2.003, 50.000] mean 5.815 -> /home/ids/skhairi/Data/dataggen/outputs/five_bench/_r35_absnorm_smoke/rho/dino_first2/edit6/0002_girl-dog.npz
[ok] edit6/0017_kid-football: rho (18, 1560) range [2.002, 50.000] mean 5.969 -> /home/ids/skhairi/Data/dataggen/outputs/five_bench/_r35_absnorm_smoke/rho/dino_first2/edit6/0017_kid-football.npz
[ok] edit6/0025_baseball: rho (18, 1560) range [2.006, 50.000] mean 5.909 -> /home/ids/skhairi/Data/dataggen/outputs/five_bench/_r35_absnorm_smoke/rho/dino_first2/edit6/0025_baseball.npz
[ok] edit6/0041_longboard: rho (18, 1560) range [2.007, 50.000] mean 5.749 -> /home/ids/skhairi/Data/dataggen/outputs/five_bench/_r35_absnorm_smoke/rho/dino_first2/edit6/0041_longboard.npz
[ok] edit6/0042_gym-ball: rho (18, 1560) range [2.004, 50.000] mean 5.836 -> /home/ids/skhairi/Data/dataggen/outputs/five_bench/_r35_absnorm_smoke/rho/dino_first2/edit6/0042_gym-ball.npz
[ok] edit6/0048_hike: rho (18, 1560) range [2.002, 50.000] mean 5.920 -> /home/ids/skhairi/Data/dataggen/outputs/five_bench/_r35_absnorm_smoke/rho/dino_first2/edit6/0048_hike.npz
[ok] edit6/0051_dogs-jump: rho (18, 1560) range [2.004, 50.000] mean 5.730 -> /home/ids/skhairi/Data/dataggen/outputs/five_bench/_r35_absnorm_smoke/rho/dino_first2/edit6/0051_dogs-jump.npz
[ok] edit6/0055_pigs: rho (18, 1560) range [2.008, 50.000] mean 5.771 -> /home/ids/skhairi/Data/dataggen/outputs/five_bench/_r35_absnorm_smoke/rho/dino_first2/edit6/0055_pigs.npz
[ok] edit6/0078_A_cat: rho (18, 1560) range [2.003, 50.000] mean 5.751 -> /home/ids/skhairi/Data/dataggen/outputs/five_bench/_r35_absnorm_smoke/rho/dino_first2/edit6/0078_A_cat.npz
[ok] edit6/0088_A_cyclist: rho (18, 1560) range [2.003, 50.000] mean 5.802 -> /home/ids/skhairi/Data/dataggen/outputs/five_bench/_r35_absnorm_smoke/rho/dino_first2/edit6/0088_A_cyclist.npz
[r31_rho_map] done: 419/419 ok -> /home/ids/skhairi/Data/dataggen/outputs/five_bench/_r35_absnorm_smoke/rho/dino_first2

=== [r35_absnorm] post-run guard: exact per-type breakdown, both trees ===
[r35_absnorm] dino_unblended div_abs: 419 npz total (expect 419), mismatched types=0
[r35_absnorm] dino_unblended rho: 419 npz total (expect 419), mismatched types=0
[r35_absnorm] dino_first2 div_abs: 419 npz total (expect 419), mismatched types=0
[r35_absnorm] dino_first2 rho: 419 npz total (expect 419), mismatched types=0
[r35_absnorm] failures: 0
