[r35_absnorm] job=1007669 node=nodecpu10 combos=dino_unblended dino_first2
[r35_absnorm] div=/home/ids/skhairi/Data/dataggen/outputs/five_bench/r35_div -> div_abs=/home/ids/skhairi/Data/dataggen/outputs/five_bench/r35_div_abs, rho=/home/ids/skhairi/Data/dataggen/outputs/five_bench/r35_rho
=== [r35_absnorm] dino_unblended  (div_max=0.65) ===
[r35_absnorm] dino_unblended: 419 stage-2 npz found (expect 419)

[r31_div_abs] arm=dino_unblended absolute range [0, 0.65] (419 clips) -> /home/ids/skhairi/Data/dataggen/outputs/five_bench/r35_div_abs/dino_unblended
[ok] dino_unblended/edit1/0001_bus: d_max_clip=0.7003 -> m_abs_max=1.0000 mean=0.2617 clipped=0.4238% frac(m>0.5)=0.204
[ok] dino_unblended/edit1/0002_girl-dog: d_max_clip=0.7609 -> m_abs_max=1.0000 mean=0.1936 clipped=1.3462% frac(m>0.5)=0.123
[ok] dino_unblended/edit1/0003_ocean-birds: d_max_clip=0.7307 -> m_abs_max=1.0000 mean=0.3209 clipped=0.8761% frac(m>0.5)=0.211
[ok] dino_unblended/edit1/0004_car-roundabout: d_max_clip=0.6836 -> m_abs_max=1.0000 mean=0.1849 clipped=0.1175% frac(m>0.5)=0.144
[ok] dino_unblended/edit1/0005_breakdance: d_max_clip=0.7578 -> m_abs_max=1.0000 mean=0.1705 clipped=0.2259% frac(m>0.5)=0.119
[ok] dino_unblended/edit1/0006_paragliding: d_max_clip=0.6943 -> m_abs_max=1.0000 mean=0.1278 clipped=0.4523% frac(m>0.5)=0.058
[ok] dino_unblended/edit1/0007_guitar-violin: d_max_clip=0.7505 -> m_abs_max=1.0000 mean=0.4300 clipped=1.3301% frac(m>0.5)=0.426
[ok] dino_unblended/edit1/0008_snowboard-race: d_max_clip=0.7342 -> m_abs_max=1.0000 mean=0.4020 clipped=1.6987% frac(m>0.5)=0.374
[ok] dino_unblended/edit1/0009_bear: d_max_clip=0.7484 -> m_abs_max=1.0000 mean=0.4434 clipped=4.4414% frac(m>0.5)=0.383
[ok] dino_unblended/edit1/0010_giant-slalom: d_max_clip=0.5974 -> m_abs_max=0.9191 mean=0.1262 clipped=0.0000% frac(m>0.5)=0.058
[ok] dino_unblended/edit1/0011_lucia: d_max_clip=0.6170 -> m_abs_max=0.9492 mean=0.0819 clipped=0.0000% frac(m>0.5)=0.030
[ok] dino_unblended/edit1/0012_goat: d_max_clip=0.7428 -> m_abs_max=1.0000 mean=0.4185 clipped=5.6960% frac(m>0.5)=0.319
[ok] dino_unblended/edit1/0013_golf: d_max_clip=0.6370 -> m_abs_max=0.9800 mean=0.2058 clipped=0.0000% frac(m>0.5)=0.150
[ok] dino_unblended/edit1/0014_burnout: d_max_clip=0.7547 -> m_abs_max=1.0000 mean=0.2796 clipped=1.2856% frac(m>0.5)=0.213
[ok] dino_unblended/edit1/0015_car-shadow: d_max_clip=0.7014 -> m_abs_max=1.0000 mean=0.1895 clipped=1.1610% frac(m>0.5)=0.136
[ok] dino_unblended/edit1/0016_horsejump-high: d_max_clip=0.6959 -> m_abs_max=1.0000 mean=0.2095 clipped=0.4701% frac(m>0.5)=0.145
[ok] dino_unblended/edit1/0017_kid-football: d_max_clip=0.6684 -> m_abs_max=1.0000 mean=0.2064 clipped=0.0128% frac(m>0.5)=0.144
[ok] dino_unblended/edit1/0018_breakdance-flare: d_max_clip=0.8058 -> m_abs_max=1.0000 mean=0.4293 clipped=18.6930% frac(m>0.5)=0.331
[ok] dino_unblended/edit1/0019_tennis-vest: d_max_clip=0.7040 -> m_abs_max=1.0000 mean=0.1574 clipped=0.9046% frac(m>0.5)=0.098
[ok] dino_unblended/edit1/0020_monkeys: d_max_clip=0.7269 -> m_abs_max=1.0000 mean=0.3119 clipped=0.8791% frac(m>0.5)=0.252
[ok] dino_unblended/edit1/0021_landing: d_max_clip=0.7129 -> m_abs_max=1.0000 mean=0.3145 clipped=1.1182% frac(m>0.5)=0.252
[ok] dino_unblended/edit1/0022_skate-jump: d_max_clip=0.6633 -> m_abs_max=1.0000 mean=0.0612 clipped=0.0085% frac(m>0.5)=0.027
[ok] dino_unblended/edit1/0023_kayak-race: d_max_clip=0.5950 -> m_abs_max=0.9154 mean=0.1302 clipped=0.0000% frac(m>0.5)=0.042
[ok] dino_unblended/edit1/0024_hockey: d_max_clip=0.7140 -> m_abs_max=1.0000 mean=0.1571 clipped=0.6197% frac(m>0.5)=0.118
[ok] dino_unblended/edit1/0025_baseball: d_max_clip=0.6657 -> m_abs_max=1.0000 mean=0.2595 clipped=0.0305% frac(m>0.5)=0.187
[ok] dino_unblended/edit1/0026_table-tennis: d_max_clip=0.6050 -> m_abs_max=0.9308 mean=0.0905 clipped=0.0000% frac(m>0.5)=0.053
[ok] dino_unblended/edit1/0027_dance-jump: d_max_clip=0.7058 -> m_abs_max=1.0000 mean=0.2246 clipped=0.2179% frac(m>0.5)=0.157
[ok] dino_unblended/edit1/0028_kite-walk: d_max_clip=0.6537 -> m_abs_max=1.0000 mean=0.0764 clipped=0.0036% frac(m>0.5)=0.044
[ok] dino_unblended/edit1/0029_horsejump-stick: d_max_clip=0.7168 -> m_abs_max=1.0000 mean=0.2136 clipped=0.7821% frac(m>0.5)=0.139
[ok] dino_unblended/edit1/0030_rallye: d_max_clip=0.7530 -> m_abs_max=1.0000 mean=0.4059 clipped=7.9274% frac(m>0.5)=0.343
[ok] dino_unblended/edit1/0031_soccerball: d_max_clip=0.7173 -> m_abs_max=1.0000 mean=0.2145 clipped=1.0256% frac(m>0.5)=0.133
[ok] dino_unblended/edit1/0032_mermaid: d_max_clip=0.6919 -> m_abs_max=1.0000 mean=0.3851 clipped=0.3063% frac(m>0.5)=0.243
[ok] dino_unblended/edit1/0033_horsejump-low: d_max_clip=0.7084 -> m_abs_max=1.0000 mean=0.1873 clipped=0.2521% frac(m>0.5)=0.110
[ok] dino_unblended/edit1/0034_cows: d_max_clip=0.6893 -> m_abs_max=1.0000 mean=0.3212 clipped=1.0497% frac(m>0.5)=0.216
[ok] dino_unblended/edit1/0035_helicopter: d_max_clip=0.6403 -> m_abs_max=0.9851 mean=0.1144 clipped=0.0000% frac(m>0.5)=0.067
[ok] dino_unblended/edit1/0036_camel: d_max_clip=0.7045 -> m_abs_max=1.0000 mean=0.2888 clipped=1.6880% frac(m>0.5)=0.238
[ok] dino_unblended/edit1/0037_snowboard-sand: d_max_clip=0.6803 -> m_abs_max=1.0000 mean=0.2228 clipped=0.0962% frac(m>0.5)=0.096
[ok] dino_unblended/edit1/0038_motorbike: d_max_clip=0.6877 -> m_abs_max=1.0000 mean=0.1721 clipped=0.3775% frac(m>0.5)=0.140
[ok] dino_unblended/edit1/0039_chamaleon: d_max_clip=0.7066 -> m_abs_max=1.0000 mean=0.2122 clipped=0.1740% frac(m>0.5)=0.143
[ok] dino_unblended/edit1/0040_tennis: d_max_clip=0.6830 -> m_abs_max=1.0000 mean=0.1546 clipped=0.3383% frac(m>0.5)=0.086
[ok] dino_unblended/edit1/0041_longboard: d_max_clip=0.7326 -> m_abs_max=1.0000 mean=0.3250 clipped=1.6880% frac(m>0.5)=0.242
[ok] dino_unblended/edit1/0042_gym-ball: d_max_clip=0.7351 -> m_abs_max=1.0000 mean=0.2227 clipped=1.7806% frac(m>0.5)=0.191
[ok] dino_unblended/edit1/0043_parkour: d_max_clip=0.7889 -> m_abs_max=1.0000 mean=0.3243 clipped=3.8595% frac(m>0.5)=0.208
[ok] dino_unblended/edit1/0044_snowboard: d_max_clip=0.6217 -> m_abs_max=0.9564 mean=0.3021 clipped=0.0000% frac(m>0.5)=0.212
[ok] dino_unblended/edit1/0045_butterfly: d_max_clip=0.7803 -> m_abs_max=1.0000 mean=0.1991 clipped=5.3348% frac(m>0.5)=0.112
[ok] dino_unblended/edit1/0046_blackswan: d_max_clip=0.6840 -> m_abs_max=1.0000 mean=0.2014 clipped=0.2083% frac(m>0.5)=0.104
[ok] dino_unblended/edit1/0047_judo: d_max_clip=0.6749 -> m_abs_max=1.0000 mean=0.2372 clipped=0.0427% frac(m>0.5)=0.201
[ok] dino_unblended/edit1/0048_hike: d_max_clip=0.6735 -> m_abs_max=1.0000 mean=0.0854 clipped=0.0214% frac(m>0.5)=0.037
[ok] dino_unblended/edit1/0049_speed-skating: d_max_clip=0.6785 -> m_abs_max=1.0000 mean=0.2503 clipped=0.0519% frac(m>0.5)=0.170
[ok] dino_unblended/edit1/0050_slackline: d_max_clip=0.7286 -> m_abs_max=1.0000 mean=0.1584 clipped=0.4017% frac(m>0.5)=0.100
[ok] dino_unblended/edit1/0051_dogs-jump: d_max_clip=0.7166 -> m_abs_max=1.0000 mean=0.1896 clipped=0.9231% frac(m>0.5)=0.131
[ok] dino_unblended/edit1/0052_mallard-fly: d_max_clip=0.7309 -> m_abs_max=1.0000 mean=0.3290 clipped=4.2023% frac(m>0.5)=0.187
[ok] dino_unblended/edit1/0053_swing: d_max_clip=0.7020 -> m_abs_max=1.0000 mean=0.2252 clipped=0.3034% frac(m>0.5)=0.132
[ok] dino_unblended/edit1/0054_train: d_max_clip=0.6616 -> m_abs_max=1.0000 mean=0.1586 clipped=0.0107% frac(m>0.5)=0.120
[ok] dino_unblended/edit1/0055_pigs: d_max_clip=0.7090 -> m_abs_max=1.0000 mean=0.3596 clipped=0.3134% frac(m>0.5)=0.326
[ok] dino_unblended/edit1/0056_kart-turn: d_max_clip=0.7149 -> m_abs_max=1.0000 mean=0.3933 clipped=0.2625% frac(m>0.5)=0.322
[ok] dino_unblended/edit1/0057_dog: d_max_clip=0.7761 -> m_abs_max=1.0000 mean=0.3109 clipped=4.5940% frac(m>0.5)=0.215
[ok] dino_unblended/edit1/0058_boat: d_max_clip=0.6391 -> m_abs_max=0.9832 mean=0.1487 clipped=0.0000% frac(m>0.5)=0.087
[ok] dino_unblended/edit1/0059_drift-straight: d_max_clip=0.7404 -> m_abs_max=1.0000 mean=0.3190 clipped=2.5267% frac(m>0.5)=0.276
[ok] dino_unblended/edit1/0060_motocross-bumps: d_max_clip=0.6200 -> m_abs_max=0.9539 mean=0.2049 clipped=0.0000% frac(m>0.5)=0.162
[ok] dino_unblended/edit1/0061_mbike-santa: d_max_clip=0.6872 -> m_abs_max=1.0000 mean=0.4399 clipped=0.3205% frac(m>0.5)=0.441
[ok] dino_unblended/edit1/0062_elephant: d_max_clip=0.7379 -> m_abs_max=1.0000 mean=0.3347 clipped=3.7927% frac(m>0.5)=0.256
[ok] dino_unblended/edit1/0063_drift-turn: d_max_clip=0.7018 -> m_abs_max=1.0000 mean=0.4283 clipped=1.2265% frac(m>0.5)=0.391
[ok] dino_unblended/edit1/0064_rollerblade: d_max_clip=0.6528 -> m_abs_max=1.0000 mean=0.1198 clipped=0.0142% frac(m>0.5)=0.077
[ok] dino_unblended/edit1/0065_twist-dance: d_max_clip=0.6699 -> m_abs_max=1.0000 mean=0.0951 clipped=0.0153% frac(m>0.5)=0.062
[ok] dino_unblended/edit1/0066_deer: d_max_clip=0.7150 -> m_abs_max=1.0000 mean=0.3727 clipped=4.4444% frac(m>0.5)=0.264
[ok] dino_unblended/edit1/0067_mbike-trick: d_max_clip=0.6883 -> m_abs_max=1.0000 mean=0.0899 clipped=0.1496% frac(m>0.5)=0.051
[ok] dino_unblended/edit1/0068_planes-water: d_max_clip=0.5633 -> m_abs_max=0.8666 mean=0.0921 clipped=0.0000% frac(m>0.5)=0.037
[ok] dino_unblended/edit1/0069_car-turn: d_max_clip=0.6718 -> m_abs_max=1.0000 mean=0.1614 clipped=0.1246% frac(m>0.5)=0.129
[ok] dino_unblended/edit1/0070_dance-twirl: d_max_clip=0.6917 -> m_abs_max=1.0000 mean=0.1690 clipped=0.1190% frac(m>0.5)=0.108
[ok] dino_unblended/edit1/0071_mallard-water: d_max_clip=0.6624 -> m_abs_max=1.0000 mean=0.2570 clipped=0.0712% frac(m>0.5)=0.144
[ok] dino_unblended/edit1/0072_dog-agility: d_max_clip=0.7017 -> m_abs_max=1.0000 mean=0.2312 clipped=0.8226% frac(m>0.5)=0.190
[ok] dino_unblended/edit1/0073_bmx-rider: d_max_clip=0.7222 -> m_abs_max=1.0000 mean=0.1488 clipped=0.0580% frac(m>0.5)=0.068
[ok] dino_unblended/edit1/0074_rhino: d_max_clip=0.7125 -> m_abs_max=1.0000 mean=0.3425 clipped=2.2711% frac(m>0.5)=0.295
[ok] dino_unblended/edit1/0075_A_bicycle: d_max_clip=0.6749 -> m_abs_max=1.0000 mean=0.1201 clipped=0.1832% frac(m>0.5)=0.089
[ok] dino_unblended/edit1/0076_A_rabbit: d_max_clip=0.7102 -> m_abs_max=1.0000 mean=0.3497 clipped=0.8516% frac(m>0.5)=0.262
[ok] dino_unblended/edit1/0077_A_hawk: d_max_clip=0.7552 -> m_abs_max=1.0000 mean=0.3131 clipped=3.9591% frac(m>0.5)=0.136
[ok] dino_unblended/edit1/0078_A_cat: d_max_clip=0.7363 -> m_abs_max=1.0000 mean=0.2177 clipped=2.9090% frac(m>0.5)=0.182
[ok] dino_unblended/edit1/0079_A_bus: d_max_clip=0.6961 -> m_abs_max=1.0000 mean=0.2312 clipped=0.1862% frac(m>0.5)=0.127
[ok] dino_unblended/edit1/0080_A_motorcycle: d_max_clip=0.6862 -> m_abs_max=1.0000 mean=0.3353 clipped=0.0275% frac(m>0.5)=0.204
[ok] dino_unblended/edit1/0081_A_horse: d_max_clip=0.7423 -> m_abs_max=1.0000 mean=0.1993 clipped=1.7399% frac(m>0.5)=0.117
[ok] dino_unblended/edit1/0082_A_tram: d_max_clip=0.6364 -> m_abs_max=0.9791 mean=0.2092 clipped=0.0000% frac(m>0.5)=0.179
[ok] dino_unblended/edit1/0083_A_boat: d_max_clip=0.6085 -> m_abs_max=0.9361 mean=0.1716 clipped=0.0000% frac(m>0.5)=0.098
[ok] dino_unblended/edit1/0084_A_squirrel: d_max_clip=0.7375 -> m_abs_max=1.0000 mean=0.4416 clipped=5.4823% frac(m>0.5)=0.363
[ok] dino_unblended/edit1/0085_A_tram: d_max_clip=0.6376 -> m_abs_max=0.9809 mean=0.1624 clipped=0.0000% frac(m>0.5)=0.097
[ok] dino_unblended/edit1/0086_A_red_sports_car: d_max_clip=0.7869 -> m_abs_max=1.0000 mean=0.3213 clipped=5.2015% frac(m>0.5)=0.259
[ok] dino_unblended/edit1/0087_A_seagull: d_max_clip=0.7288 -> m_abs_max=1.0000 mean=0.2407 clipped=2.9853% frac(m>0.5)=0.094
[ok] dino_unblended/edit1/0088_A_cyclist: d_max_clip=0.7006 -> m_abs_max=1.0000 mean=0.3113 clipped=0.6380% frac(m>0.5)=0.227
[ok] dino_unblended/edit1/0089_A_dog: d_max_clip=0.7529 -> m_abs_max=1.0000 mean=0.2749 clipped=4.3376% frac(m>0.5)=0.276
[ok] dino_unblended/edit1/0090_A_deer: d_max_clip=0.6497 -> m_abs_max=0.9995 mean=0.1597 clipped=0.0000% frac(m>0.5)=0.107
[ok] dino_unblended/edit1/0091_A_hawk: d_max_clip=0.7476 -> m_abs_max=1.0000 mean=0.1577 clipped=0.6227% frac(m>0.5)=0.054
[ok] dino_unblended/edit1/0092_A_fox: d_max_clip=0.6503 -> m_abs_max=1.0000 mean=0.0980 clipped=0.0031% frac(m>0.5)=0.027
[ok] dino_unblended/edit1/0093_A_helicopter: d_max_clip=0.7070 -> m_abs_max=1.0000 mean=0.2348 clipped=0.1893% frac(m>0.5)=0.196
[ok] dino_unblended/edit1/0094_A_swan: d_max_clip=0.6336 -> m_abs_max=0.9748 mean=0.1466 clipped=0.0000% frac(m>0.5)=0.059
[ok] dino_unblended/edit1/0095_A_crow: d_max_clip=0.7398 -> m_abs_max=1.0000 mean=0.2634 clipped=0.8059% frac(m>0.5)=0.230
[ok] dino_unblended/edit1/0096_A_car: d_max_clip=0.7402 -> m_abs_max=1.0000 mean=0.2383 clipped=2.0788% frac(m>0.5)=0.194
[ok] dino_unblended/edit1/0097_A_bird: d_max_clip=0.7062 -> m_abs_max=1.0000 mean=0.1451 clipped=1.1722% frac(m>0.5)=0.101
[ok] dino_unblended/edit1/0098_A_squirrel: d_max_clip=0.7220 -> m_abs_max=1.0000 mean=0.2120 clipped=0.6105% frac(m>0.5)=0.181
[ok] dino_unblended/edit1/0099_A_jogger: d_max_clip=0.6574 -> m_abs_max=1.0000 mean=0.1203 clipped=0.0031% frac(m>0.5)=0.074
[ok] dino_unblended/edit1/0100_A_deer: d_max_clip=0.6416 -> m_abs_max=0.9870 mean=0.1631 clipped=0.0000% frac(m>0.5)=0.118
[ok] dino_unblended/edit2/0001_bus: d_max_clip=0.7166 -> m_abs_max=1.0000 mean=0.3466 clipped=1.1040% frac(m>0.5)=0.282
[ok] dino_unblended/edit2/0002_girl-dog: d_max_clip=0.7223 -> m_abs_max=1.0000 mean=0.3119 clipped=0.7295% frac(m>0.5)=0.245
[ok] dino_unblended/edit2/0003_ocean-birds: d_max_clip=0.7415 -> m_abs_max=1.0000 mean=0.3403 clipped=6.7379% frac(m>0.5)=0.204
[ok] dino_unblended/edit2/0004_car-roundabout: d_max_clip=0.7043 -> m_abs_max=1.0000 mean=0.2474 clipped=0.7657% frac(m>0.5)=0.196
[ok] dino_unblended/edit2/0005_breakdance: d_max_clip=0.8286 -> m_abs_max=1.0000 mean=0.2752 clipped=3.9103% frac(m>0.5)=0.230
[ok] dino_unblended/edit2/0006_paragliding: d_max_clip=0.7775 -> m_abs_max=1.0000 mean=0.4361 clipped=16.8127% frac(m>0.5)=0.296
[ok] dino_unblended/edit2/0007_guitar-violin: d_max_clip=0.8302 -> m_abs_max=1.0000 mean=0.6123 clipped=12.7083% frac(m>0.5)=0.597
[ok] dino_unblended/edit2/0008_snowboard-race: d_max_clip=0.7445 -> m_abs_max=1.0000 mean=0.3818 clipped=1.7379% frac(m>0.5)=0.296
[ok] dino_unblended/edit2/0009_bear: d_max_clip=0.7556 -> m_abs_max=1.0000 mean=0.3849 clipped=14.3040% frac(m>0.5)=0.271
[ok] dino_unblended/edit2/0010_giant-slalom: d_max_clip=0.6180 -> m_abs_max=0.9508 mean=0.1222 clipped=0.0000% frac(m>0.5)=0.047
[ok] dino_unblended/edit2/0011_lucia: d_max_clip=0.7975 -> m_abs_max=1.0000 mean=0.3860 clipped=10.2528% frac(m>0.5)=0.244
[ok] dino_unblended/edit2/0012_goat: d_max_clip=0.7732 -> m_abs_max=1.0000 mean=0.2995 clipped=9.1148% frac(m>0.5)=0.168
[ok] dino_unblended/edit2/0013_golf: d_max_clip=0.6724 -> m_abs_max=1.0000 mean=0.2747 clipped=0.2457% frac(m>0.5)=0.200
[ok] dino_unblended/edit2/0014_burnout: d_max_clip=0.7354 -> m_abs_max=1.0000 mean=0.4387 clipped=3.5150% frac(m>0.5)=0.351
[ok] dino_unblended/edit2/0015_car-shadow: d_max_clip=0.7797 -> m_abs_max=1.0000 mean=0.2356 clipped=2.1154% frac(m>0.5)=0.151
[ok] dino_unblended/edit2/0016_horsejump-high: d_max_clip=0.6844 -> m_abs_max=1.0000 mean=0.1659 clipped=0.0481% frac(m>0.5)=0.108
[ok] dino_unblended/edit2/0017_kid-football: d_max_clip=0.7791 -> m_abs_max=1.0000 mean=0.4881 clipped=8.8077% frac(m>0.5)=0.399
[ok] dino_unblended/edit2/0018_breakdance-flare: d_max_clip=0.7775 -> m_abs_max=1.0000 mean=0.4330 clipped=9.8860% frac(m>0.5)=0.339
[ok] dino_unblended/edit2/0019_tennis-vest: d_max_clip=0.7009 -> m_abs_max=1.0000 mean=0.1982 clipped=0.8048% frac(m>0.5)=0.130
[ok] dino_unblended/edit2/0020_monkeys: d_max_clip=0.7787 -> m_abs_max=1.0000 mean=0.4134 clipped=11.0165% frac(m>0.5)=0.338
[ok] dino_unblended/edit2/0021_landing: d_max_clip=0.7796 -> m_abs_max=1.0000 mean=0.4450 clipped=8.4900% frac(m>0.5)=0.377
[ok] dino_unblended/edit2/0022_skate-jump: d_max_clip=0.6402 -> m_abs_max=0.9849 mean=0.0881 clipped=0.0000% frac(m>0.5)=0.051
[ok] dino_unblended/edit2/0023_kayak-race: d_max_clip=0.7026 -> m_abs_max=1.0000 mean=0.3126 clipped=0.6795% frac(m>0.5)=0.199
[ok] dino_unblended/edit2/0024_hockey: d_max_clip=0.7454 -> m_abs_max=1.0000 mean=0.2857 clipped=4.2450% frac(m>0.5)=0.193
[ok] dino_unblended/edit2/0025_baseball: d_max_clip=0.6905 -> m_abs_max=1.0000 mean=0.2960 clipped=0.1007% frac(m>0.5)=0.227
[ok] dino_unblended/edit2/0026_table-tennis: d_max_clip=0.6297 -> m_abs_max=0.9688 mean=0.1346 clipped=0.0000% frac(m>0.5)=0.095
[ok] dino_unblended/edit2/0027_dance-jump: d_max_clip=0.7869 -> m_abs_max=1.0000 mean=0.2217 clipped=1.6111% frac(m>0.5)=0.164
[ok] dino_unblended/edit2/0028_kite-walk: d_max_clip=0.6509 -> m_abs_max=1.0000 mean=0.1374 clipped=0.0036% frac(m>0.5)=0.097
[ok] dino_unblended/edit2/0029_horsejump-stick: d_max_clip=0.7747 -> m_abs_max=1.0000 mean=0.2870 clipped=5.1880% frac(m>0.5)=0.169
[ok] dino_unblended/edit2/0030_rallye: d_max_clip=0.7605 -> m_abs_max=1.0000 mean=0.3731 clipped=8.8622% frac(m>0.5)=0.295
[ok] dino_unblended/edit2/0031_soccerball: d_max_clip=0.7357 -> m_abs_max=1.0000 mean=0.3308 clipped=1.7949% frac(m>0.5)=0.266
[ok] dino_unblended/edit2/0032_mermaid: d_max_clip=0.7289 -> m_abs_max=1.0000 mean=0.4157 clipped=0.8761% frac(m>0.5)=0.299
[ok] dino_unblended/edit2/0033_horsejump-low: d_max_clip=0.7455 -> m_abs_max=1.0000 mean=0.2704 clipped=1.5128% frac(m>0.5)=0.197
[ok] dino_unblended/edit2/0034_cows: d_max_clip=0.7659 -> m_abs_max=1.0000 mean=0.5054 clipped=5.3659% frac(m>0.5)=0.402
[ok] dino_unblended/edit2/0035_helicopter: d_max_clip=0.7084 -> m_abs_max=1.0000 mean=0.2152 clipped=1.4583% frac(m>0.5)=0.147
[ok] dino_unblended/edit2/0036_camel: d_max_clip=0.7415 -> m_abs_max=1.0000 mean=0.3190 clipped=6.0684% frac(m>0.5)=0.251
[ok] dino_unblended/edit2/0037_snowboard-sand: d_max_clip=0.6830 -> m_abs_max=1.0000 mean=0.2186 clipped=0.1068% frac(m>0.5)=0.118
[ok] dino_unblended/edit2/0038_motorbike: d_max_clip=0.7200 -> m_abs_max=1.0000 mean=0.1715 clipped=1.3746% frac(m>0.5)=0.104
[ok] dino_unblended/edit2/0039_chamaleon: d_max_clip=0.7468 -> m_abs_max=1.0000 mean=0.3398 clipped=5.0214% frac(m>0.5)=0.235
[ok] dino_unblended/edit2/0040_tennis: d_max_clip=0.7670 -> m_abs_max=1.0000 mean=0.3686 clipped=8.5541% frac(m>0.5)=0.256
[ok] dino_unblended/edit2/0041_longboard: d_max_clip=0.6836 -> m_abs_max=1.0000 mean=0.2296 clipped=0.3312% frac(m>0.5)=0.173
[ok] dino_unblended/edit2/0042_gym-ball: d_max_clip=0.7758 -> m_abs_max=1.0000 mean=0.3235 clipped=9.0028% frac(m>0.5)=0.254
[ok] dino_unblended/edit2/0043_parkour: d_max_clip=0.7977 -> m_abs_max=1.0000 mean=0.5079 clipped=11.4209% frac(m>0.5)=0.473
[ok] dino_unblended/edit2/0044_snowboard: d_max_clip=0.7312 -> m_abs_max=1.0000 mean=0.3513 clipped=1.2991% frac(m>0.5)=0.237
[ok] dino_unblended/edit2/0045_butterfly: d_max_clip=0.7948 -> m_abs_max=1.0000 mean=0.2356 clipped=5.5484% frac(m>0.5)=0.156
[ok] dino_unblended/edit2/0046_blackswan: d_max_clip=0.7675 -> m_abs_max=1.0000 mean=0.4985 clipped=10.2350% frac(m>0.5)=0.398
[ok] dino_unblended/edit2/0047_judo: d_max_clip=0.6461 -> m_abs_max=0.9940 mean=0.2612 clipped=0.0000% frac(m>0.5)=0.219
[ok] dino_unblended/edit2/0048_hike: d_max_clip=0.6981 -> m_abs_max=1.0000 mean=0.1437 clipped=0.6695% frac(m>0.5)=0.084
[ok] dino_unblended/edit2/0049_speed-skating: d_max_clip=0.6600 -> m_abs_max=1.0000 mean=0.3344 clipped=0.0244% frac(m>0.5)=0.247
[ok] dino_unblended/edit2/0050_slackline: d_max_clip=0.7474 -> m_abs_max=1.0000 mean=0.2213 clipped=2.6880% frac(m>0.5)=0.147
[ok] dino_unblended/edit2/0051_dogs-jump: d_max_clip=0.7090 -> m_abs_max=1.0000 mean=0.2534 clipped=0.5470% frac(m>0.5)=0.170
[ok] dino_unblended/edit2/0052_mallard-fly: d_max_clip=0.7305 -> m_abs_max=1.0000 mean=0.3439 clipped=3.2194% frac(m>0.5)=0.237
[ok] dino_unblended/edit2/0053_swing: d_max_clip=0.7076 -> m_abs_max=1.0000 mean=0.2678 clipped=0.4573% frac(m>0.5)=0.167
[ok] dino_unblended/edit2/0054_train: d_max_clip=0.6734 -> m_abs_max=1.0000 mean=0.2728 clipped=0.0463% frac(m>0.5)=0.265
[ok] dino_unblended/edit2/0055_pigs: d_max_clip=0.7197 -> m_abs_max=1.0000 mean=0.5073 clipped=1.9195% frac(m>0.5)=0.470
[ok] dino_unblended/edit2/0056_kart-turn: d_max_clip=0.6771 -> m_abs_max=1.0000 mean=0.4396 clipped=0.2411% frac(m>0.5)=0.423
[ok] dino_unblended/edit2/0057_dog: d_max_clip=0.7684 -> m_abs_max=1.0000 mean=0.3939 clipped=5.2222% frac(m>0.5)=0.289
[ok] dino_unblended/edit2/0058_boat: d_max_clip=0.6675 -> m_abs_max=1.0000 mean=0.1544 clipped=0.0855% frac(m>0.5)=0.093
[ok] dino_unblended/edit2/0059_drift-straight: d_max_clip=0.7215 -> m_abs_max=1.0000 mean=0.3522 clipped=2.1474% frac(m>0.5)=0.304
[ok] dino_unblended/edit2/0060_motocross-bumps: d_max_clip=0.7227 -> m_abs_max=1.0000 mean=0.3195 clipped=1.5342% frac(m>0.5)=0.220
[ok] dino_unblended/edit2/0061_mbike-santa: d_max_clip=0.7480 -> m_abs_max=1.0000 mean=0.5160 clipped=0.9316% frac(m>0.5)=0.519
[ok] dino_unblended/edit2/0062_elephant: d_max_clip=0.8430 -> m_abs_max=1.0000 mean=0.3802 clipped=13.2372% frac(m>0.5)=0.248
[ok] dino_unblended/edit2/0063_drift-turn: d_max_clip=0.7027 -> m_abs_max=1.0000 mean=0.4797 clipped=1.7308% frac(m>0.5)=0.453
[ok] dino_unblended/edit2/0064_rollerblade: d_max_clip=0.6802 -> m_abs_max=1.0000 mean=0.2111 clipped=0.6410% frac(m>0.5)=0.153
[ok] dino_unblended/edit2/0065_twist-dance: d_max_clip=0.6685 -> m_abs_max=1.0000 mean=0.1950 clipped=0.0824% frac(m>0.5)=0.137
[ok] dino_unblended/edit2/0066_deer: d_max_clip=0.7465 -> m_abs_max=1.0000 mean=0.6283 clipped=15.4843% frac(m>0.5)=0.558
[ok] dino_unblended/edit2/0067_mbike-trick: d_max_clip=0.7270 -> m_abs_max=1.0000 mean=0.2212 clipped=1.0755% frac(m>0.5)=0.152
[ok] dino_unblended/edit2/0068_planes-water: d_max_clip=0.6406 -> m_abs_max=0.9856 mean=0.2118 clipped=0.0000% frac(m>0.5)=0.143
[ok] dino_unblended/edit2/0069_car-turn: d_max_clip=0.7660 -> m_abs_max=1.0000 mean=0.2239 clipped=2.9950% frac(m>0.5)=0.173
[ok] dino_unblended/edit2/0070_dance-twirl: d_max_clip=0.7362 -> m_abs_max=1.0000 mean=0.2110 clipped=0.1862% frac(m>0.5)=0.139
[ok] dino_unblended/edit2/0071_mallard-water: d_max_clip=0.6600 -> m_abs_max=1.0000 mean=0.2582 clipped=0.0392% frac(m>0.5)=0.131
[ok] dino_unblended/edit2/0072_dog-agility: d_max_clip=0.7588 -> m_abs_max=1.0000 mean=0.3217 clipped=7.8098% frac(m>0.5)=0.268
[ok] dino_unblended/edit2/0073_bmx-rider: d_max_clip=0.6892 -> m_abs_max=1.0000 mean=0.1427 clipped=0.0977% frac(m>0.5)=0.066
[ok] dino_unblended/edit2/0074_rhino: d_max_clip=0.7163 -> m_abs_max=1.0000 mean=0.3592 clipped=2.0513% frac(m>0.5)=0.274
[ok] dino_unblended/edit2/0075_A_bicycle: d_max_clip=0.6994 -> m_abs_max=1.0000 mean=0.1824 clipped=0.7845% frac(m>0.5)=0.125
[ok] dino_unblended/edit2/0076_A_rabbit: d_max_clip=0.7937 -> m_abs_max=1.0000 mean=0.3997 clipped=8.8523% frac(m>0.5)=0.244
[ok] dino_unblended/edit2/0077_A_hawk: d_max_clip=0.7196 -> m_abs_max=1.0000 mean=0.3461 clipped=1.4530% frac(m>0.5)=0.181
[ok] dino_unblended/edit2/0078_A_cat: d_max_clip=0.7344 -> m_abs_max=1.0000 mean=0.2178 clipped=0.6624% frac(m>0.5)=0.210
[ok] dino_unblended/edit2/0079_A_bus: d_max_clip=0.6549 -> m_abs_max=1.0000 mean=0.3235 clipped=0.0031% frac(m>0.5)=0.213
[ok] dino_unblended/edit2/0080_A_motorcycle: d_max_clip=0.7806 -> m_abs_max=1.0000 mean=0.4477 clipped=2.7686% frac(m>0.5)=0.405
[ok] dino_unblended/edit2/0081_A_horse: d_max_clip=0.7979 -> m_abs_max=1.0000 mean=0.4331 clipped=11.2668% frac(m>0.5)=0.324
[ok] dino_unblended/edit2/0082_A_tram: d_max_clip=0.6886 -> m_abs_max=1.0000 mean=0.3350 clipped=0.2045% frac(m>0.5)=0.293
[ok] dino_unblended/edit2/0083_A_boat: d_max_clip=0.6929 -> m_abs_max=1.0000 mean=0.2322 clipped=0.8181% frac(m>0.5)=0.142
[ok] dino_unblended/edit2/0084_A_squirrel: d_max_clip=0.7500 -> m_abs_max=1.0000 mean=0.4123 clipped=4.6612% frac(m>0.5)=0.353
[ok] dino_unblended/edit2/0085_A_tram: d_max_clip=0.7270 -> m_abs_max=1.0000 mean=0.2643 clipped=2.4420% frac(m>0.5)=0.255
[ok] dino_unblended/edit2/0086_A_red_sports_car: d_max_clip=0.8158 -> m_abs_max=1.0000 mean=0.3112 clipped=5.0885% frac(m>0.5)=0.180
[ok] dino_unblended/edit2/0087_A_seagull: d_max_clip=0.7165 -> m_abs_max=1.0000 mean=0.2357 clipped=1.2790% frac(m>0.5)=0.116
[ok] dino_unblended/edit2/0088_A_cyclist: d_max_clip=0.6930 -> m_abs_max=1.0000 mean=0.2534 clipped=0.1282% frac(m>0.5)=0.198
[ok] dino_unblended/edit2/0089_A_dog: d_max_clip=0.7386 -> m_abs_max=1.0000 mean=0.3419 clipped=3.3883% frac(m>0.5)=0.317
[ok] dino_unblended/edit2/0090_A_deer: d_max_clip=0.7340 -> m_abs_max=1.0000 mean=0.4521 clipped=4.6184% frac(m>0.5)=0.334
[ok] dino_unblended/edit2/0091_A_hawk: d_max_clip=0.7337 -> m_abs_max=1.0000 mean=0.2245 clipped=3.4035% frac(m>0.5)=0.109
[ok] dino_unblended/edit2/0092_A_fox: d_max_clip=0.7552 -> m_abs_max=1.0000 mean=0.3840 clipped=4.5055% frac(m>0.5)=0.265
[ok] dino_unblended/edit2/0093_A_helicopter: d_max_clip=0.6936 -> m_abs_max=1.0000 mean=0.3382 clipped=0.3968% frac(m>0.5)=0.277
[ok] dino_unblended/edit2/0094_A_swan: d_max_clip=0.7263 -> m_abs_max=1.0000 mean=0.2413 clipped=2.5946% frac(m>0.5)=0.111
[ok] dino_unblended/edit2/0095_A_crow: d_max_clip=0.7739 -> m_abs_max=1.0000 mean=0.4752 clipped=10.4426% frac(m>0.5)=0.365
[ok] dino_unblended/edit2/0096_A_car: d_max_clip=0.7044 -> m_abs_max=1.0000 mean=0.5794 clipped=0.7875% frac(m>0.5)=0.692
[ok] dino_unblended/edit2/0097_A_bird: d_max_clip=0.6947 -> m_abs_max=1.0000 mean=0.2436 clipped=0.2869% frac(m>0.5)=0.151
[ok] dino_unblended/edit2/0098_A_squirrel: d_max_clip=0.7624 -> m_abs_max=1.0000 mean=0.4317 clipped=3.0891% frac(m>0.5)=0.376
[ok] dino_unblended/edit2/0099_A_jogger: d_max_clip=0.6912 -> m_abs_max=1.0000 mean=0.2056 clipped=0.1435% frac(m>0.5)=0.105
[ok] dino_unblended/edit2/0100_A_deer: d_max_clip=0.6793 -> m_abs_max=1.0000 mean=0.1978 clipped=0.0366% frac(m>0.5)=0.144
[ok] dino_unblended/edit3/0001_bus: d_max_clip=0.5429 -> m_abs_max=0.8353 mean=0.1019 clipped=0.0000% frac(m>0.5)=0.014
[ok] dino_unblended/edit3/0002_girl-dog: d_max_clip=0.7333 -> m_abs_max=1.0000 mean=0.1938 clipped=2.5672% frac(m>0.5)=0.125
[ok] dino_unblended/edit3/0003_ocean-birds: d_max_clip=0.6573 -> m_abs_max=1.0000 mean=0.1439 clipped=0.0071% frac(m>0.5)=0.074
[ok] dino_unblended/edit3/0004_car-roundabout: d_max_clip=0.6696 -> m_abs_max=1.0000 mean=0.1377 clipped=0.0249% frac(m>0.5)=0.065
[ok] dino_unblended/edit3/0005_breakdance: d_max_clip=0.7220 -> m_abs_max=1.0000 mean=0.1313 clipped=0.0549% frac(m>0.5)=0.083
[ok] dino_unblended/edit3/0006_paragliding: d_max_clip=0.6991 -> m_abs_max=1.0000 mean=0.0894 clipped=0.6873% frac(m>0.5)=0.045
[ok] dino_unblended/edit3/0007_guitar-violin: d_max_clip=0.6698 -> m_abs_max=1.0000 mean=0.2131 clipped=0.0481% frac(m>0.5)=0.140
[ok] dino_unblended/edit3/0008_snowboard-race: d_max_clip=0.6552 -> m_abs_max=1.0000 mean=0.1522 clipped=0.0036% frac(m>0.5)=0.072
[ok] dino_unblended/edit3/0009_bear: d_max_clip=0.7080 -> m_abs_max=1.0000 mean=0.1371 clipped=0.4487% frac(m>0.5)=0.065
[ok] dino_unblended/edit3/0010_giant-slalom: d_max_clip=0.5398 -> m_abs_max=0.8304 mean=0.0585 clipped=0.0000% frac(m>0.5)=0.013
[ok] dino_unblended/edit3/0011_lucia: d_max_clip=0.5626 -> m_abs_max=0.8655 mean=0.0715 clipped=0.0000% frac(m>0.5)=0.026
[ok] dino_unblended/edit3/0012_goat: d_max_clip=0.7533 -> m_abs_max=1.0000 mean=0.2461 clipped=2.7808% frac(m>0.5)=0.156
[ok] dino_unblended/edit3/0013_golf: d_max_clip=0.5615 -> m_abs_max=0.8638 mean=0.0507 clipped=0.0000% frac(m>0.5)=0.016
[ok] dino_unblended/edit3/0014_burnout: d_max_clip=0.6957 -> m_abs_max=1.0000 mean=0.2437 clipped=0.1603% frac(m>0.5)=0.170
[ok] dino_unblended/edit3/0015_car-shadow: d_max_clip=0.7197 -> m_abs_max=1.0000 mean=0.1148 clipped=0.5271% frac(m>0.5)=0.062
[ok] dino_unblended/edit3/0016_horsejump-high: d_max_clip=0.6710 -> m_abs_max=1.0000 mean=0.1225 clipped=0.0267% frac(m>0.5)=0.067
[ok] dino_unblended/edit3/0017_kid-football: d_max_clip=0.6595 -> m_abs_max=1.0000 mean=0.2272 clipped=0.0342% frac(m>0.5)=0.168
[ok] dino_unblended/edit3/0018_breakdance-flare: d_max_clip=0.6757 -> m_abs_max=1.0000 mean=0.1286 clipped=0.0855% frac(m>0.5)=0.084
[ok] dino_unblended/edit3/0019_tennis-vest: d_max_clip=0.6596 -> m_abs_max=1.0000 mean=0.0919 clipped=0.0036% frac(m>0.5)=0.050
[ok] dino_unblended/edit3/0020_monkeys: d_max_clip=0.6546 -> m_abs_max=1.0000 mean=0.2558 clipped=0.0031% frac(m>0.5)=0.210
[ok] dino_unblended/edit3/0021_landing: d_max_clip=0.6441 -> m_abs_max=0.9909 mean=0.2032 clipped=0.0000% frac(m>0.5)=0.146
[ok] dino_unblended/edit3/0022_skate-jump: d_max_clip=0.6680 -> m_abs_max=1.0000 mean=0.0624 clipped=0.0214% frac(m>0.5)=0.032
[ok] dino_unblended/edit3/0023_kayak-race: d_max_clip=0.6240 -> m_abs_max=0.9600 mean=0.1323 clipped=0.0000% frac(m>0.5)=0.038
[ok] dino_unblended/edit3/0024_hockey: d_max_clip=0.6456 -> m_abs_max=0.9932 mean=0.0976 clipped=0.0000% frac(m>0.5)=0.062
[ok] dino_unblended/edit3/0025_baseball: d_max_clip=0.5892 -> m_abs_max=0.9065 mean=0.2026 clipped=0.0000% frac(m>0.5)=0.143
[ok] dino_unblended/edit3/0026_table-tennis: d_max_clip=0.5439 -> m_abs_max=0.8367 mean=0.1807 clipped=0.0000% frac(m>0.5)=0.079
[ok] dino_unblended/edit3/0027_dance-jump: d_max_clip=0.6923 -> m_abs_max=1.0000 mean=0.3511 clipped=0.2308% frac(m>0.5)=0.251
[ok] dino_unblended/edit3/0028_kite-walk: d_max_clip=0.5567 -> m_abs_max=0.8564 mean=0.0375 clipped=0.0000% frac(m>0.5)=0.010
[ok] dino_unblended/edit3/0029_horsejump-stick: d_max_clip=0.6865 -> m_abs_max=1.0000 mean=0.1952 clipped=0.5256% frac(m>0.5)=0.111
[ok] dino_unblended/edit3/0030_rallye: d_max_clip=0.7284 -> m_abs_max=1.0000 mean=0.2674 clipped=1.0791% frac(m>0.5)=0.229
[ok] dino_unblended/edit3/0031_soccerball: d_max_clip=0.6934 -> m_abs_max=1.0000 mean=0.1633 clipped=0.4701% frac(m>0.5)=0.079
[ok] dino_unblended/edit3/0032_mermaid: d_max_clip=0.6599 -> m_abs_max=1.0000 mean=0.3571 clipped=0.0107% frac(m>0.5)=0.227
[ok] dino_unblended/edit3/0033_horsejump-low: d_max_clip=0.6941 -> m_abs_max=1.0000 mean=0.1646 clipped=0.1068% frac(m>0.5)=0.081
[ok] dino_unblended/edit3/0034_cows: d_max_clip=0.7033 -> m_abs_max=1.0000 mean=0.1464 clipped=0.6571% frac(m>0.5)=0.078
[ok] dino_unblended/edit3/0035_helicopter: d_max_clip=0.6469 -> m_abs_max=0.9953 mean=0.1409 clipped=0.0000% frac(m>0.5)=0.078
[ok] dino_unblended/edit3/0036_camel: d_max_clip=0.7132 -> m_abs_max=1.0000 mean=0.1903 clipped=0.4853% frac(m>0.5)=0.122
[ok] dino_unblended/edit3/0037_snowboard-sand: d_max_clip=0.6897 -> m_abs_max=1.0000 mean=0.1243 clipped=0.0214% frac(m>0.5)=0.048
[ok] dino_unblended/edit3/0038_motorbike: d_max_clip=0.7133 -> m_abs_max=1.0000 mean=0.0992 clipped=0.0712% frac(m>0.5)=0.031
[ok] dino_unblended/edit3/0039_chamaleon: d_max_clip=0.6677 -> m_abs_max=1.0000 mean=0.2228 clipped=0.0427% frac(m>0.5)=0.180
[ok] dino_unblended/edit3/0040_tennis: d_max_clip=0.7009 -> m_abs_max=1.0000 mean=0.1677 clipped=0.1638% frac(m>0.5)=0.102
[ok] dino_unblended/edit3/0041_longboard: d_max_clip=0.6426 -> m_abs_max=0.9886 mean=0.1208 clipped=0.0000% frac(m>0.5)=0.074
[ok] dino_unblended/edit3/0042_gym-ball: d_max_clip=0.7405 -> m_abs_max=1.0000 mean=0.1852 clipped=1.0897% frac(m>0.5)=0.163
[ok] dino_unblended/edit3/0043_parkour: d_max_clip=0.6878 -> m_abs_max=1.0000 mean=0.1381 clipped=0.1095% frac(m>0.5)=0.079
[ok] dino_unblended/edit3/0044_snowboard: d_max_clip=0.6452 -> m_abs_max=0.9926 mean=0.2375 clipped=0.0000% frac(m>0.5)=0.150
[ok] dino_unblended/edit3/0045_butterfly: d_max_clip=0.7966 -> m_abs_max=1.0000 mean=0.1231 clipped=3.5897% frac(m>0.5)=0.077
[ok] dino_unblended/edit3/0046_blackswan: d_max_clip=0.6776 -> m_abs_max=1.0000 mean=0.1640 clipped=0.0908% frac(m>0.5)=0.055
[ok] dino_unblended/edit3/0047_judo: d_max_clip=0.6061 -> m_abs_max=0.9324 mean=0.1575 clipped=0.0000% frac(m>0.5)=0.101
[ok] dino_unblended/edit3/0048_hike: d_max_clip=0.6258 -> m_abs_max=0.9627 mean=0.0536 clipped=0.0000% frac(m>0.5)=0.023
[ok] dino_unblended/edit3/0049_speed-skating: d_max_clip=0.6080 -> m_abs_max=0.9354 mean=0.2282 clipped=0.0000% frac(m>0.5)=0.143
[ok] dino_unblended/edit3/0050_slackline: d_max_clip=0.6757 -> m_abs_max=1.0000 mean=0.1620 clipped=0.1154% frac(m>0.5)=0.114
[ok] dino_unblended/edit3/0051_dogs-jump: d_max_clip=0.7082 -> m_abs_max=1.0000 mean=0.1933 clipped=0.6581% frac(m>0.5)=0.139
[ok] dino_unblended/edit3/0052_mallard-fly: d_max_clip=0.7016 -> m_abs_max=1.0000 mean=0.2058 clipped=0.4523% frac(m>0.5)=0.094
[ok] dino_unblended/edit3/0053_swing: d_max_clip=0.7046 -> m_abs_max=1.0000 mean=0.1543 clipped=0.0940% frac(m>0.5)=0.099
[ok] dino_unblended/edit3/0054_train: d_max_clip=0.5979 -> m_abs_max=0.9198 mean=0.1839 clipped=0.0000% frac(m>0.5)=0.156
[ok] dino_unblended/edit3/0055_pigs: d_max_clip=0.6472 -> m_abs_max=0.9957 mean=0.2041 clipped=0.0000% frac(m>0.5)=0.129
[ok] dino_unblended/edit3/0056_kart-turn: d_max_clip=0.6281 -> m_abs_max=0.9662 mean=0.2853 clipped=0.0000% frac(m>0.5)=0.225
[ok] dino_unblended/edit3/0057_dog: d_max_clip=0.7199 -> m_abs_max=1.0000 mean=0.2710 clipped=1.6026% frac(m>0.5)=0.204
[ok] dino_unblended/edit3/0058_boat: d_max_clip=0.6253 -> m_abs_max=0.9620 mean=0.0745 clipped=0.0000% frac(m>0.5)=0.031
[ok] dino_unblended/edit3/0059_drift-straight: d_max_clip=0.7731 -> m_abs_max=1.0000 mean=0.3879 clipped=4.8130% frac(m>0.5)=0.344
[ok] dino_unblended/edit3/0060_motocross-bumps: d_max_clip=0.6555 -> m_abs_max=1.0000 mean=0.2248 clipped=0.0043% frac(m>0.5)=0.178
[ok] dino_unblended/edit3/0061_mbike-santa: d_max_clip=0.6777 -> m_abs_max=1.0000 mean=0.4003 clipped=0.1325% frac(m>0.5)=0.330
[ok] dino_unblended/edit3/0062_elephant: d_max_clip=0.6999 -> m_abs_max=1.0000 mean=0.1679 clipped=0.1353% frac(m>0.5)=0.055
[ok] dino_unblended/edit3/0063_drift-turn: d_max_clip=0.7044 -> m_abs_max=1.0000 mean=0.4134 clipped=0.5427% frac(m>0.5)=0.375
[ok] dino_unblended/edit3/0064_rollerblade: d_max_clip=0.6486 -> m_abs_max=0.9978 mean=0.0749 clipped=0.0000% frac(m>0.5)=0.036
[ok] dino_unblended/edit3/0065_twist-dance: d_max_clip=0.6175 -> m_abs_max=0.9500 mean=0.1238 clipped=0.0000% frac(m>0.5)=0.058
[ok] dino_unblended/edit3/0066_deer: d_max_clip=0.7707 -> m_abs_max=1.0000 mean=0.3401 clipped=1.9836% frac(m>0.5)=0.243
[ok] dino_unblended/edit3/0067_mbike-trick: d_max_clip=0.7013 -> m_abs_max=1.0000 mean=0.1331 clipped=0.4024% frac(m>0.5)=0.101
[ok] dino_unblended/edit3/0068_planes-water: d_max_clip=0.1842 -> m_abs_max=0.2833 mean=0.0242 clipped=0.0000% frac(m>0.5)=0.000
[ok] dino_unblended/edit3/0069_car-turn: d_max_clip=0.6874 -> m_abs_max=1.0000 mean=0.1524 clipped=0.2350% frac(m>0.5)=0.120
[ok] dino_unblended/edit3/0070_dance-twirl: d_max_clip=0.6682 -> m_abs_max=1.0000 mean=0.1186 clipped=0.0061% frac(m>0.5)=0.084
[ok] dino_unblended/edit3/0071_mallard-water: d_max_clip=0.6566 -> m_abs_max=1.0000 mean=0.1533 clipped=0.0178% frac(m>0.5)=0.063
[ok] dino_unblended/edit3/0072_dog-agility: d_max_clip=0.7239 -> m_abs_max=1.0000 mean=0.2239 clipped=1.7521% frac(m>0.5)=0.172
[ok] dino_unblended/edit3/0073_bmx-rider: d_max_clip=0.6603 -> m_abs_max=1.0000 mean=0.1724 clipped=0.0122% frac(m>0.5)=0.095
[ok] dino_unblended/edit3/0074_rhino: d_max_clip=0.6348 -> m_abs_max=0.9767 mean=0.0910 clipped=0.0000% frac(m>0.5)=0.028
[ok] dino_unblended/edit3/0075_A_bicycle: d_max_clip=0.6441 -> m_abs_max=0.9909 mean=0.0866 clipped=0.0000% frac(m>0.5)=0.046
[ok] dino_unblended/edit3/0076_A_rabbit: d_max_clip=0.7151 -> m_abs_max=1.0000 mean=0.3077 clipped=0.5403% frac(m>0.5)=0.230
[ok] dino_unblended/edit3/0077_A_hawk: d_max_clip=0.7255 -> m_abs_max=1.0000 mean=0.1951 clipped=1.6636% frac(m>0.5)=0.085
[ok] dino_unblended/edit3/0078_A_cat: d_max_clip=0.7352 -> m_abs_max=1.0000 mean=0.1114 clipped=0.7570% frac(m>0.5)=0.070
[ok] dino_unblended/edit3/0079_A_bus: d_max_clip=0.6190 -> m_abs_max=0.9524 mean=0.2653 clipped=0.0000% frac(m>0.5)=0.169
[ok] dino_unblended/edit3/0080_A_motorcycle: d_max_clip=0.6851 -> m_abs_max=1.0000 mean=0.2962 clipped=0.0855% frac(m>0.5)=0.215
[ok] dino_unblended/edit3/0081_A_horse: d_max_clip=0.6835 -> m_abs_max=1.0000 mean=0.0963 clipped=0.2411% frac(m>0.5)=0.042
[ok] dino_unblended/edit3/0082_A_tram: d_max_clip=0.6121 -> m_abs_max=0.9417 mean=0.1642 clipped=0.0000% frac(m>0.5)=0.111
[ok] dino_unblended/edit3/0083_A_boat: d_max_clip=0.6282 -> m_abs_max=0.9664 mean=0.0877 clipped=0.0000% frac(m>0.5)=0.029
[ok] dino_unblended/edit3/0084_A_squirrel: d_max_clip=0.7249 -> m_abs_max=1.0000 mean=0.3603 clipped=2.6801% frac(m>0.5)=0.318
[ok] dino_unblended/edit3/0085_A_tram: d_max_clip=0.6787 -> m_abs_max=1.0000 mean=0.2472 clipped=0.0427% frac(m>0.5)=0.226
[ok] dino_unblended/edit3/0086_A_red_sports_car: d_max_clip=0.7473 -> m_abs_max=1.0000 mean=0.2176 clipped=0.9432% frac(m>0.5)=0.149
[ok] dino_unblended/edit3/0087_A_seagull: d_max_clip=0.7885 -> m_abs_max=1.0000 mean=0.1395 clipped=1.1538% frac(m>0.5)=0.067
[ok] dino_unblended/edit3/0088_A_cyclist: d_max_clip=0.6447 -> m_abs_max=0.9918 mean=0.2222 clipped=0.0000% frac(m>0.5)=0.173
[ok] dino_unblended/edit3/0089_A_dog: d_max_clip=0.7250 -> m_abs_max=1.0000 mean=0.1699 clipped=1.4255% frac(m>0.5)=0.104
[ok] dino_unblended/edit3/0090_A_deer: d_max_clip=0.6446 -> m_abs_max=0.9916 mean=0.1055 clipped=0.0000% frac(m>0.5)=0.051
[ok] dino_unblended/edit3/0091_A_hawk: d_max_clip=0.7548 -> m_abs_max=1.0000 mean=0.1225 clipped=0.8516% frac(m>0.5)=0.043
[ok] dino_unblended/edit3/0092_A_fox: d_max_clip=0.7026 -> m_abs_max=1.0000 mean=0.1023 clipped=0.0977% frac(m>0.5)=0.028
[ok] dino_unblended/edit3/0093_A_helicopter: d_max_clip=0.6551 -> m_abs_max=1.0000 mean=0.2386 clipped=0.0031% frac(m>0.5)=0.088
[ok] dino_unblended/edit3/0094_A_swan: d_max_clip=0.6065 -> m_abs_max=0.9331 mean=0.0938 clipped=0.0000% frac(m>0.5)=0.022
[ok] dino_unblended/edit3/0095_A_crow: d_max_clip=0.6018 -> m_abs_max=0.9258 mean=0.0660 clipped=0.0000% frac(m>0.5)=0.017
[ok] dino_unblended/edit3/0096_A_car: d_max_clip=0.7317 -> m_abs_max=1.0000 mean=0.3126 clipped=1.8193% frac(m>0.5)=0.273
[ok] dino_unblended/edit3/0097_A_bird: d_max_clip=0.6276 -> m_abs_max=0.9655 mean=0.0785 clipped=0.0000% frac(m>0.5)=0.030
[ok] dino_unblended/edit3/0098_A_squirrel: d_max_clip=0.6558 -> m_abs_max=1.0000 mean=0.0555 clipped=0.0061% frac(m>0.5)=0.020
[ok] dino_unblended/edit3/0099_A_jogger: d_max_clip=0.6693 -> m_abs_max=1.0000 mean=0.0719 clipped=0.0122% frac(m>0.5)=0.030
[ok] dino_unblended/edit3/0100_A_deer: d_max_clip=0.6121 -> m_abs_max=0.9416 mean=0.1034 clipped=0.0000% frac(m>0.5)=0.056
[ok] dino_unblended/edit4/0001_bus: d_max_clip=0.6322 -> m_abs_max=0.9726 mean=0.1784 clipped=0.0000% frac(m>0.5)=0.075
[ok] dino_unblended/edit4/0002_girl-dog: d_max_clip=0.7066 -> m_abs_max=1.0000 mean=0.2360 clipped=0.1252% frac(m>0.5)=0.203
[ok] dino_unblended/edit4/0003_ocean-birds: d_max_clip=0.6804 -> m_abs_max=1.0000 mean=0.1762 clipped=0.0285% frac(m>0.5)=0.092
[ok] dino_unblended/edit4/0004_car-roundabout: d_max_clip=0.6422 -> m_abs_max=0.9880 mean=0.1000 clipped=0.0000% frac(m>0.5)=0.031
[ok] dino_unblended/edit4/0005_breakdance: d_max_clip=0.7200 -> m_abs_max=1.0000 mean=0.1791 clipped=0.8303% frac(m>0.5)=0.142
[ok] dino_unblended/edit4/0006_paragliding: d_max_clip=0.6834 -> m_abs_max=1.0000 mean=0.0756 clipped=0.2493% frac(m>0.5)=0.033
[ok] dino_unblended/edit4/0007_guitar-violin: d_max_clip=0.6869 -> m_abs_max=1.0000 mean=0.3796 clipped=0.2137% frac(m>0.5)=0.401
[ok] dino_unblended/edit4/0008_snowboard-race: d_max_clip=0.7228 -> m_abs_max=1.0000 mean=0.3596 clipped=0.5306% frac(m>0.5)=0.305
[ok] dino_unblended/edit4/0009_bear: d_max_clip=0.6908 -> m_abs_max=1.0000 mean=0.1563 clipped=0.3358% frac(m>0.5)=0.085
[ok] dino_unblended/edit4/0010_giant-slalom: d_max_clip=0.5881 -> m_abs_max=0.9048 mean=0.0936 clipped=0.0000% frac(m>0.5)=0.034
[ok] dino_unblended/edit4/0011_lucia: d_max_clip=0.6583 -> m_abs_max=1.0000 mean=0.1289 clipped=0.0071% frac(m>0.5)=0.069
[ok] dino_unblended/edit4/0012_goat: d_max_clip=0.7535 -> m_abs_max=1.0000 mean=0.2448 clipped=3.4463% frac(m>0.5)=0.150
[ok] dino_unblended/edit4/0013_golf: d_max_clip=0.6582 -> m_abs_max=1.0000 mean=0.1555 clipped=0.0036% frac(m>0.5)=0.093
[ok] dino_unblended/edit4/0014_burnout: d_max_clip=0.6921 -> m_abs_max=1.0000 mean=0.2970 clipped=0.4095% frac(m>0.5)=0.235
[ok] dino_unblended/edit4/0015_car-shadow: d_max_clip=0.6942 -> m_abs_max=1.0000 mean=0.3025 clipped=1.6382% frac(m>0.5)=0.241
[ok] dino_unblended/edit4/0016_horsejump-high: d_max_clip=0.6769 -> m_abs_max=1.0000 mean=0.1651 clipped=0.1442% frac(m>0.5)=0.085
[ok] dino_unblended/edit4/0017_kid-football: d_max_clip=0.7203 -> m_abs_max=1.0000 mean=0.3672 clipped=1.5342% frac(m>0.5)=0.279
[ok] dino_unblended/edit4/0018_breakdance-flare: d_max_clip=0.7043 -> m_abs_max=1.0000 mean=0.1658 clipped=0.4416% frac(m>0.5)=0.106
[ok] dino_unblended/edit4/0019_tennis-vest: d_max_clip=0.6656 -> m_abs_max=1.0000 mean=0.1010 clipped=0.0285% frac(m>0.5)=0.048
[ok] dino_unblended/edit4/0020_monkeys: d_max_clip=0.6999 -> m_abs_max=1.0000 mean=0.3028 clipped=0.3663% frac(m>0.5)=0.260
[ok] dino_unblended/edit4/0021_landing: d_max_clip=0.7000 -> m_abs_max=1.0000 mean=0.2926 clipped=0.2849% frac(m>0.5)=0.216
[ok] dino_unblended/edit4/0022_skate-jump: d_max_clip=0.6548 -> m_abs_max=1.0000 mean=0.2167 clipped=0.0043% frac(m>0.5)=0.121
[ok] dino_unblended/edit4/0023_kayak-race: d_max_clip=0.6396 -> m_abs_max=0.9840 mean=0.1752 clipped=0.0000% frac(m>0.5)=0.066
[ok] dino_unblended/edit4/0024_hockey: d_max_clip=0.6517 -> m_abs_max=1.0000 mean=0.1052 clipped=0.0036% frac(m>0.5)=0.066
[ok] dino_unblended/edit4/0025_baseball: d_max_clip=0.5942 -> m_abs_max=0.9142 mean=0.2257 clipped=0.0000% frac(m>0.5)=0.152
[ok] dino_unblended/edit4/0026_table-tennis: d_max_clip=0.6002 -> m_abs_max=0.9234 mean=0.1319 clipped=0.0000% frac(m>0.5)=0.088
[ok] dino_unblended/edit4/0027_dance-jump: d_max_clip=0.6940 -> m_abs_max=1.0000 mean=0.2918 clipped=0.1709% frac(m>0.5)=0.229
[ok] dino_unblended/edit4/0028_kite-walk: d_max_clip=0.6819 -> m_abs_max=1.0000 mean=0.0991 clipped=0.0499% frac(m>0.5)=0.059
[ok] dino_unblended/edit4/0029_horsejump-stick: d_max_clip=0.7062 -> m_abs_max=1.0000 mean=0.2278 clipped=0.6538% frac(m>0.5)=0.140
[ok] dino_unblended/edit4/0030_rallye: d_max_clip=0.7655 -> m_abs_max=1.0000 mean=0.2937 clipped=5.9188% frac(m>0.5)=0.220
[ok] dino_unblended/edit4/0031_soccerball: d_max_clip=0.7025 -> m_abs_max=1.0000 mean=0.2746 clipped=1.6667% frac(m>0.5)=0.227
[ok] dino_unblended/edit4/0032_mermaid: d_max_clip=0.6890 -> m_abs_max=1.0000 mean=0.4105 clipped=0.2101% frac(m>0.5)=0.320
[ok] dino_unblended/edit4/0033_horsejump-low: d_max_clip=0.7204 -> m_abs_max=1.0000 mean=0.1868 clipped=0.1667% frac(m>0.5)=0.103
[ok] dino_unblended/edit4/0034_cows: d_max_clip=0.6789 -> m_abs_max=1.0000 mean=0.0852 clipped=0.1335% frac(m>0.5)=0.032
[ok] dino_unblended/edit4/0035_helicopter: d_max_clip=0.6676 -> m_abs_max=1.0000 mean=0.1945 clipped=0.1335% frac(m>0.5)=0.124
[ok] dino_unblended/edit4/0036_camel: d_max_clip=0.6787 -> m_abs_max=1.0000 mean=0.2739 clipped=0.1374% frac(m>0.5)=0.228
[ok] dino_unblended/edit4/0037_snowboard-sand: d_max_clip=0.6629 -> m_abs_max=1.0000 mean=0.2530 clipped=0.0160% frac(m>0.5)=0.119
[ok] dino_unblended/edit4/0038_motorbike: d_max_clip=0.6703 -> m_abs_max=1.0000 mean=0.1174 clipped=0.0641% frac(m>0.5)=0.054
[ok] dino_unblended/edit4/0039_chamaleon: d_max_clip=0.6655 -> m_abs_max=1.0000 mean=0.2288 clipped=0.0672% frac(m>0.5)=0.157
[ok] dino_unblended/edit4/0040_tennis: d_max_clip=0.6739 -> m_abs_max=1.0000 mean=0.1940 clipped=0.0534% frac(m>0.5)=0.115
[ok] dino_unblended/edit4/0041_longboard: d_max_clip=0.7225 -> m_abs_max=1.0000 mean=0.2793 clipped=1.3408% frac(m>0.5)=0.215
[ok] dino_unblended/edit4/0042_gym-ball: d_max_clip=0.7548 -> m_abs_max=1.0000 mean=0.1971 clipped=0.8868% frac(m>0.5)=0.178
[ok] dino_unblended/edit4/0043_parkour: d_max_clip=0.7224 -> m_abs_max=1.0000 mean=0.1940 clipped=0.8494% frac(m>0.5)=0.119
[ok] dino_unblended/edit4/0044_snowboard: d_max_clip=0.6304 -> m_abs_max=0.9699 mean=0.2509 clipped=0.0000% frac(m>0.5)=0.150
[ok] dino_unblended/edit4/0045_butterfly: d_max_clip=0.8113 -> m_abs_max=1.0000 mean=0.2244 clipped=6.3996% frac(m>0.5)=0.160
[ok] dino_unblended/edit4/0046_blackswan: d_max_clip=0.6315 -> m_abs_max=0.9715 mean=0.0878 clipped=0.0000% frac(m>0.5)=0.019
[ok] dino_unblended/edit4/0047_judo: d_max_clip=0.5805 -> m_abs_max=0.8930 mean=0.1645 clipped=0.0000% frac(m>0.5)=0.099
[ok] dino_unblended/edit4/0048_hike: d_max_clip=0.6524 -> m_abs_max=1.0000 mean=0.0832 clipped=0.0071% frac(m>0.5)=0.039
[ok] dino_unblended/edit4/0049_speed-skating: d_max_clip=0.6201 -> m_abs_max=0.9540 mean=0.2351 clipped=0.0000% frac(m>0.5)=0.152
[ok] dino_unblended/edit4/0050_slackline: d_max_clip=0.6834 -> m_abs_max=1.0000 mean=0.1431 clipped=0.0513% frac(m>0.5)=0.090
[ok] dino_unblended/edit4/0051_dogs-jump: d_max_clip=0.7208 -> m_abs_max=1.0000 mean=0.2263 clipped=1.4615% frac(m>0.5)=0.160
[ok] dino_unblended/edit4/0052_mallard-fly: d_max_clip=0.7546 -> m_abs_max=1.0000 mean=0.1847 clipped=0.8761% frac(m>0.5)=0.076
[ok] dino_unblended/edit4/0053_swing: d_max_clip=0.6969 -> m_abs_max=1.0000 mean=0.2273 clipped=0.2479% frac(m>0.5)=0.154
[ok] dino_unblended/edit4/0054_train: d_max_clip=0.6287 -> m_abs_max=0.9672 mean=0.1877 clipped=0.0000% frac(m>0.5)=0.167
[ok] dino_unblended/edit4/0055_pigs: d_max_clip=0.6328 -> m_abs_max=0.9736 mean=0.2212 clipped=0.0000% frac(m>0.5)=0.142
[ok] dino_unblended/edit4/0056_kart-turn: d_max_clip=0.6377 -> m_abs_max=0.9810 mean=0.1951 clipped=0.0000% frac(m>0.5)=0.162
[ok] dino_unblended/edit4/0057_dog: d_max_clip=0.7217 -> m_abs_max=1.0000 mean=0.3889 clipped=4.7308% frac(m>0.5)=0.318
[ok] dino_unblended/edit4/0058_boat: d_max_clip=0.6248 -> m_abs_max=0.9612 mean=0.0777 clipped=0.0000% frac(m>0.5)=0.037
[ok] dino_unblended/edit4/0059_drift-straight: d_max_clip=0.7510 -> m_abs_max=1.0000 mean=0.5914 clipped=8.6111% frac(m>0.5)=0.533
[ok] dino_unblended/edit4/0060_motocross-bumps: d_max_clip=0.6599 -> m_abs_max=1.0000 mean=0.2978 clipped=0.0128% frac(m>0.5)=0.242
[ok] dino_unblended/edit4/0061_mbike-santa: d_max_clip=0.6826 -> m_abs_max=1.0000 mean=0.5180 clipped=0.4487% frac(m>0.5)=0.562
[ok] dino_unblended/edit4/0062_elephant: d_max_clip=0.7298 -> m_abs_max=1.0000 mean=0.2888 clipped=3.6823% frac(m>0.5)=0.171
[ok] dino_unblended/edit4/0063_drift-turn: d_max_clip=0.7826 -> m_abs_max=1.0000 mean=0.4863 clipped=3.6282% frac(m>0.5)=0.449
[ok] dino_unblended/edit4/0064_rollerblade: d_max_clip=0.6533 -> m_abs_max=1.0000 mean=0.1267 clipped=0.0071% frac(m>0.5)=0.070
[ok] dino_unblended/edit4/0065_twist-dance: d_max_clip=0.5939 -> m_abs_max=0.9137 mean=0.1010 clipped=0.0000% frac(m>0.5)=0.058
[ok] dino_unblended/edit4/0066_deer: d_max_clip=0.7156 -> m_abs_max=1.0000 mean=0.4853 clipped=1.4316% frac(m>0.5)=0.434
[ok] dino_unblended/edit4/0067_mbike-trick: d_max_clip=0.6706 -> m_abs_max=1.0000 mean=0.1409 clipped=0.0712% frac(m>0.5)=0.099
[ok] dino_unblended/edit4/0068_planes-water: d_max_clip=0.4421 -> m_abs_max=0.6802 mean=0.0674 clipped=0.0000% frac(m>0.5)=0.002
[ok] dino_unblended/edit4/0069_car-turn: d_max_clip=0.7133 -> m_abs_max=1.0000 mean=0.2323 clipped=1.0007% frac(m>0.5)=0.197
[ok] dino_unblended/edit4/0070_dance-twirl: d_max_clip=0.6466 -> m_abs_max=0.9947 mean=0.1861 clipped=0.0000% frac(m>0.5)=0.128
[ok] dino_unblended/edit4/0071_mallard-water: d_max_clip=0.6755 -> m_abs_max=1.0000 mean=0.1457 clipped=0.0605% frac(m>0.5)=0.056
[ok] dino_unblended/edit4/0072_dog-agility: d_max_clip=0.7450 -> m_abs_max=1.0000 mean=0.2139 clipped=1.7842% frac(m>0.5)=0.169
[ok] dino_unblended/edit4/0073_bmx-rider: d_max_clip=0.7158 -> m_abs_max=1.0000 mean=0.1801 clipped=0.1618% frac(m>0.5)=0.110
[ok] dino_unblended/edit4/0074_rhino: d_max_clip=0.6039 -> m_abs_max=0.9291 mean=0.1079 clipped=0.0000% frac(m>0.5)=0.040
[ok] dino_unblended/edit4/0075_A_bicycle: d_max_clip=0.6947 -> m_abs_max=1.0000 mean=0.1029 clipped=0.0824% frac(m>0.5)=0.055
[ok] dino_unblended/edit4/0076_A_rabbit: d_max_clip=0.7375 -> m_abs_max=1.0000 mean=0.3085 clipped=0.7204% frac(m>0.5)=0.227
[ok] dino_unblended/edit4/0077_A_hawk: d_max_clip=0.7398 -> m_abs_max=1.0000 mean=0.3269 clipped=5.9188% frac(m>0.5)=0.185
[ok] dino_unblended/edit4/0078_A_cat: d_max_clip=0.7175 -> m_abs_max=1.0000 mean=0.1250 clipped=0.5250% frac(m>0.5)=0.078
[ok] dino_unblended/edit4/0079_A_bus: d_max_clip=0.6467 -> m_abs_max=0.9950 mean=0.2795 clipped=0.0000% frac(m>0.5)=0.214
[ok] dino_unblended/edit4/0080_A_motorcycle: d_max_clip=0.6559 -> m_abs_max=1.0000 mean=0.2741 clipped=0.0031% frac(m>0.5)=0.160
[ok] dino_unblended/edit4/0081_A_horse: d_max_clip=0.7008 -> m_abs_max=1.0000 mean=0.1212 clipped=0.3053% frac(m>0.5)=0.052
[ok] dino_unblended/edit4/0082_A_tram: d_max_clip=0.6297 -> m_abs_max=0.9687 mean=0.2408 clipped=0.0000% frac(m>0.5)=0.232
[ok] dino_unblended/edit4/0083_A_boat: d_max_clip=0.6105 -> m_abs_max=0.9392 mean=0.1200 clipped=0.0000% frac(m>0.5)=0.076
[ok] dino_unblended/edit4/0084_A_squirrel: d_max_clip=0.7067 -> m_abs_max=1.0000 mean=0.3467 clipped=2.9304% frac(m>0.5)=0.282
[ok] dino_unblended/edit4/0085_A_tram: d_max_clip=0.6603 -> m_abs_max=1.0000 mean=0.2909 clipped=0.0183% frac(m>0.5)=0.270
[ok] dino_unblended/edit4/0086_A_red_sports_car: d_max_clip=0.7448 -> m_abs_max=1.0000 mean=0.1969 clipped=1.6270% frac(m>0.5)=0.141
[ok] dino_unblended/edit4/0087_A_seagull: d_max_clip=0.7545 -> m_abs_max=1.0000 mean=0.1702 clipped=0.7906% frac(m>0.5)=0.083
[ok] dino_unblended/edit4/0088_A_cyclist: d_max_clip=0.6800 -> m_abs_max=1.0000 mean=0.3141 clipped=0.0549% frac(m>0.5)=0.274
[ok] dino_unblended/edit4/0089_A_dog: d_max_clip=0.7499 -> m_abs_max=1.0000 mean=0.3308 clipped=3.4493% frac(m>0.5)=0.337
[ok] dino_unblended/edit4/0090_A_deer: d_max_clip=0.6476 -> m_abs_max=0.9963 mean=0.0854 clipped=0.0000% frac(m>0.5)=0.038
[ok] dino_unblended/edit4/0091_A_hawk: d_max_clip=0.7742 -> m_abs_max=1.0000 mean=0.2355 clipped=3.8156% frac(m>0.5)=0.118
[ok] dino_unblended/edit4/0092_A_fox: d_max_clip=0.6562 -> m_abs_max=1.0000 mean=0.0710 clipped=0.0031% frac(m>0.5)=0.020
[ok] dino_unblended/edit4/0093_A_helicopter: d_max_clip=0.6376 -> m_abs_max=0.9809 mean=0.1546 clipped=0.0000% frac(m>0.5)=0.084
[ok] dino_unblended/edit4/0094_A_swan: d_max_clip=0.5836 -> m_abs_max=0.8979 mean=0.0219 clipped=0.0000% frac(m>0.5)=0.008
[ok] dino_unblended/edit4/0095_A_crow: d_max_clip=0.6979 -> m_abs_max=1.0000 mean=0.2134 clipped=0.1679% frac(m>0.5)=0.152
[ok] dino_unblended/edit4/0096_A_car: d_max_clip=0.7243 -> m_abs_max=1.0000 mean=0.3188 clipped=1.9017% frac(m>0.5)=0.259
[ok] dino_unblended/edit4/0097_A_bird: d_max_clip=0.6983 -> m_abs_max=1.0000 mean=0.0792 clipped=0.2778% frac(m>0.5)=0.055
[ok] dino_unblended/edit4/0098_A_squirrel: d_max_clip=0.6342 -> m_abs_max=0.9756 mean=0.0787 clipped=0.0000% frac(m>0.5)=0.031
[ok] dino_unblended/edit4/0099_A_jogger: d_max_clip=0.6974 -> m_abs_max=1.0000 mean=0.1419 clipped=0.1679% frac(m>0.5)=0.076
[ok] dino_unblended/edit4/0100_A_deer: d_max_clip=0.6162 -> m_abs_max=0.9479 mean=0.1156 clipped=0.0000% frac(m>0.5)=0.066
[ok] dino_unblended/edit5/0007_guitar-violin: d_max_clip=0.6523 -> m_abs_max=1.0000 mean=0.1866 clipped=0.0107% frac(m>0.5)=0.111
[ok] dino_unblended/edit5/0009_bear: d_max_clip=0.6914 -> m_abs_max=1.0000 mean=0.1528 clipped=0.0916% frac(m>0.5)=0.094
[ok] dino_unblended/edit5/0011_lucia: d_max_clip=0.6967 -> m_abs_max=1.0000 mean=0.1311 clipped=0.2564% frac(m>0.5)=0.058
[ok] dino_unblended/edit5/0019_tennis-vest: d_max_clip=0.7129 -> m_abs_max=1.0000 mean=0.2739 clipped=0.4558% frac(m>0.5)=0.173
[ok] dino_unblended/edit5/0034_cows: d_max_clip=0.7054 -> m_abs_max=1.0000 mean=0.2678 clipped=0.4861% frac(m>0.5)=0.159
[ok] dino_unblended/edit5/0036_camel: d_max_clip=0.7329 -> m_abs_max=1.0000 mean=0.1997 clipped=3.3761% frac(m>0.5)=0.144
[ok] dino_unblended/edit5/0057_dog: d_max_clip=0.7138 -> m_abs_max=1.0000 mean=0.4113 clipped=2.3590% frac(m>0.5)=0.314
[ok] dino_unblended/edit5/0069_car-turn: d_max_clip=0.7665 -> m_abs_max=1.0000 mean=0.2406 clipped=5.7728% frac(m>0.5)=0.189
[ok] dino_unblended/edit5/0089_A_dog: d_max_clip=0.7230 -> m_abs_max=1.0000 mean=0.1670 clipped=0.7021% frac(m>0.5)=0.113
[ok] dino_unblended/edit6/0002_girl-dog: d_max_clip=0.7551 -> m_abs_max=1.0000 mean=0.1704 clipped=1.2118% frac(m>0.5)=0.112
[ok] dino_unblended/edit6/0017_kid-football: d_max_clip=0.6417 -> m_abs_max=0.9872 mean=0.1455 clipped=0.0000% frac(m>0.5)=0.081
[ok] dino_unblended/edit6/0025_baseball: d_max_clip=0.6342 -> m_abs_max=0.9757 mean=0.2909 clipped=0.0000% frac(m>0.5)=0.210
[ok] dino_unblended/edit6/0041_longboard: d_max_clip=0.6336 -> m_abs_max=0.9748 mean=0.0851 clipped=0.0000% frac(m>0.5)=0.026
[ok] dino_unblended/edit6/0042_gym-ball: d_max_clip=0.7060 -> m_abs_max=1.0000 mean=0.1943 clipped=0.6766% frac(m>0.5)=0.136
[ok] dino_unblended/edit6/0048_hike: d_max_clip=0.6412 -> m_abs_max=0.9864 mean=0.0626 clipped=0.0000% frac(m>0.5)=0.040
[ok] dino_unblended/edit6/0051_dogs-jump: d_max_clip=0.6966 -> m_abs_max=1.0000 mean=0.1372 clipped=0.4915% frac(m>0.5)=0.092
[ok] dino_unblended/edit6/0055_pigs: d_max_clip=0.6192 -> m_abs_max=0.9527 mean=0.2033 clipped=0.0000% frac(m>0.5)=0.166
[ok] dino_unblended/edit6/0078_A_cat: d_max_clip=0.7191 -> m_abs_max=1.0000 mean=0.0756 clipped=0.2320% frac(m>0.5)=0.046
[ok] dino_unblended/edit6/0088_A_cyclist: d_max_clip=0.6447 -> m_abs_max=0.9918 mean=0.2234 clipped=0.0000% frac(m>0.5)=0.180

[r31_div_abs] done: 419/419 ok -> /home/ids/skhairi/Data/dataggen/outputs/five_bench/r35_div_abs
[r31_rho_map] div_root=/home/ids/skhairi/Data/dataggen/outputs/five_bench/r35_div_abs/dino_unblended
[r31_rho_map] STAGE-3 schedule: step=15 flow_shift=1.0 (stage 1's 7 steps are irrelevant here)
[r31_rho_map] tau=[2.0, 50.0] => A_disc=[0.300415, 0.002131]
[ok] edit1/0001_bus: rho (18, 1560) range [2.053, 50.000] mean 4.300 -> /home/ids/skhairi/Data/dataggen/outputs/five_bench/r35_rho/dino_unblended/edit1/0001_bus.npz
[ok] edit1/0002_girl-dog: rho (21, 1560) range [2.016, 50.000] mean 4.211 -> /home/ids/skhairi/Data/dataggen/outputs/five_bench/r35_rho/dino_unblended/edit1/0002_girl-dog.npz
[ok] edit1/0003_ocean-birds: rho (9, 1560) range [2.251, 50.000] mean 4.810 -> /home/ids/skhairi/Data/dataggen/outputs/five_bench/r35_rho/dino_unblended/edit1/0003_ocean-birds.npz
[ok] edit1/0004_car-roundabout: rho (18, 1560) range [2.046, 50.000] mean 3.303 -> /home/ids/skhairi/Data/dataggen/outputs/five_bench/r35_rho/dino_unblended/edit1/0004_car-roundabout.npz
[ok] edit1/0005_breakdance: rho (21, 1560) range [2.013, 50.000] mean 3.114 -> /home/ids/skhairi/Data/dataggen/outputs/five_bench/r35_rho/dino_unblended/edit1/0005_breakdance.npz
[ok] edit1/0006_paragliding: rho (18, 1560) range [2.065, 50.000] mean 3.004 -> /home/ids/skhairi/Data/dataggen/outputs/five_bench/r35_rho/dino_unblended/edit1/0006_paragliding.npz
[ok] edit1/0007_guitar-violin: rho (12, 1560) range [2.145, 50.000] mean 6.396 -> /home/ids/skhairi/Data/dataggen/outputs/five_bench/r35_rho/dino_unblended/edit1/0007_guitar-violin.npz
[ok] edit1/0008_snowboard-race: rho (18, 1560) range [2.070, 50.000] mean 5.752 -> /home/ids/skhairi/Data/dataggen/outputs/five_bench/r35_rho/dino_unblended/edit1/0008_snowboard-race.npz
[ok] edit1/0009_bear: rho (21, 1560) range [2.187, 50.000] mean 7.522 -> /home/ids/skhairi/Data/dataggen/outputs/five_bench/r35_rho/dino_unblended/edit1/0009_bear.npz
[ok] edit1/0010_giant-slalom: rho (30, 1560) range [2.038, 17.750] mean 2.603 -> /home/ids/skhairi/Data/dataggen/outputs/five_bench/r35_rho/dino_unblended/edit1/0010_giant-slalom.npz
[ok] edit1/0011_lucia: rho (18, 1560) range [2.038, 22.407] mean 2.331 -> /home/ids/skhairi/Data/dataggen/outputs/five_bench/r35_rho/dino_unblended/edit1/0011_lucia.npz
[ok] edit1/0012_goat: rho (21, 1560) range [2.177, 50.000] mean 9.274 -> /home/ids/skhairi/Data/dataggen/outputs/five_bench/r35_rho/dino_unblended/edit1/0012_goat.npz
[ok] edit1/0013_golf: rho (18, 1560) range [2.045, 31.784] mean 3.332 -> /home/ids/skhairi/Data/dataggen/outputs/five_bench/r35_rho/dino_unblended/edit1/0013_golf.npz
[ok] edit1/0014_burnout: rho (18, 1560) range [2.021, 50.000] mean 4.859 -> /home/ids/skhairi/Data/dataggen/outputs/five_bench/r35_rho/dino_unblended/edit1/0014_burnout.npz
[ok] edit1/0015_car-shadow: rho (9, 1560) range [2.037, 50.000] mean 4.049 -> /home/ids/skhairi/Data/dataggen/outputs/five_bench/r35_rho/dino_unblended/edit1/0015_car-shadow.npz
[ok] edit1/0016_horsejump-high: rho (12, 1560) range [2.043, 50.000] mean 3.846 -> /home/ids/skhairi/Data/dataggen/outputs/five_bench/r35_rho/dino_unblended/edit1/0016_horsejump-high.npz
[ok] edit1/0017_kid-football: rho (15, 1560) range [2.041, 50.000] mean 3.334 -> /home/ids/skhairi/Data/dataggen/outputs/five_bench/r35_rho/dino_unblended/edit1/0017_kid-football.npz
[ok] edit1/0018_breakdance-flare: rho (18, 1560) range [2.118, 50.000] mean 13.560 -> /home/ids/skhairi/Data/dataggen/outputs/five_bench/r35_rho/dino_unblended/edit1/0018_breakdance-flare.npz
[ok] edit1/0019_tennis-vest: rho (18, 1560) range [2.055, 50.000] mean 3.508 -> /home/ids/skhairi/Data/dataggen/outputs/five_bench/r35_rho/dino_unblended/edit1/0019_tennis-vest.npz
[ok] edit1/0020_monkeys: rho (21, 1560) range [2.096, 50.000] mean 5.230 -> /home/ids/skhairi/Data/dataggen/outputs/five_bench/r35_rho/dino_unblended/edit1/0020_monkeys.npz
[ok] edit1/0021_landing: rho (9, 1560) range [2.067, 50.000] mean 4.935 -> /home/ids/skhairi/Data/dataggen/outputs/five_bench/r35_rho/dino_unblended/edit1/0021_landing.npz
[ok] edit1/0022_skate-jump: rho (15, 1560) range [2.023, 50.000] mean 2.337 -> /home/ids/skhairi/Data/dataggen/outputs/five_bench/r35_rho/dino_unblended/edit1/0022_skate-jump.npz
[ok] edit1/0023_kayak-race: rho (15, 1560) range [2.035, 17.316] mean 2.526 -> /home/ids/skhairi/Data/dataggen/outputs/five_bench/r35_rho/dino_unblended/edit1/0023_kayak-race.npz
[ok] edit1/0024_hockey: rho (18, 1560) range [2.054, 50.000] mean 3.569 -> /home/ids/skhairi/Data/dataggen/outputs/five_bench/r35_rho/dino_unblended/edit1/0024_hockey.npz
[ok] edit1/0025_baseball: rho (21, 1560) range [2.037, 50.000] mean 3.672 -> /home/ids/skhairi/Data/dataggen/outputs/five_bench/r35_rho/dino_unblended/edit1/0025_baseball.npz
[ok] edit1/0026_table-tennis: rho (18, 1560) range [2.025, 19.284] mean 2.440 -> /home/ids/skhairi/Data/dataggen/outputs/five_bench/r35_rho/dino_unblended/edit1/0026_table-tennis.npz
[ok] edit1/0027_dance-jump: rho (15, 1560) range [2.049, 50.000] mean 3.977 -> /home/ids/skhairi/Data/dataggen/outputs/five_bench/r35_rho/dino_unblended/edit1/0027_dance-jump.npz
[ok] edit1/0028_kite-walk: rho (18, 1560) range [2.029, 50.000] mean 2.439 -> /home/ids/skhairi/Data/dataggen/outputs/five_bench/r35_rho/dino_unblended/edit1/0028_kite-walk.npz
[ok] edit1/0029_horsejump-stick: rho (15, 1560) range [2.061, 50.000] mean 3.890 -> /home/ids/skhairi/Data/dataggen/outputs/five_bench/r35_rho/dino_unblended/edit1/0029_horsejump-stick.npz
[ok] edit1/0030_rallye: rho (12, 1560) range [2.114, 50.000] mean 9.500 -> /home/ids/skhairi/Data/dataggen/outputs/five_bench/r35_rho/dino_unblended/edit1/0030_rallye.npz
[ok] edit1/0031_soccerball: rho (12, 1560) range [2.045, 50.000] mean 4.047 -> /home/ids/skhairi/Data/dataggen/outputs/five_bench/r35_rho/dino_unblended/edit1/0031_soccerball.npz
[ok] edit1/0032_mermaid: rho (18, 1560) range [2.125, 50.000] mean 4.592 -> /home/ids/skhairi/Data/dataggen/outputs/five_bench/r35_rho/dino_unblended/edit1/0032_mermaid.npz
[ok] edit1/0033_horsejump-low: rho (15, 1560) range [2.046, 50.000] mean 3.345 -> /home/ids/skhairi/Data/dataggen/outputs/five_bench/r35_rho/dino_unblended/edit1/0033_horsejump-low.npz
[ok] edit1/0034_cows: rho (24, 1560) range [2.129, 50.000] mean 4.682 -> /home/ids/skhairi/Data/dataggen/outputs/five_bench/r35_rho/dino_unblended/edit1/0034_cows.npz
[ok] edit1/0035_helicopter: rho (12, 1560) range [2.032, 34.541] mean 2.638 -> /home/ids/skhairi/Data/dataggen/outputs/five_bench/r35_rho/dino_unblended/edit1/0035_helicopter.npz
[ok] edit1/0036_camel: rho (21, 1560) range [2.111, 50.000] mean 5.306 -> /home/ids/skhairi/Data/dataggen/outputs/five_bench/r35_rho/dino_unblended/edit1/0036_camel.npz
[ok] edit1/0037_snowboard-sand: rho (12, 1560) range [2.090, 50.000] mean 3.234 -> /home/ids/skhairi/Data/dataggen/outputs/five_bench/r35_rho/dino_unblended/edit1/0037_snowboard-sand.npz
[ok] edit1/0038_motorbike: rho (9, 1560) range [2.020, 50.000] mean 3.282 -> /home/ids/skhairi/Data/dataggen/outputs/five_bench/r35_rho/dino_unblended/edit1/0038_motorbike.npz
[ok] edit1/0039_chamaleon: rho (21, 1560) range [2.095, 50.000] mean 3.514 -> /home/ids/skhairi/Data/dataggen/outputs/five_bench/r35_rho/dino_unblended/edit1/0039_chamaleon.npz
[ok] edit1/0040_tennis: rho (18, 1560) range [2.050, 50.000] mean 3.334 -> /home/ids/skhairi/Data/dataggen/outputs/five_bench/r35_rho/dino_unblended/edit1/0040_tennis.npz
[ok] edit1/0041_longboard: rho (12, 1560) range [2.097, 50.000] mean 6.051 -> /home/ids/skhairi/Data/dataggen/outputs/five_bench/r35_rho/dino_unblended/edit1/0041_longboard.npz
[ok] edit1/0042_gym-ball: rho (18, 1560) range [2.054, 50.000] mean 4.679 -> /home/ids/skhairi/Data/dataggen/outputs/five_bench/r35_rho/dino_unblended/edit1/0042_gym-ball.npz
[ok] edit1/0043_parkour: rho (24, 1560) range [2.033, 50.000] mean 6.132 -> /home/ids/skhairi/Data/dataggen/outputs/five_bench/r35_rho/dino_unblended/edit1/0043_parkour.npz
[ok] edit1/0044_snowboard: rho (15, 1560) range [2.099, 23.973] mean 3.734 -> /home/ids/skhairi/Data/dataggen/outputs/five_bench/r35_rho/dino_unblended/edit1/0044_snowboard.npz
[ok] edit1/0045_butterfly: rho (18, 1560) range [2.116, 50.000] mean 5.587 -> /home/ids/skhairi/Data/dataggen/outputs/five_bench/r35_rho/dino_unblended/edit1/0045_butterfly.npz
[ok] edit1/0046_blackswan: rho (12, 1560) range [2.111, 50.000] mean 3.194 -> /home/ids/skhairi/Data/dataggen/outputs/five_bench/r35_rho/dino_unblended/edit1/0046_blackswan.npz
[ok] edit1/0047_judo: rho (9, 1560) range [2.070, 50.000] mean 3.497 -> /home/ids/skhairi/Data/dataggen/outputs/five_bench/r35_rho/dino_unblended/edit1/0047_judo.npz
[ok] edit1/0048_hike: rho (18, 1560) range [2.052, 50.000] mean 2.407 -> /home/ids/skhairi/Data/dataggen/outputs/five_bench/r35_rho/dino_unblended/edit1/0048_hike.npz
[ok] edit1/0049_speed-skating: rho (21, 1560) range [2.066, 50.000] mean 3.593 -> /home/ids/skhairi/Data/dataggen/outputs/five_bench/r35_rho/dino_unblended/edit1/0049_speed-skating.npz
[ok] edit1/0050_slackline: rho (15, 1560) range [2.055, 50.000] mean 3.300 -> /home/ids/skhairi/Data/dataggen/outputs/five_bench/r35_rho/dino_unblended/edit1/0050_slackline.npz
[ok] edit1/0051_dogs-jump: rho (15, 1560) range [2.058, 50.000] mean 3.788 -> /home/ids/skhairi/Data/dataggen/outputs/five_bench/r35_rho/dino_unblended/edit1/0051_dogs-jump.npz
[ok] edit1/0052_mallard-fly: rho (18, 1560) range [2.116, 50.000] mean 6.319 -> /home/ids/skhairi/Data/dataggen/outputs/five_bench/r35_rho/dino_unblended/edit1/0052_mallard-fly.npz
[ok] edit1/0053_swing: rho (15, 1560) range [2.041, 50.000] mean 3.771 -> /home/ids/skhairi/Data/dataggen/outputs/five_bench/r35_rho/dino_unblended/edit1/0053_swing.npz
[ok] edit1/0054_train: rho (18, 1560) range [2.036, 50.000] mean 2.936 -> /home/ids/skhairi/Data/dataggen/outputs/five_bench/r35_rho/dino_unblended/edit1/0054_train.npz
[ok] edit1/0055_pigs: rho (18, 1560) range [2.230, 50.000] mean 4.873 -> /home/ids/skhairi/Data/dataggen/outputs/five_bench/r35_rho/dino_unblended/edit1/0055_pigs.npz
[ok] edit1/0056_kart-turn: rho (21, 1560) range [2.102, 50.000] mean 5.198 -> /home/ids/skhairi/Data/dataggen/outputs/five_bench/r35_rho/dino_unblended/edit1/0056_kart-turn.npz
[ok] edit1/0057_dog: rho (15, 1560) range [2.100, 50.000] mean 6.773 -> /home/ids/skhairi/Data/dataggen/outputs/five_bench/r35_rho/dino_unblended/edit1/0057_dog.npz
[ok] edit1/0058_boat: rho (18, 1560) range [2.057, 33.413] mean 2.935 -> /home/ids/skhairi/Data/dataggen/outputs/five_bench/r35_rho/dino_unblended/edit1/0058_boat.npz
[ok] edit1/0059_drift-straight: rho (12, 1560) range [2.027, 50.000] mean 5.821 -> /home/ids/skhairi/Data/dataggen/outputs/five_bench/r35_rho/dino_unblended/edit1/0059_drift-straight.npz
[ok] edit1/0060_motocross-bumps: rho (15, 1560) range [2.036, 23.393] mean 3.224 -> /home/ids/skhairi/Data/dataggen/outputs/five_bench/r35_rho/dino_unblended/edit1/0060_motocross-bumps.npz
[ok] edit1/0061_mbike-santa: rho (15, 1560) range [2.082, 50.000] mean 5.185 -> /home/ids/skhairi/Data/dataggen/outputs/five_bench/r35_rho/dino_unblended/edit1/0061_mbike-santa.npz
[ok] edit1/0062_elephant: rho (18, 1560) range [2.216, 50.000] mean 6.400 -> /home/ids/skhairi/Data/dataggen/outputs/five_bench/r35_rho/dino_unblended/edit1/0062_elephant.npz
[ok] edit1/0063_drift-turn: rho (15, 1560) range [2.064, 50.000] mean 6.386 -> /home/ids/skhairi/Data/dataggen/outputs/five_bench/r35_rho/dino_unblended/edit1/0063_drift-turn.npz
[ok] edit1/0064_rollerblade: rho (9, 1560) range [2.021, 50.000] mean 2.722 -> /home/ids/skhairi/Data/dataggen/outputs/five_bench/r35_rho/dino_unblended/edit1/0064_rollerblade.npz
[ok] edit1/0065_twist-dance: rho (21, 1560) range [2.025, 50.000] mean 2.610 -> /home/ids/skhairi/Data/dataggen/outputs/five_bench/r35_rho/dino_unblended/edit1/0065_twist-dance.npz
[ok] edit1/0066_deer: rho (18, 1560) range [2.128, 50.000] mean 7.307 -> /home/ids/skhairi/Data/dataggen/outputs/five_bench/r35_rho/dino_unblended/edit1/0066_deer.npz
[ok] edit1/0067_mbike-trick: rho (18, 1560) range [2.016, 50.000] mean 2.631 -> /home/ids/skhairi/Data/dataggen/outputs/five_bench/r35_rho/dino_unblended/edit1/0067_mbike-trick.npz
[ok] edit1/0068_planes-water: rho (9, 1560) range [2.022, 13.151] mean 2.399 -> /home/ids/skhairi/Data/dataggen/outputs/five_bench/r35_rho/dino_unblended/edit1/0068_planes-water.npz
[ok] edit1/0069_car-turn: rho (18, 1560) range [2.012, 50.000] mean 3.350 -> /home/ids/skhairi/Data/dataggen/outputs/five_bench/r35_rho/dino_unblended/edit1/0069_car-turn.npz
[ok] edit1/0070_dance-twirl: rho (21, 1560) range [2.038, 50.000] mean 3.156 -> /home/ids/skhairi/Data/dataggen/outputs/five_bench/r35_rho/dino_unblended/edit1/0070_dance-twirl.npz
[ok] edit1/0071_mallard-water: rho (18, 1560) range [2.181, 50.000] mean 3.577 -> /home/ids/skhairi/Data/dataggen/outputs/five_bench/r35_rho/dino_unblended/edit1/0071_mallard-water.npz
[ok] edit1/0072_dog-agility: rho (6, 1560) range [2.033, 50.000] mean 4.431 -> /home/ids/skhairi/Data/dataggen/outputs/five_bench/r35_rho/dino_unblended/edit1/0072_dog-agility.npz
[ok] edit1/0073_bmx-rider: rho (21, 1560) range [2.025, 50.000] mean 2.789 -> /home/ids/skhairi/Data/dataggen/outputs/five_bench/r35_rho/dino_unblended/edit1/0073_bmx-rider.npz
[ok] edit1/0074_rhino: rho (21, 1560) range [2.226, 50.000] mean 6.150 -> /home/ids/skhairi/Data/dataggen/outputs/five_bench/r35_rho/dino_unblended/edit1/0074_rhino.npz
[ok] edit1/0075_A_bicycle: rho (21, 1560) range [2.023, 50.000] mean 3.021 -> /home/ids/skhairi/Data/dataggen/outputs/five_bench/r35_rho/dino_unblended/edit1/0075_A_bicycle.npz
[ok] edit1/0076_A_rabbit: rho (21, 1560) range [2.108, 50.000] mean 5.230 -> /home/ids/skhairi/Data/dataggen/outputs/five_bench/r35_rho/dino_unblended/edit1/0076_A_rabbit.npz
[ok] edit1/0077_A_hawk: rho (21, 1560) range [2.201, 50.000] mean 5.671 -> /home/ids/skhairi/Data/dataggen/outputs/five_bench/r35_rho/dino_unblended/edit1/0077_A_hawk.npz
[ok] edit1/0078_A_cat: rho (21, 1560) range [2.041, 50.000] mean 5.137 -> /home/ids/skhairi/Data/dataggen/outputs/five_bench/r35_rho/dino_unblended/edit1/0078_A_cat.npz
[ok] edit1/0079_A_bus: rho (21, 1560) range [2.058, 50.000] mean 3.494 -> /home/ids/skhairi/Data/dataggen/outputs/five_bench/r35_rho/dino_unblended/edit1/0079_A_bus.npz
[ok] edit1/0080_A_motorcycle: rho (21, 1560) range [2.060, 50.000] mean 3.874 -> /home/ids/skhairi/Data/dataggen/outputs/five_bench/r35_rho/dino_unblended/edit1/0080_A_motorcycle.npz
[ok] edit1/0081_A_horse: rho (21, 1560) range [2.072, 50.000] mean 4.085 -> /home/ids/skhairi/Data/dataggen/outputs/five_bench/r35_rho/dino_unblended/edit1/0081_A_horse.npz
[ok] edit1/0082_A_tram: rho (21, 1560) range [2.015, 31.359] mean 3.157 -> /home/ids/skhairi/Data/dataggen/outputs/five_bench/r35_rho/dino_unblended/edit1/0082_A_tram.npz
[ok] edit1/0083_A_boat: rho (21, 1560) range [2.061, 20.070] mean 2.914 -> /home/ids/skhairi/Data/dataggen/outputs/five_bench/r35_rho/dino_unblended/edit1/0083_A_boat.npz
[ok] edit1/0084_A_squirrel: rho (21, 1560) range [2.123, 50.000] mean 8.405 -> /home/ids/skhairi/Data/dataggen/outputs/five_bench/r35_rho/dino_unblended/edit1/0084_A_squirrel.npz
[ok] edit1/0085_A_tram: rho (21, 1560) range [2.015, 32.231] mean 2.868 -> /home/ids/skhairi/Data/dataggen/outputs/five_bench/r35_rho/dino_unblended/edit1/0085_A_tram.npz
[ok] edit1/0086_A_red_sports_car: rho (21, 1560) range [2.028, 50.000] mean 7.492 -> /home/ids/skhairi/Data/dataggen/outputs/five_bench/r35_rho/dino_unblended/edit1/0086_A_red_sports_car.npz
[ok] edit1/0087_A_seagull: rho (21, 1560) range [2.044, 50.000] mean 4.637 -> /home/ids/skhairi/Data/dataggen/outputs/five_bench/r35_rho/dino_unblended/edit1/0087_A_seagull.npz
[ok] edit1/0088_A_cyclist: rho (21, 1560) range [2.095, 50.000] mean 4.913 -> /home/ids/skhairi/Data/dataggen/outputs/five_bench/r35_rho/dino_unblended/edit1/0088_A_cyclist.npz
[ok] edit1/0089_A_dog: rho (21, 1560) range [2.050, 50.000] mean 6.006 -> /home/ids/skhairi/Data/dataggen/outputs/five_bench/r35_rho/dino_unblended/edit1/0089_A_dog.npz
[ok] edit1/0090_A_deer: rho (21, 1560) range [2.074, 49.092] mean 3.031 -> /home/ids/skhairi/Data/dataggen/outputs/five_bench/r35_rho/dino_unblended/edit1/0090_A_deer.npz
[ok] edit1/0091_A_hawk: rho (21, 1560) range [2.066, 50.000] mean 3.038 -> /home/ids/skhairi/Data/dataggen/outputs/five_bench/r35_rho/dino_unblended/edit1/0091_A_hawk.npz
[ok] edit1/0092_A_fox: rho (21, 1560) range [2.040, 50.000] mean 2.431 -> /home/ids/skhairi/Data/dataggen/outputs/five_bench/r35_rho/dino_unblended/edit1/0092_A_fox.npz
[ok] edit1/0093_A_helicopter: rho (21, 1560) range [2.063, 50.000] mean 3.585 -> /home/ids/skhairi/Data/dataggen/outputs/five_bench/r35_rho/dino_unblended/edit1/0093_A_helicopter.npz
[ok] edit1/0094_A_swan: rho (21, 1560) range [2.060, 29.528] mean 2.774 -> /home/ids/skhairi/Data/dataggen/outputs/five_bench/r35_rho/dino_unblended/edit1/0094_A_swan.npz
[ok] edit1/0095_A_crow: rho (21, 1560) range [2.086, 50.000] mean 4.212 -> /home/ids/skhairi/Data/dataggen/outputs/five_bench/r35_rho/dino_unblended/edit1/0095_A_crow.npz
[ok] edit1/0096_A_car: rho (21, 1560) range [2.026, 50.000] mean 4.978 -> /home/ids/skhairi/Data/dataggen/outputs/five_bench/r35_rho/dino_unblended/edit1/0096_A_car.npz
[ok] edit1/0097_A_bird: rho (21, 1560) range [2.052, 50.000] mean 3.684 -> /home/ids/skhairi/Data/dataggen/outputs/five_bench/r35_rho/dino_unblended/edit1/0097_A_bird.npz
[ok] edit1/0098_A_squirrel: rho (21, 1560) range [2.044, 50.000] mean 4.011 -> /home/ids/skhairi/Data/dataggen/outputs/five_bench/r35_rho/dino_unblended/edit1/0098_A_squirrel.npz
[ok] edit1/0099_A_jogger: rho (21, 1560) range [2.064, 50.000] mean 2.613 -> /home/ids/skhairi/Data/dataggen/outputs/five_bench/r35_rho/dino_unblended/edit1/0099_A_jogger.npz
[ok] edit1/0100_A_deer: rho (21, 1560) range [2.031, 35.753] mean 3.008 -> /home/ids/skhairi/Data/dataggen/outputs/five_bench/r35_rho/dino_unblended/edit1/0100_A_deer.npz
[ok] edit2/0001_bus: rho (18, 1560) range [2.110, 50.000] mean 5.891 -> /home/ids/skhairi/Data/dataggen/outputs/five_bench/r35_rho/dino_unblended/edit2/0001_bus.npz
[ok] edit2/0002_girl-dog: rho (21, 1560) range [2.088, 50.000] mean 4.996 -> /home/ids/skhairi/Data/dataggen/outputs/five_bench/r35_rho/dino_unblended/edit2/0002_girl-dog.npz
[ok] edit2/0003_ocean-birds: rho (9, 1560) range [2.246, 50.000] mean 7.351 -> /home/ids/skhairi/Data/dataggen/outputs/five_bench/r35_rho/dino_unblended/edit2/0003_ocean-birds.npz
[ok] edit2/0004_car-roundabout: rho (18, 1560) range [2.081, 50.000] mean 4.375 -> /home/ids/skhairi/Data/dataggen/outputs/five_bench/r35_rho/dino_unblended/edit2/0004_car-roundabout.npz
[ok] edit2/0005_breakdance: rho (21, 1560) range [2.028, 50.000] mean 6.129 -> /home/ids/skhairi/Data/dataggen/outputs/five_bench/r35_rho/dino_unblended/edit2/0005_breakdance.npz
[ok] edit2/0006_paragliding: rho (18, 1560) range [2.322, 50.000] mean 11.950 -> /home/ids/skhairi/Data/dataggen/outputs/five_bench/r35_rho/dino_unblended/edit2/0006_paragliding.npz
[ok] edit2/0007_guitar-violin: rho (12, 1560) range [2.328, 50.000] mean 13.569 -> /home/ids/skhairi/Data/dataggen/outputs/five_bench/r35_rho/dino_unblended/edit2/0007_guitar-violin.npz
[ok] edit2/0008_snowboard-race: rho (18, 1560) range [2.142, 50.000] mean 5.667 -> /home/ids/skhairi/Data/dataggen/outputs/five_bench/r35_rho/dino_unblended/edit2/0008_snowboard-race.npz
[ok] edit2/0009_bear: rho (21, 1560) range [2.240, 50.000] mean 11.505 -> /home/ids/skhairi/Data/dataggen/outputs/five_bench/r35_rho/dino_unblended/edit2/0009_bear.npz
[ok] edit2/0010_giant-slalom: rho (30, 1560) range [2.043, 22.716] mean 2.580 -> /home/ids/skhairi/Data/dataggen/outputs/five_bench/r35_rho/dino_unblended/edit2/0010_giant-slalom.npz
[ok] edit2/0011_lucia: rho (18, 1560) range [2.231, 50.000] mean 9.679 -> /home/ids/skhairi/Data/dataggen/outputs/five_bench/r35_rho/dino_unblended/edit2/0011_lucia.npz
[ok] edit2/0012_goat: rho (21, 1560) range [2.185, 50.000] mean 7.828 -> /home/ids/skhairi/Data/dataggen/outputs/five_bench/r35_rho/dino_unblended/edit2/0012_goat.npz
[ok] edit2/0013_golf: rho (18, 1560) range [2.103, 50.000] mean 4.108 -> /home/ids/skhairi/Data/dataggen/outputs/five_bench/r35_rho/dino_unblended/edit2/0013_golf.npz
[ok] edit2/0014_burnout: rho (18, 1560) range [2.073, 50.000] mean 7.966 -> /home/ids/skhairi/Data/dataggen/outputs/five_bench/r35_rho/dino_unblended/edit2/0014_burnout.npz
[ok] edit2/0015_car-shadow: rho (9, 1560) range [2.079, 50.000] mean 5.298 -> /home/ids/skhairi/Data/dataggen/outputs/five_bench/r35_rho/dino_unblended/edit2/0015_car-shadow.npz
[ok] edit2/0016_horsejump-high: rho (12, 1560) range [2.060, 50.000] mean 3.045 -> /home/ids/skhairi/Data/dataggen/outputs/five_bench/r35_rho/dino_unblended/edit2/0016_horsejump-high.npz
[ok] edit2/0017_kid-football: rho (15, 1560) range [2.236, 50.000] mean 10.801 -> /home/ids/skhairi/Data/dataggen/outputs/five_bench/r35_rho/dino_unblended/edit2/0017_kid-football.npz
[ok] edit2/0018_breakdance-flare: rho (18, 1560) range [2.191, 50.000] mean 10.190 -> /home/ids/skhairi/Data/dataggen/outputs/five_bench/r35_rho/dino_unblended/edit2/0018_breakdance-flare.npz
[ok] edit2/0019_tennis-vest: rho (18, 1560) range [2.096, 50.000] mean 3.822 -> /home/ids/skhairi/Data/dataggen/outputs/five_bench/r35_rho/dino_unblended/edit2/0019_tennis-vest.npz
[ok] edit2/0020_monkeys: rho (21, 1560) range [2.140, 50.000] mean 10.549 -> /home/ids/skhairi/Data/dataggen/outputs/five_bench/r35_rho/dino_unblended/edit2/0020_monkeys.npz
[ok] edit2/0021_landing: rho (9, 1560) range [2.116, 50.000] mean 9.828 -> /home/ids/skhairi/Data/dataggen/outputs/five_bench/r35_rho/dino_unblended/edit2/0021_landing.npz
[ok] edit2/0022_skate-jump: rho (15, 1560) range [2.037, 34.398] mean 2.558 -> /home/ids/skhairi/Data/dataggen/outputs/five_bench/r35_rho/dino_unblended/edit2/0022_skate-jump.npz
[ok] edit2/0023_kayak-race: rho (15, 1560) range [2.131, 50.000] mean 4.551 -> /home/ids/skhairi/Data/dataggen/outputs/five_bench/r35_rho/dino_unblended/edit2/0023_kayak-race.npz
[ok] edit2/0024_hockey: rho (18, 1560) range [2.134, 50.000] mean 6.383 -> /home/ids/skhairi/Data/dataggen/outputs/five_bench/r35_rho/dino_unblended/edit2/0024_hockey.npz
[ok] edit2/0025_baseball: rho (21, 1560) range [2.053, 50.000] mean 4.103 -> /home/ids/skhairi/Data/dataggen/outputs/five_bench/r35_rho/dino_unblended/edit2/0025_baseball.npz
[ok] edit2/0026_table-tennis: rho (18, 1560) range [2.038, 27.394] mean 2.733 -> /home/ids/skhairi/Data/dataggen/outputs/five_bench/r35_rho/dino_unblended/edit2/0026_table-tennis.npz
[ok] edit2/0027_dance-jump: rho (15, 1560) range [2.066, 50.000] mean 4.615 -> /home/ids/skhairi/Data/dataggen/outputs/five_bench/r35_rho/dino_unblended/edit2/0027_dance-jump.npz
[ok] edit2/0028_kite-walk: rho (18, 1560) range [2.052, 50.000] mean 2.907 -> /home/ids/skhairi/Data/dataggen/outputs/five_bench/r35_rho/dino_unblended/edit2/0028_kite-walk.npz
[ok] edit2/0029_horsejump-stick: rho (15, 1560) range [2.148, 50.000] mean 6.404 -> /home/ids/skhairi/Data/dataggen/outputs/five_bench/r35_rho/dino_unblended/edit2/0029_horsejump-stick.npz
[ok] edit2/0030_rallye: rho (12, 1560) range [2.102, 50.000] mean 9.050 -> /home/ids/skhairi/Data/dataggen/outputs/five_bench/r35_rho/dino_unblended/edit2/0030_rallye.npz
[ok] edit2/0031_soccerball: rho (12, 1560) range [2.041, 50.000] mean 5.098 -> /home/ids/skhairi/Data/dataggen/outputs/five_bench/r35_rho/dino_unblended/edit2/0031_soccerball.npz
[ok] edit2/0032_mermaid: rho (18, 1560) range [2.147, 50.000] mean 5.104 -> /home/ids/skhairi/Data/dataggen/outputs/five_bench/r35_rho/dino_unblended/edit2/0032_mermaid.npz
[ok] edit2/0033_horsejump-low: rho (15, 1560) range [2.087, 50.000] mean 4.972 -> /home/ids/skhairi/Data/dataggen/outputs/five_bench/r35_rho/dino_unblended/edit2/0033_horsejump-low.npz
[ok] edit2/0034_cows: rho (24, 1560) range [2.299, 50.000] mean 9.307 -> /home/ids/skhairi/Data/dataggen/outputs/five_bench/r35_rho/dino_unblended/edit2/0034_cows.npz
[ok] edit2/0035_helicopter: rho (12, 1560) range [2.059, 50.000] mean 4.217 -> /home/ids/skhairi/Data/dataggen/outputs/five_bench/r35_rho/dino_unblended/edit2/0035_helicopter.npz
[ok] edit2/0036_camel: rho (21, 1560) range [2.097, 50.000] mean 7.884 -> /home/ids/skhairi/Data/dataggen/outputs/five_bench/r35_rho/dino_unblended/edit2/0036_camel.npz
[ok] edit2/0037_snowboard-sand: rho (12, 1560) range [2.117, 50.000] mean 3.450 -> /home/ids/skhairi/Data/dataggen/outputs/five_bench/r35_rho/dino_unblended/edit2/0037_snowboard-sand.npz
[ok] edit2/0038_motorbike: rho (9, 1560) range [2.032, 50.000] mean 3.905 -> /home/ids/skhairi/Data/dataggen/outputs/five_bench/r35_rho/dino_unblended/edit2/0038_motorbike.npz
[ok] edit2/0039_chamaleon: rho (21, 1560) range [2.147, 50.000] mean 7.546 -> /home/ids/skhairi/Data/dataggen/outputs/five_bench/r35_rho/dino_unblended/edit2/0039_chamaleon.npz
[ok] edit2/0040_tennis: rho (18, 1560) range [2.178, 50.000] mean 9.052 -> /home/ids/skhairi/Data/dataggen/outputs/five_bench/r35_rho/dino_unblended/edit2/0040_tennis.npz
[ok] edit2/0041_longboard: rho (12, 1560) range [2.053, 50.000] mean 4.033 -> /home/ids/skhairi/Data/dataggen/outputs/five_bench/r35_rho/dino_unblended/edit2/0041_longboard.npz
[ok] edit2/0042_gym-ball: rho (18, 1560) range [2.096, 50.000] mean 9.028 -> /home/ids/skhairi/Data/dataggen/outputs/five_bench/r35_rho/dino_unblended/edit2/0042_gym-ball.npz
[ok] edit2/0043_parkour: rho (24, 1560) range [2.129, 50.000] mean 10.677 -> /home/ids/skhairi/Data/dataggen/outputs/five_bench/r35_rho/dino_unblended/edit2/0043_parkour.npz
[ok] edit2/0044_snowboard: rho (15, 1560) range [2.240, 50.000] mean 5.239 -> /home/ids/skhairi/Data/dataggen/outputs/five_bench/r35_rho/dino_unblended/edit2/0044_snowboard.npz
[ok] edit2/0045_butterfly: rho (18, 1560) range [2.119, 50.000] mean 6.375 -> /home/ids/skhairi/Data/dataggen/outputs/five_bench/r35_rho/dino_unblended/edit2/0045_butterfly.npz
[ok] edit2/0046_blackswan: rho (12, 1560) range [2.262, 50.000] mean 11.087 -> /home/ids/skhairi/Data/dataggen/outputs/five_bench/r35_rho/dino_unblended/edit2/0046_blackswan.npz
[ok] edit2/0047_judo: rho (9, 1560) range [2.093, 41.494] mean 3.599 -> /home/ids/skhairi/Data/dataggen/outputs/five_bench/r35_rho/dino_unblended/edit2/0047_judo.npz
[ok] edit2/0048_hike: rho (18, 1560) range [2.097, 50.000] mean 3.392 -> /home/ids/skhairi/Data/dataggen/outputs/five_bench/r35_rho/dino_unblended/edit2/0048_hike.npz
[ok] edit2/0049_speed-skating: rho (21, 1560) range [2.075, 50.000] mean 4.238 -> /home/ids/skhairi/Data/dataggen/outputs/five_bench/r35_rho/dino_unblended/edit2/0049_speed-skating.npz
[ok] edit2/0050_slackline: rho (15, 1560) range [2.070, 50.000] mean 5.196 -> /home/ids/skhairi/Data/dataggen/outputs/five_bench/r35_rho/dino_unblended/edit2/0050_slackline.npz
[ok] edit2/0051_dogs-jump: rho (15, 1560) range [2.118, 50.000] mean 4.343 -> /home/ids/skhairi/Data/dataggen/outputs/five_bench/r35_rho/dino_unblended/edit2/0051_dogs-jump.npz
[ok] edit2/0052_mallard-fly: rho (18, 1560) range [2.094, 50.000] mean 6.049 -> /home/ids/skhairi/Data/dataggen/outputs/five_bench/r35_rho/dino_unblended/edit2/0052_mallard-fly.npz
[ok] edit2/0053_swing: rho (15, 1560) range [2.051, 50.000] mean 4.028 -> /home/ids/skhairi/Data/dataggen/outputs/five_bench/r35_rho/dino_unblended/edit2/0053_swing.npz
[ok] edit2/0054_train: rho (18, 1560) range [2.061, 50.000] mean 4.443 -> /home/ids/skhairi/Data/dataggen/outputs/five_bench/r35_rho/dino_unblended/edit2/0054_train.npz
[ok] edit2/0055_pigs: rho (18, 1560) range [2.449, 50.000] mean 8.000 -> /home/ids/skhairi/Data/dataggen/outputs/five_bench/r35_rho/dino_unblended/edit2/0055_pigs.npz
[ok] edit2/0056_kart-turn: rho (21, 1560) range [2.100, 50.000] mean 6.406 -> /home/ids/skhairi/Data/dataggen/outputs/five_bench/r35_rho/dino_unblended/edit2/0056_kart-turn.npz
[ok] edit2/0057_dog: rho (15, 1560) range [2.157, 50.000] mean 7.685 -> /home/ids/skhairi/Data/dataggen/outputs/five_bench/r35_rho/dino_unblended/edit2/0057_dog.npz
[ok] edit2/0058_boat: rho (18, 1560) range [2.075, 50.000] mean 3.096 -> /home/ids/skhairi/Data/dataggen/outputs/five_bench/r35_rho/dino_unblended/edit2/0058_boat.npz
[ok] edit2/0059_drift-straight: rho (12, 1560) range [2.029, 50.000] mean 6.448 -> /home/ids/skhairi/Data/dataggen/outputs/five_bench/r35_rho/dino_unblended/edit2/0059_drift-straight.npz
[ok] edit2/0060_motocross-bumps: rho (15, 1560) range [2.122, 50.000] mean 5.238 -> /home/ids/skhairi/Data/dataggen/outputs/five_bench/r35_rho/dino_unblended/edit2/0060_motocross-bumps.npz
[ok] edit2/0061_mbike-santa: rho (15, 1560) range [2.282, 50.000] mean 6.253 -> /home/ids/skhairi/Data/dataggen/outputs/five_bench/r35_rho/dino_unblended/edit2/0061_mbike-santa.npz
[ok] edit2/0062_elephant: rho (18, 1560) range [2.253, 50.000] mean 10.449 -> /home/ids/skhairi/Data/dataggen/outputs/five_bench/r35_rho/dino_unblended/edit2/0062_elephant.npz
[ok] edit2/0063_drift-turn: rho (15, 1560) range [2.076, 50.000] mean 7.167 -> /home/ids/skhairi/Data/dataggen/outputs/five_bench/r35_rho/dino_unblended/edit2/0063_drift-turn.npz
[ok] edit2/0064_rollerblade: rho (9, 1560) range [2.025, 50.000] mean 4.210 -> /home/ids/skhairi/Data/dataggen/outputs/five_bench/r35_rho/dino_unblended/edit2/0064_rollerblade.npz
[ok] edit2/0065_twist-dance: rho (21, 1560) range [2.047, 50.000] mean 3.559 -> /home/ids/skhairi/Data/dataggen/outputs/five_bench/r35_rho/dino_unblended/edit2/0065_twist-dance.npz
[ok] edit2/0066_deer: rho (18, 1560) range [2.183, 50.000] mean 16.171 -> /home/ids/skhairi/Data/dataggen/outputs/five_bench/r35_rho/dino_unblended/edit2/0066_deer.npz
[ok] edit2/0067_mbike-trick: rho (18, 1560) range [2.041, 50.000] mean 4.244 -> /home/ids/skhairi/Data/dataggen/outputs/five_bench/r35_rho/dino_unblended/edit2/0067_mbike-trick.npz
[ok] edit2/0068_planes-water: rho (9, 1560) range [2.058, 34.820] mean 3.507 -> /home/ids/skhairi/Data/dataggen/outputs/five_bench/r35_rho/dino_unblended/edit2/0068_planes-water.npz
[ok] edit2/0069_car-turn: rho (18, 1560) range [2.028, 50.000] mean 5.526 -> /home/ids/skhairi/Data/dataggen/outputs/five_bench/r35_rho/dino_unblended/edit2/0069_car-turn.npz
[ok] edit2/0070_dance-twirl: rho (21, 1560) range [2.057, 50.000] mean 3.519 -> /home/ids/skhairi/Data/dataggen/outputs/five_bench/r35_rho/dino_unblended/edit2/0070_dance-twirl.npz
[ok] edit2/0071_mallard-water: rho (18, 1560) range [2.146, 50.000] mean 3.585 -> /home/ids/skhairi/Data/dataggen/outputs/five_bench/r35_rho/dino_unblended/edit2/0071_mallard-water.npz
[ok] edit2/0072_dog-agility: rho (6, 1560) range [2.063, 50.000] mean 8.277 -> /home/ids/skhairi/Data/dataggen/outputs/five_bench/r35_rho/dino_unblended/edit2/0072_dog-agility.npz
[ok] edit2/0073_bmx-rider: rho (21, 1560) range [2.042, 50.000] mean 2.788 -> /home/ids/skhairi/Data/dataggen/outputs/five_bench/r35_rho/dino_unblended/edit2/0073_bmx-rider.npz
[ok] edit2/0074_rhino: rho (21, 1560) range [2.253, 50.000] mean 5.967 -> /home/ids/skhairi/Data/dataggen/outputs/five_bench/r35_rho/dino_unblended/edit2/0074_rhino.npz
[ok] edit2/0075_A_bicycle: rho (21, 1560) range [2.038, 50.000] mean 3.870 -> /home/ids/skhairi/Data/dataggen/outputs/five_bench/r35_rho/dino_unblended/edit2/0075_A_bicycle.npz
[ok] edit2/0076_A_rabbit: rho (21, 1560) range [2.258, 50.000] mean 8.848 -> /home/ids/skhairi/Data/dataggen/outputs/five_bench/r35_rho/dino_unblended/edit2/0076_A_rabbit.npz
[ok] edit2/0077_A_hawk: rho (21, 1560) range [2.266, 50.000] mean 5.136 -> /home/ids/skhairi/Data/dataggen/outputs/five_bench/r35_rho/dino_unblended/edit2/0077_A_hawk.npz
[ok] edit2/0078_A_cat: rho (21, 1560) range [2.040, 50.000] mean 3.932 -> /home/ids/skhairi/Data/dataggen/outputs/five_bench/r35_rho/dino_unblended/edit2/0078_A_cat.npz
[ok] edit2/0079_A_bus: rho (21, 1560) range [2.083, 50.000] mean 4.048 -> /home/ids/skhairi/Data/dataggen/outputs/five_bench/r35_rho/dino_unblended/edit2/0079_A_bus.npz
[ok] edit2/0080_A_motorcycle: rho (21, 1560) range [2.056, 50.000] mean 6.152 -> /home/ids/skhairi/Data/dataggen/outputs/five_bench/r35_rho/dino_unblended/edit2/0080_A_motorcycle.npz
[ok] edit2/0081_A_horse: rho (21, 1560) range [2.228, 50.000] mean 10.373 -> /home/ids/skhairi/Data/dataggen/outputs/five_bench/r35_rho/dino_unblended/edit2/0081_A_horse.npz
[ok] edit2/0082_A_tram: rho (21, 1560) range [2.048, 50.000] mean 5.074 -> /home/ids/skhairi/Data/dataggen/outputs/five_bench/r35_rho/dino_unblended/edit2/0082_A_tram.npz
[ok] edit2/0083_A_boat: rho (21, 1560) range [2.066, 50.000] mean 4.426 -> /home/ids/skhairi/Data/dataggen/outputs/five_bench/r35_rho/dino_unblended/edit2/0083_A_boat.npz
[ok] edit2/0084_A_squirrel: rho (21, 1560) range [2.138, 50.000] mean 7.643 -> /home/ids/skhairi/Data/dataggen/outputs/five_bench/r35_rho/dino_unblended/edit2/0084_A_squirrel.npz
[ok] edit2/0085_A_tram: rho (21, 1560) range [2.029, 50.000] mean 5.822 -> /home/ids/skhairi/Data/dataggen/outputs/five_bench/r35_rho/dino_unblended/edit2/0085_A_tram.npz
[ok] edit2/0086_A_red_sports_car: rho (21, 1560) range [2.088, 50.000] mean 6.221 -> /home/ids/skhairi/Data/dataggen/outputs/five_bench/r35_rho/dino_unblended/edit2/0086_A_red_sports_car.npz
[ok] edit2/0087_A_seagull: rho (21, 1560) range [2.086, 50.000] mean 4.186 -> /home/ids/skhairi/Data/dataggen/outputs/five_bench/r35_rho/dino_unblended/edit2/0087_A_seagull.npz
[ok] edit2/0088_A_cyclist: rho (21, 1560) range [2.046, 50.000] mean 4.173 -> /home/ids/skhairi/Data/dataggen/outputs/five_bench/r35_rho/dino_unblended/edit2/0088_A_cyclist.npz
[ok] edit2/0089_A_dog: rho (21, 1560) range [2.102, 50.000] mean 6.754 -> /home/ids/skhairi/Data/dataggen/outputs/five_bench/r35_rho/dino_unblended/edit2/0089_A_dog.npz
[ok] edit2/0090_A_deer: rho (21, 1560) range [2.212, 50.000] mean 8.311 -> /home/ids/skhairi/Data/dataggen/outputs/five_bench/r35_rho/dino_unblended/edit2/0090_A_deer.npz
[ok] edit2/0091_A_hawk: rho (21, 1560) range [2.080, 50.000] mean 5.087 -> /home/ids/skhairi/Data/dataggen/outputs/five_bench/r35_rho/dino_unblended/edit2/0091_A_hawk.npz
[ok] edit2/0092_A_fox: rho (21, 1560) range [2.151, 50.000] mean 7.129 -> /home/ids/skhairi/Data/dataggen/outputs/five_bench/r35_rho/dino_unblended/edit2/0092_A_fox.npz
[ok] edit2/0093_A_helicopter: rho (21, 1560) range [2.129, 50.000] mean 5.511 -> /home/ids/skhairi/Data/dataggen/outputs/five_bench/r35_rho/dino_unblended/edit2/0093_A_helicopter.npz
[ok] edit2/0094_A_swan: rho (21, 1560) range [2.089, 50.000] mean 4.890 -> /home/ids/skhairi/Data/dataggen/outputs/five_bench/r35_rho/dino_unblended/edit2/0094_A_swan.npz
[ok] edit2/0095_A_crow: rho (21, 1560) range [2.169, 50.000] mean 10.845 -> /home/ids/skhairi/Data/dataggen/outputs/five_bench/r35_rho/dino_unblended/edit2/0095_A_crow.npz
[ok] edit2/0096_A_car: rho (21, 1560) range [2.608, 50.000] mean 6.555 -> /home/ids/skhairi/Data/dataggen/outputs/five_bench/r35_rho/dino_unblended/edit2/0096_A_car.npz
[ok] edit2/0097_A_bird: rho (21, 1560) range [2.116, 50.000] mean 4.152 -> /home/ids/skhairi/Data/dataggen/outputs/five_bench/r35_rho/dino_unblended/edit2/0097_A_bird.npz
[ok] edit2/0098_A_squirrel: rho (21, 1560) range [2.139, 50.000] mean 8.709 -> /home/ids/skhairi/Data/dataggen/outputs/five_bench/r35_rho/dino_unblended/edit2/0098_A_squirrel.npz
[ok] edit2/0099_A_jogger: rho (21, 1560) range [2.123, 50.000] mean 3.151 -> /home/ids/skhairi/Data/dataggen/outputs/five_bench/r35_rho/dino_unblended/edit2/0099_A_jogger.npz
[ok] edit2/0100_A_deer: rho (21, 1560) range [2.060, 50.000] mean 3.453 -> /home/ids/skhairi/Data/dataggen/outputs/five_bench/r35_rho/dino_unblended/edit2/0100_A_deer.npz
[ok] edit3/0001_bus: rho (18, 1560) range [2.029, 11.397] mean 2.363 -> /home/ids/skhairi/Data/dataggen/outputs/five_bench/r35_rho/dino_unblended/edit3/0001_bus.npz
[ok] edit3/0002_girl-dog: rho (21, 1560) range [2.033, 50.000] mean 4.884 -> /home/ids/skhairi/Data/dataggen/outputs/five_bench/r35_rho/dino_unblended/edit3/0002_girl-dog.npz
[ok] edit3/0003_ocean-birds: rho (9, 1560) range [2.074, 50.000] mean 2.894 -> /home/ids/skhairi/Data/dataggen/outputs/five_bench/r35_rho/dino_unblended/edit3/0003_ocean-birds.npz
[ok] edit3/0004_car-roundabout: rho (18, 1560) range [2.032, 50.000] mean 2.860 -> /home/ids/skhairi/Data/dataggen/outputs/five_bench/r35_rho/dino_unblended/edit3/0004_car-roundabout.npz
[ok] edit3/0005_breakdance: rho (21, 1560) range [2.010, 50.000] mean 2.684 -> /home/ids/skhairi/Data/dataggen/outputs/five_bench/r35_rho/dino_unblended/edit3/0005_breakdance.npz
[ok] edit3/0006_paragliding: rho (18, 1560) range [2.030, 50.000] mean 3.039 -> /home/ids/skhairi/Data/dataggen/outputs/five_bench/r35_rho/dino_unblended/edit3/0006_paragliding.npz
[ok] edit3/0007_guitar-violin: rho (12, 1560) range [2.012, 50.000] mean 3.222 -> /home/ids/skhairi/Data/dataggen/outputs/five_bench/r35_rho/dino_unblended/edit3/0007_guitar-violin.npz
[ok] edit3/0008_snowboard-race: rho (18, 1560) range [2.019, 50.000] mean 2.741 -> /home/ids/skhairi/Data/dataggen/outputs/five_bench/r35_rho/dino_unblended/edit3/0008_snowboard-race.npz
[ok] edit3/0009_bear: rho (21, 1560) range [2.063, 50.000] mean 3.028 -> /home/ids/skhairi/Data/dataggen/outputs/five_bench/r35_rho/dino_unblended/edit3/0009_bear.npz
[ok] edit3/0010_giant-slalom: rho (30, 1560) range [2.026, 11.165] mean 2.209 -> /home/ids/skhairi/Data/dataggen/outputs/five_bench/r35_rho/dino_unblended/edit3/0010_giant-slalom.npz
[ok] edit3/0011_lucia: rho (18, 1560) range [2.026, 13.079] mean 2.303 -> /home/ids/skhairi/Data/dataggen/outputs/five_bench/r35_rho/dino_unblended/edit3/0011_lucia.npz
[ok] edit3/0012_goat: rho (21, 1560) range [2.104, 50.000] mean 4.991 -> /home/ids/skhairi/Data/dataggen/outputs/five_bench/r35_rho/dino_unblended/edit3/0012_goat.npz
[ok] edit3/0013_golf: rho (18, 1560) range [2.015, 12.974] mean 2.205 -> /home/ids/skhairi/Data/dataggen/outputs/five_bench/r35_rho/dino_unblended/edit3/0013_golf.npz
[ok] edit3/0014_burnout: rho (18, 1560) range [2.020, 50.000] mean 3.718 -> /home/ids/skhairi/Data/dataggen/outputs/five_bench/r35_rho/dino_unblended/edit3/0014_burnout.npz
[ok] edit3/0015_car-shadow: rho (9, 1560) range [2.016, 50.000] mean 2.994 -> /home/ids/skhairi/Data/dataggen/outputs/five_bench/r35_rho/dino_unblended/edit3/0015_car-shadow.npz
[ok] edit3/0016_horsejump-high: rho (12, 1560) range [2.016, 50.000] mean 2.687 -> /home/ids/skhairi/Data/dataggen/outputs/five_bench/r35_rho/dino_unblended/edit3/0016_horsejump-high.npz
[ok] edit3/0017_kid-football: rho (15, 1560) range [2.018, 50.000] mean 3.604 -> /home/ids/skhairi/Data/dataggen/outputs/five_bench/r35_rho/dino_unblended/edit3/0017_kid-football.npz
[ok] edit3/0018_breakdance-flare: rho (18, 1560) range [2.016, 50.000] mean 2.898 -> /home/ids/skhairi/Data/dataggen/outputs/five_bench/r35_rho/dino_unblended/edit3/0018_breakdance-flare.npz
[ok] edit3/0019_tennis-vest: rho (18, 1560) range [2.011, 50.000] mean 2.520 -> /home/ids/skhairi/Data/dataggen/outputs/five_bench/r35_rho/dino_unblended/edit3/0019_tennis-vest.npz
[ok] edit3/0020_monkeys: rho (21, 1560) range [2.063, 50.000] mean 3.821 -> /home/ids/skhairi/Data/dataggen/outputs/five_bench/r35_rho/dino_unblended/edit3/0020_monkeys.npz
[ok] edit3/0021_landing: rho (9, 1560) range [2.048, 38.666] mean 3.259 -> /home/ids/skhairi/Data/dataggen/outputs/five_bench/r35_rho/dino_unblended/edit3/0021_landing.npz
[ok] edit3/0022_skate-jump: rho (15, 1560) range [2.014, 50.000] mean 2.350 -> /home/ids/skhairi/Data/dataggen/outputs/five_bench/r35_rho/dino_unblended/edit3/0022_skate-jump.npz
[ok] edit3/0023_kayak-race: rho (15, 1560) range [2.033, 24.840] mean 2.534 -> /home/ids/skhairi/Data/dataggen/outputs/five_bench/r35_rho/dino_unblended/edit3/0023_kayak-race.npz
[ok] edit3/0024_hockey: rho (18, 1560) range [2.019, 40.705] mean 2.567 -> /home/ids/skhairi/Data/dataggen/outputs/five_bench/r35_rho/dino_unblended/edit3/0024_hockey.npz
[ok] edit3/0025_baseball: rho (21, 1560) range [2.027, 16.362] mean 3.079 -> /home/ids/skhairi/Data/dataggen/outputs/five_bench/r35_rho/dino_unblended/edit3/0025_baseball.npz
[ok] edit3/0026_table-tennis: rho (18, 1560) range [2.041, 11.468] mean 2.794 -> /home/ids/skhairi/Data/dataggen/outputs/five_bench/r35_rho/dino_unblended/edit3/0026_table-tennis.npz
[ok] edit3/0027_dance-jump: rho (15, 1560) range [2.043, 50.000] mean 4.428 -> /home/ids/skhairi/Data/dataggen/outputs/five_bench/r35_rho/dino_unblended/edit3/0027_dance-jump.npz
[ok] edit3/0028_kite-walk: rho (18, 1560) range [2.009, 12.523] mean 2.148 -> /home/ids/skhairi/Data/dataggen/outputs/five_bench/r35_rho/dino_unblended/edit3/0028_kite-walk.npz
[ok] edit3/0029_horsejump-stick: rho (15, 1560) range [2.034, 50.000] mean 3.392 -> /home/ids/skhairi/Data/dataggen/outputs/five_bench/r35_rho/dino_unblended/edit3/0029_horsejump-stick.npz
[ok] edit3/0030_rallye: rho (12, 1560) range [2.038, 50.000] mean 4.677 -> /home/ids/skhairi/Data/dataggen/outputs/five_bench/r35_rho/dino_unblended/edit3/0030_rallye.npz
[ok] edit3/0031_soccerball: rho (12, 1560) range [2.027, 50.000] mean 3.396 -> /home/ids/skhairi/Data/dataggen/outputs/five_bench/r35_rho/dino_unblended/edit3/0031_soccerball.npz
[ok] edit3/0032_mermaid: rho (18, 1560) range [2.082, 50.000] mean 4.073 -> /home/ids/skhairi/Data/dataggen/outputs/five_bench/r35_rho/dino_unblended/edit3/0032_mermaid.npz
[ok] edit3/0033_horsejump-low: rho (15, 1560) range [2.037, 50.000] mean 2.957 -> /home/ids/skhairi/Data/dataggen/outputs/five_bench/r35_rho/dino_unblended/edit3/0033_horsejump-low.npz
[ok] edit3/0034_cows: rho (24, 1560) range [2.037, 50.000] mean 3.447 -> /home/ids/skhairi/Data/dataggen/outputs/five_bench/r35_rho/dino_unblended/edit3/0034_cows.npz
[ok] edit3/0035_helicopter: rho (12, 1560) range [2.033, 42.938] mean 2.918 -> /home/ids/skhairi/Data/dataggen/outputs/five_bench/r35_rho/dino_unblended/edit3/0035_helicopter.npz
[ok] edit3/0036_camel: rho (21, 1560) range [2.056, 50.000] mean 3.680 -> /home/ids/skhairi/Data/dataggen/outputs/five_bench/r35_rho/dino_unblended/edit3/0036_camel.npz
[ok] edit3/0037_snowboard-sand: rho (12, 1560) range [2.028, 50.000] mean 2.605 -> /home/ids/skhairi/Data/dataggen/outputs/five_bench/r35_rho/dino_unblended/edit3/0037_snowboard-sand.npz
[ok] edit3/0038_motorbike: rho (9, 1560) range [2.025, 50.000] mean 2.469 -> /home/ids/skhairi/Data/dataggen/outputs/five_bench/r35_rho/dino_unblended/edit3/0038_motorbike.npz
[ok] edit3/0039_chamaleon: rho (21, 1560) range [2.067, 50.000] mean 3.690 -> /home/ids/skhairi/Data/dataggen/outputs/five_bench/r35_rho/dino_unblended/edit3/0039_chamaleon.npz
[ok] edit3/0040_tennis: rho (18, 1560) range [2.016, 50.000] mean 3.356 -> /home/ids/skhairi/Data/dataggen/outputs/five_bench/r35_rho/dino_unblended/edit3/0040_tennis.npz
[ok] edit3/0041_longboard: rho (12, 1560) range [2.013, 36.854] mean 2.721 -> /home/ids/skhairi/Data/dataggen/outputs/five_bench/r35_rho/dino_unblended/edit3/0041_longboard.npz
[ok] edit3/0042_gym-ball: rho (18, 1560) range [2.015, 50.000] mean 4.040 -> /home/ids/skhairi/Data/dataggen/outputs/five_bench/r35_rho/dino_unblended/edit3/0042_gym-ball.npz
[ok] edit3/0043_parkour: rho (24, 1560) range [2.020, 50.000] mean 2.934 -> /home/ids/skhairi/Data/dataggen/outputs/five_bench/r35_rho/dino_unblended/edit3/0043_parkour.npz
[ok] edit3/0044_snowboard: rho (15, 1560) range [2.037, 40.154] mean 3.341 -> /home/ids/skhairi/Data/dataggen/outputs/five_bench/r35_rho/dino_unblended/edit3/0044_snowboard.npz
[ok] edit3/0045_butterfly: rho (18, 1560) range [2.040, 50.000] mean 4.488 -> /home/ids/skhairi/Data/dataggen/outputs/five_bench/r35_rho/dino_unblended/edit3/0045_butterfly.npz
[ok] edit3/0046_blackswan: rho (12, 1560) range [2.073, 50.000] mean 2.911 -> /home/ids/skhairi/Data/dataggen/outputs/five_bench/r35_rho/dino_unblended/edit3/0046_blackswan.npz
[ok] edit3/0047_judo: rho (9, 1560) range [2.028, 19.511] mean 2.852 -> /home/ids/skhairi/Data/dataggen/outputs/five_bench/r35_rho/dino_unblended/edit3/0047_judo.npz
[ok] edit3/0048_hike: rho (18, 1560) range [2.025, 25.562] mean 2.264 -> /home/ids/skhairi/Data/dataggen/outputs/five_bench/r35_rho/dino_unblended/edit3/0048_hike.npz
[ok] edit3/0049_speed-skating: rho (21, 1560) range [2.027, 19.961] mean 3.212 -> /home/ids/skhairi/Data/dataggen/outputs/five_bench/r35_rho/dino_unblended/edit3/0049_speed-skating.npz
[ok] edit3/0050_slackline: rho (15, 1560) range [2.030, 50.000] mean 3.188 -> /home/ids/skhairi/Data/dataggen/outputs/five_bench/r35_rho/dino_unblended/edit3/0050_slackline.npz
[ok] edit3/0051_dogs-jump: rho (15, 1560) range [2.022, 50.000] mean 3.739 -> /home/ids/skhairi/Data/dataggen/outputs/five_bench/r35_rho/dino_unblended/edit3/0051_dogs-jump.npz
[ok] edit3/0052_mallard-fly: rho (18, 1560) range [2.053, 50.000] mean 3.440 -> /home/ids/skhairi/Data/dataggen/outputs/five_bench/r35_rho/dino_unblended/edit3/0052_mallard-fly.npz
[ok] edit3/0053_swing: rho (15, 1560) range [2.017, 50.000] mean 2.959 -> /home/ids/skhairi/Data/dataggen/outputs/five_bench/r35_rho/dino_unblended/edit3/0053_swing.npz
[ok] edit3/0054_train: rho (18, 1560) range [2.026, 17.834] mean 3.098 -> /home/ids/skhairi/Data/dataggen/outputs/five_bench/r35_rho/dino_unblended/edit3/0054_train.npz
[ok] edit3/0055_pigs: rho (18, 1560) range [2.083, 43.378] mean 3.135 -> /home/ids/skhairi/Data/dataggen/outputs/five_bench/r35_rho/dino_unblended/edit3/0055_pigs.npz
[ok] edit3/0056_kart-turn: rho (21, 1560) range [2.026, 26.586] mean 3.684 -> /home/ids/skhairi/Data/dataggen/outputs/five_bench/r35_rho/dino_unblended/edit3/0056_kart-turn.npz
[ok] edit3/0057_dog: rho (15, 1560) range [2.088, 50.000] mean 4.769 -> /home/ids/skhairi/Data/dataggen/outputs/five_bench/r35_rho/dino_unblended/edit3/0057_dog.npz
[ok] edit3/0058_boat: rho (18, 1560) range [2.021, 25.362] mean 2.356 -> /home/ids/skhairi/Data/dataggen/outputs/five_bench/r35_rho/dino_unblended/edit3/0058_boat.npz
[ok] edit3/0059_drift-straight: rho (12, 1560) range [2.030, 50.000] mean 7.856 -> /home/ids/skhairi/Data/dataggen/outputs/five_bench/r35_rho/dino_unblended/edit3/0059_drift-straight.npz
[ok] edit3/0060_motocross-bumps: rho (15, 1560) range [2.032, 50.000] mean 3.387 -> /home/ids/skhairi/Data/dataggen/outputs/five_bench/r35_rho/dino_unblended/edit3/0060_motocross-bumps.npz
[ok] edit3/0061_mbike-santa: rho (15, 1560) range [2.070, 50.000] mean 4.569 -> /home/ids/skhairi/Data/dataggen/outputs/five_bench/r35_rho/dino_unblended/edit3/0061_mbike-santa.npz
[ok] edit3/0062_elephant: rho (18, 1560) range [2.101, 50.000] mean 3.008 -> /home/ids/skhairi/Data/dataggen/outputs/five_bench/r35_rho/dino_unblended/edit3/0062_elephant.npz
[ok] edit3/0063_drift-turn: rho (15, 1560) range [2.075, 50.000] mean 5.837 -> /home/ids/skhairi/Data/dataggen/outputs/five_bench/r35_rho/dino_unblended/edit3/0063_drift-turn.npz
[ok] edit3/0064_rollerblade: rho (9, 1560) range [2.016, 46.242] mean 2.399 -> /home/ids/skhairi/Data/dataggen/outputs/five_bench/r35_rho/dino_unblended/edit3/0064_rollerblade.npz
[ok] edit3/0065_twist-dance: rho (21, 1560) range [2.017, 22.559] mean 2.632 -> /home/ids/skhairi/Data/dataggen/outputs/five_bench/r35_rho/dino_unblended/edit3/0065_twist-dance.npz
[ok] edit3/0066_deer: rho (18, 1560) range [2.121, 50.000] mean 5.666 -> /home/ids/skhairi/Data/dataggen/outputs/five_bench/r35_rho/dino_unblended/edit3/0066_deer.npz
[ok] edit3/0067_mbike-trick: rho (18, 1560) range [2.012, 50.000] mean 3.350 -> /home/ids/skhairi/Data/dataggen/outputs/five_bench/r35_rho/dino_unblended/edit3/0067_mbike-trick.npz
[ok] edit3/0068_planes-water: rho (9, 1560) range [2.016, 3.025] mean 2.069 -> /home/ids/skhairi/Data/dataggen/outputs/five_bench/r35_rho/dino_unblended/edit3/0068_planes-water.npz
[ok] edit3/0069_car-turn: rho (18, 1560) range [2.012, 50.000] mean 3.306 -> /home/ids/skhairi/Data/dataggen/outputs/five_bench/r35_rho/dino_unblended/edit3/0069_car-turn.npz
[ok] edit3/0070_dance-twirl: rho (21, 1560) range [2.026, 50.000] mean 2.692 -> /home/ids/skhairi/Data/dataggen/outputs/five_bench/r35_rho/dino_unblended/edit3/0070_dance-twirl.npz
[ok] edit3/0071_mallard-water: rho (18, 1560) range [2.100, 50.000] mean 2.803 -> /home/ids/skhairi/Data/dataggen/outputs/five_bench/r35_rho/dino_unblended/edit3/0071_mallard-water.npz
[ok] edit3/0072_dog-agility: rho (6, 1560) range [2.032, 50.000] mean 4.747 -> /home/ids/skhairi/Data/dataggen/outputs/five_bench/r35_rho/dino_unblended/edit3/0072_dog-agility.npz
[ok] edit3/0073_bmx-rider: rho (21, 1560) range [2.031, 50.000] mean 3.065 -> /home/ids/skhairi/Data/dataggen/outputs/five_bench/r35_rho/dino_unblended/edit3/0073_bmx-rider.npz
[ok] edit3/0074_rhino: rho (21, 1560) range [2.047, 30.305] mean 2.445 -> /home/ids/skhairi/Data/dataggen/outputs/five_bench/r35_rho/dino_unblended/edit3/0074_rhino.npz
[ok] edit3/0075_A_bicycle: rho (21, 1560) range [2.013, 38.668] mean 2.456 -> /home/ids/skhairi/Data/dataggen/outputs/five_bench/r35_rho/dino_unblended/edit3/0075_A_bicycle.npz
[ok] edit3/0076_A_rabbit: rho (21, 1560) range [2.075, 50.000] mean 4.685 -> /home/ids/skhairi/Data/dataggen/outputs/five_bench/r35_rho/dino_unblended/edit3/0076_A_rabbit.npz
[ok] edit3/0077_A_hawk: rho (21, 1560) range [2.080, 50.000] mean 3.979 -> /home/ids/skhairi/Data/dataggen/outputs/five_bench/r35_rho/dino_unblended/edit3/0077_A_hawk.npz
[ok] edit3/0078_A_cat: rho (21, 1560) range [2.012, 50.000] mean 3.005 -> /home/ids/skhairi/Data/dataggen/outputs/five_bench/r35_rho/dino_unblended/edit3/0078_A_cat.npz
[ok] edit3/0079_A_bus: rho (21, 1560) range [2.040, 23.059] mean 3.391 -> /home/ids/skhairi/Data/dataggen/outputs/five_bench/r35_rho/dino_unblended/edit3/0079_A_bus.npz
[ok] edit3/0080_A_motorcycle: rho (21, 1560) range [2.046, 50.000] mean 3.787 -> /home/ids/skhairi/Data/dataggen/outputs/five_bench/r35_rho/dino_unblended/edit3/0080_A_motorcycle.npz
[ok] edit3/0081_A_horse: rho (21, 1560) range [2.036, 50.000] mean 2.726 -> /home/ids/skhairi/Data/dataggen/outputs/five_bench/r35_rho/dino_unblended/edit3/0081_A_horse.npz
[ok] edit3/0082_A_tram: rho (21, 1560) range [2.011, 20.997] mean 2.835 -> /home/ids/skhairi/Data/dataggen/outputs/five_bench/r35_rho/dino_unblended/edit3/0082_A_tram.npz
[ok] edit3/0083_A_boat: rho (21, 1560) range [2.023, 26.628] mean 2.379 -> /home/ids/skhairi/Data/dataggen/outputs/five_bench/r35_rho/dino_unblended/edit3/0083_A_boat.npz
[ok] edit3/0084_A_squirrel: rho (21, 1560) range [2.082, 50.000] mean 6.394 -> /home/ids/skhairi/Data/dataggen/outputs/five_bench/r35_rho/dino_unblended/edit3/0084_A_squirrel.npz
[ok] edit3/0085_A_tram: rho (21, 1560) range [2.012, 50.000] mean 3.865 -> /home/ids/skhairi/Data/dataggen/outputs/five_bench/r35_rho/dino_unblended/edit3/0085_A_tram.npz
[ok] edit3/0086_A_red_sports_car: rho (21, 1560) range [2.010, 50.000] mean 4.040 -> /home/ids/skhairi/Data/dataggen/outputs/five_bench/r35_rho/dino_unblended/edit3/0086_A_red_sports_car.npz
[ok] edit3/0087_A_seagull: rho (21, 1560) range [2.034, 50.000] mean 3.420 -> /home/ids/skhairi/Data/dataggen/outputs/five_bench/r35_rho/dino_unblended/edit3/0087_A_seagull.npz
[ok] edit3/0088_A_cyclist: rho (21, 1560) range [2.012, 39.386] mean 3.423 -> /home/ids/skhairi/Data/dataggen/outputs/five_bench/r35_rho/dino_unblended/edit3/0088_A_cyclist.npz
[ok] edit3/0089_A_dog: rho (21, 1560) range [2.023, 50.000] mean 3.861 -> /home/ids/skhairi/Data/dataggen/outputs/five_bench/r35_rho/dino_unblended/edit3/0089_A_dog.npz
[ok] edit3/0090_A_deer: rho (21, 1560) range [2.049, 39.270] mean 2.574 -> /home/ids/skhairi/Data/dataggen/outputs/five_bench/r35_rho/dino_unblended/edit3/0090_A_deer.npz
[ok] edit3/0091_A_hawk: rho (21, 1560) range [2.041, 50.000] mean 3.009 -> /home/ids/skhairi/Data/dataggen/outputs/five_bench/r35_rho/dino_unblended/edit3/0091_A_hawk.npz
[ok] edit3/0092_A_fox: rho (21, 1560) range [2.034, 50.000] mean 2.495 -> /home/ids/skhairi/Data/dataggen/outputs/five_bench/r35_rho/dino_unblended/edit3/0092_A_fox.npz
[ok] edit3/0093_A_helicopter: rho (21, 1560) range [2.038, 50.000] mean 3.057 -> /home/ids/skhairi/Data/dataggen/outputs/five_bench/r35_rho/dino_unblended/edit3/0093_A_helicopter.npz
[ok] edit3/0094_A_swan: rho (21, 1560) range [2.049, 19.620] mean 2.367 -> /home/ids/skhairi/Data/dataggen/outputs/five_bench/r35_rho/dino_unblended/edit3/0094_A_swan.npz
[ok] edit3/0095_A_crow: rho (21, 1560) range [2.015, 18.586] mean 2.269 -> /home/ids/skhairi/Data/dataggen/outputs/five_bench/r35_rho/dino_unblended/edit3/0095_A_crow.npz
[ok] edit3/0096_A_car: rho (21, 1560) range [2.023, 50.000] mean 6.092 -> /home/ids/skhairi/Data/dataggen/outputs/five_bench/r35_rho/dino_unblended/edit3/0096_A_car.npz
[ok] edit3/0097_A_bird: rho (21, 1560) range [2.035, 26.352] mean 2.325 -> /home/ids/skhairi/Data/dataggen/outputs/five_bench/r35_rho/dino_unblended/edit3/0097_A_bird.npz
[ok] edit3/0098_A_squirrel: rho (21, 1560) range [2.014, 50.000] mean 2.247 -> /home/ids/skhairi/Data/dataggen/outputs/five_bench/r35_rho/dino_unblended/edit3/0098_A_squirrel.npz
[ok] edit3/0099_A_jogger: rho (21, 1560) range [2.023, 50.000] mean 2.372 -> /home/ids/skhairi/Data/dataggen/outputs/five_bench/r35_rho/dino_unblended/edit3/0099_A_jogger.npz
[ok] edit3/0100_A_deer: rho (21, 1560) range [2.026, 20.985] mean 2.525 -> /home/ids/skhairi/Data/dataggen/outputs/five_bench/r35_rho/dino_unblended/edit3/0100_A_deer.npz
[ok] edit4/0001_bus: rho (18, 1560) range [2.048, 28.686] mean 2.824 -> /home/ids/skhairi/Data/dataggen/outputs/five_bench/r35_rho/dino_unblended/edit4/0001_bus.npz
[ok] edit4/0002_girl-dog: rho (21, 1560) range [2.014, 50.000] mean 3.697 -> /home/ids/skhairi/Data/dataggen/outputs/five_bench/r35_rho/dino_unblended/edit4/0002_girl-dog.npz
[ok] edit4/0003_ocean-birds: rho (9, 1560) range [2.057, 50.000] mean 3.080 -> /home/ids/skhairi/Data/dataggen/outputs/five_bench/r35_rho/dino_unblended/edit4/0003_ocean-birds.npz
[ok] edit4/0004_car-roundabout: rho (18, 1560) range [2.043, 36.447] mean 2.460 -> /home/ids/skhairi/Data/dataggen/outputs/five_bench/r35_rho/dino_unblended/edit4/0004_car-roundabout.npz
[ok] edit4/0005_breakdance: rho (21, 1560) range [2.016, 50.000] mean 3.497 -> /home/ids/skhairi/Data/dataggen/outputs/five_bench/r35_rho/dino_unblended/edit4/0005_breakdance.npz
[ok] edit4/0006_paragliding: rho (18, 1560) range [2.034, 50.000] mean 2.712 -> /home/ids/skhairi/Data/dataggen/outputs/five_bench/r35_rho/dino_unblended/edit4/0006_paragliding.npz
[ok] edit4/0007_guitar-violin: rho (12, 1560) range [2.066, 50.000] mean 5.071 -> /home/ids/skhairi/Data/dataggen/outputs/five_bench/r35_rho/dino_unblended/edit4/0007_guitar-violin.npz
[ok] edit4/0008_snowboard-race: rho (18, 1560) range [2.075, 50.000] mean 4.764 -> /home/ids/skhairi/Data/dataggen/outputs/five_bench/r35_rho/dino_unblended/edit4/0008_snowboard-race.npz
[ok] edit4/0009_bear: rho (21, 1560) range [2.067, 50.000] mean 3.272 -> /home/ids/skhairi/Data/dataggen/outputs/five_bench/r35_rho/dino_unblended/edit4/0009_bear.npz
[ok] edit4/0010_giant-slalom: rho (30, 1560) range [2.016, 16.194] mean 2.381 -> /home/ids/skhairi/Data/dataggen/outputs/five_bench/r35_rho/dino_unblended/edit4/0010_giant-slalom.npz
[ok] edit4/0011_lucia: rho (18, 1560) range [2.049, 50.000] mean 2.850 -> /home/ids/skhairi/Data/dataggen/outputs/five_bench/r35_rho/dino_unblended/edit4/0011_lucia.npz
[ok] edit4/0012_goat: rho (21, 1560) range [2.123, 50.000] mean 5.342 -> /home/ids/skhairi/Data/dataggen/outputs/five_bench/r35_rho/dino_unblended/edit4/0012_goat.npz
[ok] edit4/0013_golf: rho (18, 1560) range [2.022, 50.000] mean 2.868 -> /home/ids/skhairi/Data/dataggen/outputs/five_bench/r35_rho/dino_unblended/edit4/0013_golf.npz
[ok] edit4/0014_burnout: rho (18, 1560) range [2.014, 50.000] mean 4.563 -> /home/ids/skhairi/Data/dataggen/outputs/five_bench/r35_rho/dino_unblended/edit4/0014_burnout.npz
[ok] edit4/0015_car-shadow: rho (9, 1560) range [2.044, 50.000] mean 6.144 -> /home/ids/skhairi/Data/dataggen/outputs/five_bench/r35_rho/dino_unblended/edit4/0015_car-shadow.npz
[ok] edit4/0016_horsejump-high: rho (12, 1560) range [2.022, 50.000] mean 3.012 -> /home/ids/skhairi/Data/dataggen/outputs/five_bench/r35_rho/dino_unblended/edit4/0016_horsejump-high.npz
[ok] edit4/0017_kid-football: rho (15, 1560) range [2.097, 50.000] mean 5.916 -> /home/ids/skhairi/Data/dataggen/outputs/five_bench/r35_rho/dino_unblended/edit4/0017_kid-football.npz
[ok] edit4/0018_breakdance-flare: rho (18, 1560) range [2.046, 50.000] mean 3.469 -> /home/ids/skhairi/Data/dataggen/outputs/five_bench/r35_rho/dino_unblended/edit4/0018_breakdance-flare.npz
[ok] edit4/0019_tennis-vest: rho (18, 1560) range [2.012, 50.000] mean 2.559 -> /home/ids/skhairi/Data/dataggen/outputs/five_bench/r35_rho/dino_unblended/edit4/0019_tennis-vest.npz
[ok] edit4/0020_monkeys: rho (21, 1560) range [2.079, 50.000] mean 4.605 -> /home/ids/skhairi/Data/dataggen/outputs/five_bench/r35_rho/dino_unblended/edit4/0020_monkeys.npz
[ok] edit4/0021_landing: rho (9, 1560) range [2.075, 50.000] mean 4.629 -> /home/ids/skhairi/Data/dataggen/outputs/five_bench/r35_rho/dino_unblended/edit4/0021_landing.npz
[ok] edit4/0022_skate-jump: rho (15, 1560) range [2.035, 50.000] mean 3.385 -> /home/ids/skhairi/Data/dataggen/outputs/five_bench/r35_rho/dino_unblended/edit4/0022_skate-jump.npz
[ok] edit4/0023_kayak-race: rho (15, 1560) range [2.077, 33.881] mean 2.757 -> /home/ids/skhairi/Data/dataggen/outputs/five_bench/r35_rho/dino_unblended/edit4/0023_kayak-race.npz
[ok] edit4/0024_hockey: rho (18, 1560) range [2.015, 50.000] mean 2.586 -> /home/ids/skhairi/Data/dataggen/outputs/five_bench/r35_rho/dino_unblended/edit4/0024_hockey.npz
[ok] edit4/0025_baseball: rho (21, 1560) range [2.043, 17.178] mean 3.191 -> /home/ids/skhairi/Data/dataggen/outputs/five_bench/r35_rho/dino_unblended/edit4/0025_baseball.npz
[ok] edit4/0026_table-tennis: rho (18, 1560) range [2.022, 18.272] mean 2.691 -> /home/ids/skhairi/Data/dataggen/outputs/five_bench/r35_rho/dino_unblended/edit4/0026_table-tennis.npz
[ok] edit4/0027_dance-jump: rho (15, 1560) range [2.056, 50.000] mean 4.059 -> /home/ids/skhairi/Data/dataggen/outputs/five_bench/r35_rho/dino_unblended/edit4/0027_dance-jump.npz
[ok] edit4/0028_kite-walk: rho (18, 1560) range [2.048, 50.000] mean 2.573 -> /home/ids/skhairi/Data/dataggen/outputs/five_bench/r35_rho/dino_unblended/edit4/0028_kite-walk.npz
[ok] edit4/0029_horsejump-stick: rho (15, 1560) range [2.043, 50.000] mean 3.757 -> /home/ids/skhairi/Data/dataggen/outputs/five_bench/r35_rho/dino_unblended/edit4/0029_horsejump-stick.npz
[ok] edit4/0030_rallye: rho (12, 1560) range [2.081, 50.000] mean 6.973 -> /home/ids/skhairi/Data/dataggen/outputs/five_bench/r35_rho/dino_unblended/edit4/0030_rallye.npz
[ok] edit4/0031_soccerball: rho (12, 1560) range [2.026, 50.000] mean 5.765 -> /home/ids/skhairi/Data/dataggen/outputs/five_bench/r35_rho/dino_unblended/edit4/0031_soccerball.npz
[ok] edit4/0032_mermaid: rho (18, 1560) range [2.122, 50.000] mean 4.945 -> /home/ids/skhairi/Data/dataggen/outputs/five_bench/r35_rho/dino_unblended/edit4/0032_mermaid.npz
[ok] edit4/0033_horsejump-low: rho (15, 1560) range [2.018, 50.000] mean 3.148 -> /home/ids/skhairi/Data/dataggen/outputs/five_bench/r35_rho/dino_unblended/edit4/0033_horsejump-low.npz
[ok] edit4/0034_cows: rho (24, 1560) range [2.029, 50.000] mean 2.548 -> /home/ids/skhairi/Data/dataggen/outputs/five_bench/r35_rho/dino_unblended/edit4/0034_cows.npz
[ok] edit4/0035_helicopter: rho (12, 1560) range [2.032, 50.000] mean 3.535 -> /home/ids/skhairi/Data/dataggen/outputs/five_bench/r35_rho/dino_unblended/edit4/0035_helicopter.npz
[ok] edit4/0036_camel: rho (21, 1560) range [2.144, 50.000] mean 4.202 -> /home/ids/skhairi/Data/dataggen/outputs/five_bench/r35_rho/dino_unblended/edit4/0036_camel.npz
[ok] edit4/0037_snowboard-sand: rho (12, 1560) range [2.132, 50.000] mean 3.440 -> /home/ids/skhairi/Data/dataggen/outputs/five_bench/r35_rho/dino_unblended/edit4/0037_snowboard-sand.npz
[ok] edit4/0038_motorbike: rho (9, 1560) range [2.021, 50.000] mean 2.673 -> /home/ids/skhairi/Data/dataggen/outputs/five_bench/r35_rho/dino_unblended/edit4/0038_motorbike.npz
[ok] edit4/0039_chamaleon: rho (21, 1560) range [2.083, 50.000] mean 3.661 -> /home/ids/skhairi/Data/dataggen/outputs/five_bench/r35_rho/dino_unblended/edit4/0039_chamaleon.npz
[ok] edit4/0040_tennis: rho (18, 1560) range [2.039, 50.000] mean 3.340 -> /home/ids/skhairi/Data/dataggen/outputs/five_bench/r35_rho/dino_unblended/edit4/0040_tennis.npz
[ok] edit4/0041_longboard: rho (12, 1560) range [2.055, 50.000] mean 5.105 -> /home/ids/skhairi/Data/dataggen/outputs/five_bench/r35_rho/dino_unblended/edit4/0041_longboard.npz
[ok] edit4/0042_gym-ball: rho (18, 1560) range [2.041, 50.000] mean 4.082 -> /home/ids/skhairi/Data/dataggen/outputs/five_bench/r35_rho/dino_unblended/edit4/0042_gym-ball.npz
[ok] edit4/0043_parkour: rho (24, 1560) range [2.030, 50.000] mean 3.846 -> /home/ids/skhairi/Data/dataggen/outputs/five_bench/r35_rho/dino_unblended/edit4/0043_parkour.npz
[ok] edit4/0044_snowboard: rho (15, 1560) range [2.040, 27.750] mean 3.252 -> /home/ids/skhairi/Data/dataggen/outputs/five_bench/r35_rho/dino_unblended/edit4/0044_snowboard.npz
[ok] edit4/0045_butterfly: rho (18, 1560) range [2.078, 50.000] mean 6.586 -> /home/ids/skhairi/Data/dataggen/outputs/five_bench/r35_rho/dino_unblended/edit4/0045_butterfly.npz
[ok] edit4/0046_blackswan: rho (12, 1560) range [2.051, 28.320] mean 2.350 -> /home/ids/skhairi/Data/dataggen/outputs/five_bench/r35_rho/dino_unblended/edit4/0046_blackswan.npz
[ok] edit4/0047_judo: rho (9, 1560) range [2.043, 15.112] mean 2.827 -> /home/ids/skhairi/Data/dataggen/outputs/five_bench/r35_rho/dino_unblended/edit4/0047_judo.npz
[ok] edit4/0048_hike: rho (18, 1560) range [2.061, 50.000] mean 2.397 -> /home/ids/skhairi/Data/dataggen/outputs/five_bench/r35_rho/dino_unblended/edit4/0048_hike.npz
[ok] edit4/0049_speed-skating: rho (21, 1560) range [2.037, 23.414] mean 3.352 -> /home/ids/skhairi/Data/dataggen/outputs/five_bench/r35_rho/dino_unblended/edit4/0049_speed-skating.npz
[ok] edit4/0050_slackline: rho (15, 1560) range [2.049, 50.000] mean 2.904 -> /home/ids/skhairi/Data/dataggen/outputs/five_bench/r35_rho/dino_unblended/edit4/0050_slackline.npz
[ok] edit4/0051_dogs-jump: rho (15, 1560) range [2.073, 50.000] mean 4.556 -> /home/ids/skhairi/Data/dataggen/outputs/five_bench/r35_rho/dino_unblended/edit4/0051_dogs-jump.npz
[ok] edit4/0052_mallard-fly: rho (18, 1560) range [2.028, 50.000] mean 3.401 -> /home/ids/skhairi/Data/dataggen/outputs/five_bench/r35_rho/dino_unblended/edit4/0052_mallard-fly.npz
[ok] edit4/0053_swing: rho (15, 1560) range [2.042, 50.000] mean 3.812 -> /home/ids/skhairi/Data/dataggen/outputs/five_bench/r35_rho/dino_unblended/edit4/0053_swing.npz
[ok] edit4/0054_train: rho (18, 1560) range [2.035, 26.890] mean 3.181 -> /home/ids/skhairi/Data/dataggen/outputs/five_bench/r35_rho/dino_unblended/edit4/0054_train.npz
[ok] edit4/0055_pigs: rho (18, 1560) range [2.085, 29.067] mean 3.245 -> /home/ids/skhairi/Data/dataggen/outputs/five_bench/r35_rho/dino_unblended/edit4/0055_pigs.npz
[ok] edit4/0056_kart-turn: rho (21, 1560) range [2.024, 32.310] mean 3.215 -> /home/ids/skhairi/Data/dataggen/outputs/five_bench/r35_rho/dino_unblended/edit4/0056_kart-turn.npz
[ok] edit4/0057_dog: rho (15, 1560) range [2.137, 50.000] mean 7.942 -> /home/ids/skhairi/Data/dataggen/outputs/five_bench/r35_rho/dino_unblended/edit4/0057_dog.npz
[ok] edit4/0058_boat: rho (18, 1560) range [2.021, 25.171] mean 2.380 -> /home/ids/skhairi/Data/dataggen/outputs/five_bench/r35_rho/dino_unblended/edit4/0058_boat.npz
[ok] edit4/0059_drift-straight: rho (12, 1560) range [2.170, 50.000] mean 11.923 -> /home/ids/skhairi/Data/dataggen/outputs/five_bench/r35_rho/dino_unblended/edit4/0059_drift-straight.npz
[ok] edit4/0060_motocross-bumps: rho (15, 1560) range [2.079, 50.000] mean 4.032 -> /home/ids/skhairi/Data/dataggen/outputs/five_bench/r35_rho/dino_unblended/edit4/0060_motocross-bumps.npz
[ok] edit4/0061_mbike-santa: rho (15, 1560) range [2.180, 50.000] mean 6.294 -> /home/ids/skhairi/Data/dataggen/outputs/five_bench/r35_rho/dino_unblended/edit4/0061_mbike-santa.npz
[ok] edit4/0062_elephant: rho (18, 1560) range [2.166, 50.000] mean 5.699 -> /home/ids/skhairi/Data/dataggen/outputs/five_bench/r35_rho/dino_unblended/edit4/0062_elephant.npz
[ok] edit4/0063_drift-turn: rho (15, 1560) range [2.122, 50.000] mean 7.613 -> /home/ids/skhairi/Data/dataggen/outputs/five_bench/r35_rho/dino_unblended/edit4/0063_drift-turn.npz
[ok] edit4/0064_rollerblade: rho (9, 1560) range [2.032, 50.000] mean 2.726 -> /home/ids/skhairi/Data/dataggen/outputs/five_bench/r35_rho/dino_unblended/edit4/0064_rollerblade.npz
[ok] edit4/0065_twist-dance: rho (21, 1560) range [2.022, 17.127] mean 2.522 -> /home/ids/skhairi/Data/dataggen/outputs/five_bench/r35_rho/dino_unblended/edit4/0065_twist-dance.npz
[ok] edit4/0066_deer: rho (18, 1560) range [2.172, 50.000] mean 7.216 -> /home/ids/skhairi/Data/dataggen/outputs/five_bench/r35_rho/dino_unblended/edit4/0066_deer.npz
[ok] edit4/0067_mbike-trick: rho (18, 1560) range [2.022, 50.000] mean 2.987 -> /home/ids/skhairi/Data/dataggen/outputs/five_bench/r35_rho/dino_unblended/edit4/0067_mbike-trick.npz
[ok] edit4/0068_planes-water: rho (9, 1560) range [2.036, 6.773] mean 2.215 -> /home/ids/skhairi/Data/dataggen/outputs/five_bench/r35_rho/dino_unblended/edit4/0068_planes-water.npz
[ok] edit4/0069_car-turn: rho (18, 1560) range [2.024, 50.000] mean 4.573 -> /home/ids/skhairi/Data/dataggen/outputs/five_bench/r35_rho/dino_unblended/edit4/0069_car-turn.npz
[ok] edit4/0070_dance-twirl: rho (21, 1560) range [2.047, 42.321] mean 3.030 -> /home/ids/skhairi/Data/dataggen/outputs/five_bench/r35_rho/dino_unblended/edit4/0070_dance-twirl.npz
[ok] edit4/0071_mallard-water: rho (18, 1560) range [2.064, 50.000] mean 2.788 -> /home/ids/skhairi/Data/dataggen/outputs/five_bench/r35_rho/dino_unblended/edit4/0071_mallard-water.npz
[ok] edit4/0072_dog-agility: rho (6, 1560) range [2.028, 50.000] mean 4.582 -> /home/ids/skhairi/Data/dataggen/outputs/five_bench/r35_rho/dino_unblended/edit4/0072_dog-agility.npz
[ok] edit4/0073_bmx-rider: rho (21, 1560) range [2.033, 50.000] mean 3.163 -> /home/ids/skhairi/Data/dataggen/outputs/five_bench/r35_rho/dino_unblended/edit4/0073_bmx-rider.npz
[ok] edit4/0074_rhino: rho (21, 1560) range [2.056, 19.034] mean 2.468 -> /home/ids/skhairi/Data/dataggen/outputs/five_bench/r35_rho/dino_unblended/edit4/0074_rhino.npz
[ok] edit4/0075_A_bicycle: rho (21, 1560) range [2.019, 50.000] mean 2.593 -> /home/ids/skhairi/Data/dataggen/outputs/five_bench/r35_rho/dino_unblended/edit4/0075_A_bicycle.npz
[ok] edit4/0076_A_rabbit: rho (21, 1560) range [2.071, 50.000] mean 4.905 -> /home/ids/skhairi/Data/dataggen/outputs/five_bench/r35_rho/dino_unblended/edit4/0076_A_rabbit.npz
[ok] edit4/0077_A_hawk: rho (21, 1560) range [2.177, 50.000] mean 7.392 -> /home/ids/skhairi/Data/dataggen/outputs/five_bench/r35_rho/dino_unblended/edit4/0077_A_hawk.npz
[ok] edit4/0078_A_cat: rho (21, 1560) range [2.015, 50.000] mean 2.931 -> /home/ids/skhairi/Data/dataggen/outputs/five_bench/r35_rho/dino_unblended/edit4/0078_A_cat.npz
[ok] edit4/0079_A_bus: rho (21, 1560) range [2.047, 42.593] mean 3.541 -> /home/ids/skhairi/Data/dataggen/outputs/five_bench/r35_rho/dino_unblended/edit4/0079_A_bus.npz
[ok] edit4/0080_A_motorcycle: rho (21, 1560) range [2.058, 50.000] mean 3.597 -> /home/ids/skhairi/Data/dataggen/outputs/five_bench/r35_rho/dino_unblended/edit4/0080_A_motorcycle.npz
[ok] edit4/0081_A_horse: rho (21, 1560) range [2.047, 50.000] mean 2.865 -> /home/ids/skhairi/Data/dataggen/outputs/five_bench/r35_rho/dino_unblended/edit4/0081_A_horse.npz
[ok] edit4/0082_A_tram: rho (21, 1560) range [2.015, 27.366] mean 3.464 -> /home/ids/skhairi/Data/dataggen/outputs/five_bench/r35_rho/dino_unblended/edit4/0082_A_tram.npz
[ok] edit4/0083_A_boat: rho (21, 1560) range [2.039, 20.570] mean 2.581 -> /home/ids/skhairi/Data/dataggen/outputs/five_bench/r35_rho/dino_unblended/edit4/0083_A_boat.npz
[ok] edit4/0084_A_squirrel: rho (21, 1560) range [2.080, 50.000] mean 6.442 -> /home/ids/skhairi/Data/dataggen/outputs/five_bench/r35_rho/dino_unblended/edit4/0084_A_squirrel.npz
[ok] edit4/0085_A_tram: rho (21, 1560) range [2.022, 50.000] mean 4.193 -> /home/ids/skhairi/Data/dataggen/outputs/five_bench/r35_rho/dino_unblended/edit4/0085_A_tram.npz
[ok] edit4/0086_A_red_sports_car: rho (21, 1560) range [2.013, 50.000] mean 4.150 -> /home/ids/skhairi/Data/dataggen/outputs/five_bench/r35_rho/dino_unblended/edit4/0086_A_red_sports_car.npz
[ok] edit4/0087_A_seagull: rho (21, 1560) range [2.034, 50.000] mean 3.512 -> /home/ids/skhairi/Data/dataggen/outputs/five_bench/r35_rho/dino_unblended/edit4/0087_A_seagull.npz
[ok] edit4/0088_A_cyclist: rho (21, 1560) range [2.080, 50.000] mean 4.376 -> /home/ids/skhairi/Data/dataggen/outputs/five_bench/r35_rho/dino_unblended/edit4/0088_A_cyclist.npz
[ok] edit4/0089_A_dog: rho (21, 1560) range [2.070, 50.000] mean 6.714 -> /home/ids/skhairi/Data/dataggen/outputs/five_bench/r35_rho/dino_unblended/edit4/0089_A_dog.npz
[ok] edit4/0090_A_deer: rho (21, 1560) range [2.036, 44.151] mean 2.467 -> /home/ids/skhairi/Data/dataggen/outputs/five_bench/r35_rho/dino_unblended/edit4/0090_A_deer.npz
[ok] edit4/0091_A_hawk: rho (21, 1560) range [2.119, 50.000] mean 5.257 -> /home/ids/skhairi/Data/dataggen/outputs/five_bench/r35_rho/dino_unblended/edit4/0091_A_hawk.npz
[ok] edit4/0092_A_fox: rho (21, 1560) range [2.021, 50.000] mean 2.303 -> /home/ids/skhairi/Data/dataggen/outputs/five_bench/r35_rho/dino_unblended/edit4/0092_A_fox.npz
[ok] edit4/0093_A_helicopter: rho (21, 1560) range [2.028, 32.247] mean 2.740 -> /home/ids/skhairi/Data/dataggen/outputs/five_bench/r35_rho/dino_unblended/edit4/0093_A_helicopter.npz
[ok] edit4/0094_A_swan: rho (21, 1560) range [2.007, 15.535] mean 2.088 -> /home/ids/skhairi/Data/dataggen/outputs/five_bench/r35_rho/dino_unblended/edit4/0094_A_swan.npz
[ok] edit4/0095_A_crow: rho (21, 1560) range [2.052, 50.000] mean 3.467 -> /home/ids/skhairi/Data/dataggen/outputs/five_bench/r35_rho/dino_unblended/edit4/0095_A_crow.npz
[ok] edit4/0096_A_car: rho (21, 1560) range [2.025, 50.000] mean 5.574 -> /home/ids/skhairi/Data/dataggen/outputs/five_bench/r35_rho/dino_unblended/edit4/0096_A_car.npz
[ok] edit4/0097_A_bird: rho (21, 1560) range [2.025, 50.000] mean 2.683 -> /home/ids/skhairi/Data/dataggen/outputs/five_bench/r35_rho/dino_unblended/edit4/0097_A_bird.npz
[ok] edit4/0098_A_squirrel: rho (21, 1560) range [2.019, 29.869] mean 2.364 -> /home/ids/skhairi/Data/dataggen/outputs/five_bench/r35_rho/dino_unblended/edit4/0098_A_squirrel.npz
[ok] edit4/0099_A_jogger: rho (21, 1560) range [2.090, 50.000] mean 2.882 -> /home/ids/skhairi/Data/dataggen/outputs/five_bench/r35_rho/dino_unblended/edit4/0099_A_jogger.npz
[ok] edit4/0100_A_deer: rho (21, 1560) range [2.035, 22.149] mean 2.624 -> /home/ids/skhairi/Data/dataggen/outputs/five_bench/r35_rho/dino_unblended/edit4/0100_A_deer.npz
[ok] edit5/0007_guitar-violin: rho (12, 1560) range [2.017, 50.000] mean 2.927 -> /home/ids/skhairi/Data/dataggen/outputs/five_bench/r35_rho/dino_unblended/edit5/0007_guitar-violin.npz
[ok] edit5/0009_bear: rho (21, 1560) range [2.056, 50.000] mean 3.125 -> /home/ids/skhairi/Data/dataggen/outputs/five_bench/r35_rho/dino_unblended/edit5/0009_bear.npz
[ok] edit5/0011_lucia: rho (18, 1560) range [2.052, 50.000] mean 3.144 -> /home/ids/skhairi/Data/dataggen/outputs/five_bench/r35_rho/dino_unblended/edit5/0011_lucia.npz
[ok] edit5/0019_tennis-vest: rho (18, 1560) range [2.028, 50.000] mean 3.914 -> /home/ids/skhairi/Data/dataggen/outputs/five_bench/r35_rho/dino_unblended/edit5/0019_tennis-vest.npz
[ok] edit5/0034_cows: rho (24, 1560) range [2.057, 50.000] mean 3.842 -> /home/ids/skhairi/Data/dataggen/outputs/five_bench/r35_rho/dino_unblended/edit5/0034_cows.npz
[ok] edit5/0036_camel: rho (21, 1560) range [2.053, 50.000] mean 5.131 -> /home/ids/skhairi/Data/dataggen/outputs/five_bench/r35_rho/dino_unblended/edit5/0036_camel.npz
[ok] edit5/0057_dog: rho (15, 1560) range [2.093, 50.000] mean 6.435 -> /home/ids/skhairi/Data/dataggen/outputs/five_bench/r35_rho/dino_unblended/edit5/0057_dog.npz
[ok] edit5/0069_car-turn: rho (18, 1560) range [2.028, 50.000] mean 6.649 -> /home/ids/skhairi/Data/dataggen/outputs/five_bench/r35_rho/dino_unblended/edit5/0069_car-turn.npz
[ok] edit5/0089_A_dog: rho (21, 1560) range [2.013, 50.000] mean 3.595 -> /home/ids/skhairi/Data/dataggen/outputs/five_bench/r35_rho/dino_unblended/edit5/0089_A_dog.npz
[ok] edit6/0002_girl-dog: rho (21, 1560) range [2.024, 50.000] mean 4.036 -> /home/ids/skhairi/Data/dataggen/outputs/five_bench/r35_rho/dino_unblended/edit6/0002_girl-dog.npz
[ok] edit6/0017_kid-football: rho (15, 1560) range [2.019, 35.877] mean 2.745 -> /home/ids/skhairi/Data/dataggen/outputs/five_bench/r35_rho/dino_unblended/edit6/0017_kid-football.npz
[ok] edit6/0025_baseball: rho (21, 1560) range [2.021, 29.898] mean 3.568 -> /home/ids/skhairi/Data/dataggen/outputs/five_bench/r35_rho/dino_unblended/edit6/0025_baseball.npz
[ok] edit6/0041_longboard: rho (12, 1560) range [2.021, 29.522] mean 2.349 -> /home/ids/skhairi/Data/dataggen/outputs/five_bench/r35_rho/dino_unblended/edit6/0041_longboard.npz
[ok] edit6/0042_gym-ball: rho (18, 1560) range [2.033, 50.000] mean 3.832 -> /home/ids/skhairi/Data/dataggen/outputs/five_bench/r35_rho/dino_unblended/edit6/0042_gym-ball.npz
[ok] edit6/0048_hike: rho (18, 1560) range [2.024, 35.352] mean 2.474 -> /home/ids/skhairi/Data/dataggen/outputs/five_bench/r35_rho/dino_unblended/edit6/0048_hike.npz
[ok] edit6/0051_dogs-jump: rho (15, 1560) range [2.040, 50.000] mean 3.155 -> /home/ids/skhairi/Data/dataggen/outputs/five_bench/r35_rho/dino_unblended/edit6/0051_dogs-jump.npz
[ok] edit6/0055_pigs: rho (18, 1560) range [2.049, 23.118] mean 3.214 -> /home/ids/skhairi/Data/dataggen/outputs/five_bench/r35_rho/dino_unblended/edit6/0055_pigs.npz
[ok] edit6/0078_A_cat: rho (21, 1560) range [2.007, 50.000] mean 2.577 -> /home/ids/skhairi/Data/dataggen/outputs/five_bench/r35_rho/dino_unblended/edit6/0078_A_cat.npz
[ok] edit6/0088_A_cyclist: rho (21, 1560) range [2.020, 39.435] mean 3.498 -> /home/ids/skhairi/Data/dataggen/outputs/five_bench/r35_rho/dino_unblended/edit6/0088_A_cyclist.npz
[r31_rho_map] done: 419/419 ok -> /home/ids/skhairi/Data/dataggen/outputs/five_bench/r35_rho/dino_unblended
=== [r35_absnorm] dino_first2  (div_max=0.65) ===
[r35_absnorm] dino_first2: 419 stage-2 npz found (expect 419)

[r31_div_abs] arm=dino_first2 absolute range [0, 0.65] (419 clips) -> /home/ids/skhairi/Data/dataggen/outputs/five_bench/r35_div_abs/dino_first2
[ok] dino_first2/edit1/0001_bus: d_max_clip=0.6911 -> m_abs_max=1.0000 mean=0.2322 clipped=0.3526% frac(m>0.5)=0.184
[ok] dino_first2/edit1/0002_girl-dog: d_max_clip=0.7184 -> m_abs_max=1.0000 mean=0.0759 clipped=0.3236% frac(m>0.5)=0.038
[ok] dino_first2/edit1/0003_ocean-birds: d_max_clip=0.7284 -> m_abs_max=1.0000 mean=0.2407 clipped=0.3205% frac(m>0.5)=0.161
[ok] dino_first2/edit1/0004_car-roundabout: d_max_clip=0.6641 -> m_abs_max=1.0000 mean=0.1459 clipped=0.0142% frac(m>0.5)=0.094
[ok] dino_first2/edit1/0005_breakdance: d_max_clip=0.7210 -> m_abs_max=1.0000 mean=0.1280 clipped=0.1129% frac(m>0.5)=0.086
[ok] dino_first2/edit1/0006_paragliding: d_max_clip=0.7006 -> m_abs_max=1.0000 mean=0.0958 clipped=0.5734% frac(m>0.5)=0.042
[ok] dino_first2/edit1/0007_guitar-violin: d_max_clip=0.7104 -> m_abs_max=1.0000 mean=0.3401 clipped=0.0962% frac(m>0.5)=0.351
[ok] dino_first2/edit1/0008_snowboard-race: d_max_clip=0.6926 -> m_abs_max=1.0000 mean=0.1455 clipped=0.0962% frac(m>0.5)=0.061
[ok] dino_first2/edit1/0009_bear: d_max_clip=0.7539 -> m_abs_max=1.0000 mean=0.2353 clipped=2.1917% frac(m>0.5)=0.162
[ok] dino_first2/edit1/0010_giant-slalom: d_max_clip=0.5690 -> m_abs_max=0.8754 mean=0.0926 clipped=0.0000% frac(m>0.5)=0.037
[ok] dino_first2/edit1/0011_lucia: d_max_clip=0.5582 -> m_abs_max=0.8587 mean=0.0761 clipped=0.0000% frac(m>0.5)=0.021
[ok] dino_first2/edit1/0012_goat: d_max_clip=0.7368 -> m_abs_max=1.0000 mean=0.2414 clipped=2.1703% frac(m>0.5)=0.140
[ok] dino_first2/edit1/0013_golf: d_max_clip=0.6210 -> m_abs_max=0.9554 mean=0.0484 clipped=0.0000% frac(m>0.5)=0.019
[ok] dino_first2/edit1/0014_burnout: d_max_clip=0.6471 -> m_abs_max=0.9955 mean=0.1194 clipped=0.0000% frac(m>0.5)=0.065
[ok] dino_first2/edit1/0015_car-shadow: d_max_clip=0.6681 -> m_abs_max=1.0000 mean=0.1126 clipped=0.0570% frac(m>0.5)=0.080
[ok] dino_first2/edit1/0016_horsejump-high: d_max_clip=0.6775 -> m_abs_max=1.0000 mean=0.0956 clipped=0.0801% frac(m>0.5)=0.045
[ok] dino_first2/edit1/0017_kid-football: d_max_clip=0.6024 -> m_abs_max=0.9267 mean=0.0951 clipped=0.0000% frac(m>0.5)=0.040
[ok] dino_first2/edit1/0018_breakdance-flare: d_max_clip=0.7876 -> m_abs_max=1.0000 mean=0.2813 clipped=7.9630% frac(m>0.5)=0.182
[ok] dino_first2/edit1/0019_tennis-vest: d_max_clip=0.6533 -> m_abs_max=1.0000 mean=0.0840 clipped=0.0036% frac(m>0.5)=0.041
[ok] dino_first2/edit1/0020_monkeys: d_max_clip=0.6270 -> m_abs_max=0.9646 mean=0.1820 clipped=0.0000% frac(m>0.5)=0.108
[ok] dino_first2/edit1/0021_landing: d_max_clip=0.6796 -> m_abs_max=1.0000 mean=0.1812 clipped=0.5342% frac(m>0.5)=0.123
[ok] dino_first2/edit1/0022_skate-jump: d_max_clip=0.6315 -> m_abs_max=0.9716 mean=0.0520 clipped=0.0000% frac(m>0.5)=0.025
[ok] dino_first2/edit1/0023_kayak-race: d_max_clip=0.5615 -> m_abs_max=0.8638 mean=0.0982 clipped=0.0000% frac(m>0.5)=0.016
[ok] dino_first2/edit1/0024_hockey: d_max_clip=0.6932 -> m_abs_max=1.0000 mean=0.1077 clipped=0.0997% frac(m>0.5)=0.068
[ok] dino_first2/edit1/0025_baseball: d_max_clip=0.5801 -> m_abs_max=0.8925 mean=0.1062 clipped=0.0000% frac(m>0.5)=0.046
[ok] dino_first2/edit1/0026_table-tennis: d_max_clip=0.5696 -> m_abs_max=0.8763 mean=0.0636 clipped=0.0000% frac(m>0.5)=0.031
[ok] dino_first2/edit1/0027_dance-jump: d_max_clip=0.6909 -> m_abs_max=1.0000 mean=0.1118 clipped=0.0385% frac(m>0.5)=0.077
[ok] dino_first2/edit1/0028_kite-walk: d_max_clip=0.5159 -> m_abs_max=0.7937 mean=0.0426 clipped=0.0000% frac(m>0.5)=0.005
[ok] dino_first2/edit1/0029_horsejump-stick: d_max_clip=0.7121 -> m_abs_max=1.0000 mean=0.1543 clipped=0.2436% frac(m>0.5)=0.070
[ok] dino_first2/edit1/0030_rallye: d_max_clip=0.7581 -> m_abs_max=1.0000 mean=0.2594 clipped=6.6400% frac(m>0.5)=0.173
[ok] dino_first2/edit1/0031_soccerball: d_max_clip=0.5509 -> m_abs_max=0.8475 mean=0.0443 clipped=0.0000% frac(m>0.5)=0.012
[ok] dino_first2/edit1/0032_mermaid: d_max_clip=0.6001 -> m_abs_max=0.9233 mean=0.2617 clipped=0.0000% frac(m>0.5)=0.097
[ok] dino_first2/edit1/0033_horsejump-low: d_max_clip=0.6933 -> m_abs_max=1.0000 mean=0.1136 clipped=0.1026% frac(m>0.5)=0.044
[ok] dino_first2/edit1/0034_cows: d_max_clip=0.7113 -> m_abs_max=1.0000 mean=0.2401 clipped=0.2804% frac(m>0.5)=0.119
[ok] dino_first2/edit1/0035_helicopter: d_max_clip=0.5565 -> m_abs_max=0.8562 mean=0.0608 clipped=0.0000% frac(m>0.5)=0.017
[ok] dino_first2/edit1/0036_camel: d_max_clip=0.6915 -> m_abs_max=1.0000 mean=0.2519 clipped=0.6929% frac(m>0.5)=0.216
[ok] dino_first2/edit1/0037_snowboard-sand: d_max_clip=0.6583 -> m_abs_max=1.0000 mean=0.1255 clipped=0.0053% frac(m>0.5)=0.035
[ok] dino_first2/edit1/0038_motorbike: d_max_clip=0.6658 -> m_abs_max=1.0000 mean=0.0787 clipped=0.0071% frac(m>0.5)=0.035
[ok] dino_first2/edit1/0039_chamaleon: d_max_clip=0.6540 -> m_abs_max=1.0000 mean=0.1402 clipped=0.0061% frac(m>0.5)=0.061
[ok] dino_first2/edit1/0040_tennis: d_max_clip=0.6346 -> m_abs_max=0.9763 mean=0.0944 clipped=0.0000% frac(m>0.5)=0.045
[ok] dino_first2/edit1/0041_longboard: d_max_clip=0.6938 -> m_abs_max=1.0000 mean=0.2276 clipped=0.1229% frac(m>0.5)=0.167
[ok] dino_first2/edit1/0042_gym-ball: d_max_clip=0.6490 -> m_abs_max=0.9985 mean=0.1125 clipped=0.0000% frac(m>0.5)=0.065
[ok] dino_first2/edit1/0043_parkour: d_max_clip=0.6946 -> m_abs_max=1.0000 mean=0.1141 clipped=0.0187% frac(m>0.5)=0.051
[ok] dino_first2/edit1/0044_snowboard: d_max_clip=0.5658 -> m_abs_max=0.8704 mean=0.1650 clipped=0.0000% frac(m>0.5)=0.032
[ok] dino_first2/edit1/0045_butterfly: d_max_clip=0.7804 -> m_abs_max=1.0000 mean=0.1831 clipped=4.9181% frac(m>0.5)=0.098
[ok] dino_first2/edit1/0046_blackswan: d_max_clip=0.6876 -> m_abs_max=1.0000 mean=0.1814 clipped=0.2030% frac(m>0.5)=0.066
[ok] dino_first2/edit1/0047_judo: d_max_clip=0.6686 -> m_abs_max=1.0000 mean=0.2177 clipped=0.0285% frac(m>0.5)=0.188
[ok] dino_first2/edit1/0048_hike: d_max_clip=0.6535 -> m_abs_max=1.0000 mean=0.0605 clipped=0.0071% frac(m>0.5)=0.024
[ok] dino_first2/edit1/0049_speed-skating: d_max_clip=0.5942 -> m_abs_max=0.9142 mean=0.1220 clipped=0.0000% frac(m>0.5)=0.045
[ok] dino_first2/edit1/0050_slackline: d_max_clip=0.6675 -> m_abs_max=1.0000 mean=0.0979 clipped=0.0043% frac(m>0.5)=0.048
[ok] dino_first2/edit1/0051_dogs-jump: d_max_clip=0.6853 -> m_abs_max=1.0000 mean=0.1176 clipped=0.0470% frac(m>0.5)=0.073
[ok] dino_first2/edit1/0052_mallard-fly: d_max_clip=0.7030 -> m_abs_max=1.0000 mean=0.1848 clipped=0.2457% frac(m>0.5)=0.070
[ok] dino_first2/edit1/0053_swing: d_max_clip=0.6283 -> m_abs_max=0.9666 mean=0.1175 clipped=0.0000% frac(m>0.5)=0.060
[ok] dino_first2/edit1/0054_train: d_max_clip=0.5887 -> m_abs_max=0.9057 mean=0.1165 clipped=0.0000% frac(m>0.5)=0.064
[ok] dino_first2/edit1/0055_pigs: d_max_clip=0.7040 -> m_abs_max=1.0000 mean=0.3293 clipped=0.0605% frac(m>0.5)=0.305
[ok] dino_first2/edit1/0056_kart-turn: d_max_clip=0.6980 -> m_abs_max=1.0000 mean=0.2711 clipped=0.2350% frac(m>0.5)=0.226
[ok] dino_first2/edit1/0057_dog: d_max_clip=0.7291 -> m_abs_max=1.0000 mean=0.2313 clipped=1.7564% frac(m>0.5)=0.145
[ok] dino_first2/edit1/0058_boat: d_max_clip=0.6400 -> m_abs_max=0.9846 mean=0.1419 clipped=0.0000% frac(m>0.5)=0.081
[ok] dino_first2/edit1/0059_drift-straight: d_max_clip=0.7349 -> m_abs_max=1.0000 mean=0.1418 clipped=0.0962% frac(m>0.5)=0.054
[ok] dino_first2/edit1/0060_motocross-bumps: d_max_clip=0.6080 -> m_abs_max=0.9354 mean=0.1535 clipped=0.0000% frac(m>0.5)=0.103
[ok] dino_first2/edit1/0061_mbike-santa: d_max_clip=0.6390 -> m_abs_max=0.9830 mean=0.2134 clipped=0.0000% frac(m>0.5)=0.028
[ok] dino_first2/edit1/0062_elephant: d_max_clip=0.7090 -> m_abs_max=1.0000 mean=0.2353 clipped=1.1788% frac(m>0.5)=0.135
[ok] dino_first2/edit1/0063_drift-turn: d_max_clip=0.6756 -> m_abs_max=1.0000 mean=0.1866 clipped=0.0214% frac(m>0.5)=0.098
[ok] dino_first2/edit1/0064_rollerblade: d_max_clip=0.5749 -> m_abs_max=0.8844 mean=0.0623 clipped=0.0000% frac(m>0.5)=0.025
[ok] dino_first2/edit1/0065_twist-dance: d_max_clip=0.6763 -> m_abs_max=1.0000 mean=0.0726 clipped=0.0183% frac(m>0.5)=0.046
[ok] dino_first2/edit1/0066_deer: d_max_clip=0.7257 -> m_abs_max=1.0000 mean=0.2332 clipped=1.1538% frac(m>0.5)=0.158
[ok] dino_first2/edit1/0067_mbike-trick: d_max_clip=0.5800 -> m_abs_max=0.8923 mean=0.0549 clipped=0.0000% frac(m>0.5)=0.021
[ok] dino_first2/edit1/0068_planes-water: d_max_clip=0.5639 -> m_abs_max=0.8676 mean=0.0787 clipped=0.0000% frac(m>0.5)=0.029
[ok] dino_first2/edit1/0069_car-turn: d_max_clip=0.5940 -> m_abs_max=0.9139 mean=0.0900 clipped=0.0000% frac(m>0.5)=0.048
[ok] dino_first2/edit1/0070_dance-twirl: d_max_clip=0.6807 -> m_abs_max=1.0000 mean=0.1168 clipped=0.0061% frac(m>0.5)=0.084
[ok] dino_first2/edit1/0071_mallard-water: d_max_clip=0.6452 -> m_abs_max=0.9927 mean=0.1701 clipped=0.0000% frac(m>0.5)=0.067
[ok] dino_first2/edit1/0072_dog-agility: d_max_clip=0.7135 -> m_abs_max=1.0000 mean=0.1593 clipped=0.4060% frac(m>0.5)=0.130
[ok] dino_first2/edit1/0073_bmx-rider: d_max_clip=0.6731 -> m_abs_max=1.0000 mean=0.0642 clipped=0.0031% frac(m>0.5)=0.010
[ok] dino_first2/edit1/0074_rhino: d_max_clip=0.7075 -> m_abs_max=1.0000 mean=0.3224 clipped=2.0238% frac(m>0.5)=0.276
[ok] dino_first2/edit1/0075_A_bicycle: d_max_clip=0.6904 -> m_abs_max=1.0000 mean=0.0939 clipped=0.2595% frac(m>0.5)=0.071
[ok] dino_first2/edit1/0076_A_rabbit: d_max_clip=0.7121 -> m_abs_max=1.0000 mean=0.1636 clipped=0.0397% frac(m>0.5)=0.068
[ok] dino_first2/edit1/0077_A_hawk: d_max_clip=0.7167 -> m_abs_max=1.0000 mean=0.1408 clipped=0.0611% frac(m>0.5)=0.033
[ok] dino_first2/edit1/0078_A_cat: d_max_clip=0.7464 -> m_abs_max=1.0000 mean=0.1536 clipped=0.2442% frac(m>0.5)=0.134
[ok] dino_first2/edit1/0079_A_bus: d_max_clip=0.6081 -> m_abs_max=0.9355 mean=0.1683 clipped=0.0000% frac(m>0.5)=0.102
[ok] dino_first2/edit1/0080_A_motorcycle: d_max_clip=0.5712 -> m_abs_max=0.8788 mean=0.1536 clipped=0.0000% frac(m>0.5)=0.035
[ok] dino_first2/edit1/0081_A_horse: d_max_clip=0.6818 -> m_abs_max=1.0000 mean=0.1025 clipped=0.0122% frac(m>0.5)=0.046
[ok] dino_first2/edit1/0082_A_tram: d_max_clip=0.5839 -> m_abs_max=0.8983 mean=0.0976 clipped=0.0000% frac(m>0.5)=0.023
[ok] dino_first2/edit1/0083_A_boat: d_max_clip=0.5837 -> m_abs_max=0.8980 mean=0.1547 clipped=0.0000% frac(m>0.5)=0.083
[ok] dino_first2/edit1/0084_A_squirrel: d_max_clip=0.6908 -> m_abs_max=1.0000 mean=0.1822 clipped=0.0916% frac(m>0.5)=0.148
[ok] dino_first2/edit1/0085_A_tram: d_max_clip=0.5221 -> m_abs_max=0.8032 mean=0.0990 clipped=0.0000% frac(m>0.5)=0.033
[ok] dino_first2/edit1/0086_A_red_sports_car: d_max_clip=0.7113 -> m_abs_max=1.0000 mean=0.1294 clipped=0.7234% frac(m>0.5)=0.095
[ok] dino_first2/edit1/0087_A_seagull: d_max_clip=0.6663 -> m_abs_max=1.0000 mean=0.0843 clipped=0.0031% frac(m>0.5)=0.011
[ok] dino_first2/edit1/0088_A_cyclist: d_max_clip=0.6711 -> m_abs_max=1.0000 mean=0.1865 clipped=0.0397% frac(m>0.5)=0.133
[ok] dino_first2/edit1/0089_A_dog: d_max_clip=0.7077 -> m_abs_max=1.0000 mean=0.1849 clipped=0.0885% frac(m>0.5)=0.183
[ok] dino_first2/edit1/0090_A_deer: d_max_clip=0.6466 -> m_abs_max=0.9948 mean=0.0998 clipped=0.0000% frac(m>0.5)=0.039
[ok] dino_first2/edit1/0091_A_hawk: d_max_clip=0.6305 -> m_abs_max=0.9700 mean=0.0693 clipped=0.0000% frac(m>0.5)=0.009
[ok] dino_first2/edit1/0092_A_fox: d_max_clip=0.6515 -> m_abs_max=1.0000 mean=0.0907 clipped=0.0031% frac(m>0.5)=0.014
[ok] dino_first2/edit1/0093_A_helicopter: d_max_clip=0.6812 -> m_abs_max=1.0000 mean=0.2401 clipped=0.0702% frac(m>0.5)=0.207
[ok] dino_first2/edit1/0094_A_swan: d_max_clip=0.6357 -> m_abs_max=0.9780 mean=0.1359 clipped=0.0000% frac(m>0.5)=0.052
[ok] dino_first2/edit1/0095_A_crow: d_max_clip=0.7156 -> m_abs_max=1.0000 mean=0.2340 clipped=0.2564% frac(m>0.5)=0.178
[ok] dino_first2/edit1/0096_A_car: d_max_clip=0.6027 -> m_abs_max=0.9272 mean=0.0602 clipped=0.0000% frac(m>0.5)=0.026
[ok] dino_first2/edit1/0097_A_bird: d_max_clip=0.7052 -> m_abs_max=1.0000 mean=0.1378 clipped=0.5617% frac(m>0.5)=0.099
[ok] dino_first2/edit1/0098_A_squirrel: d_max_clip=0.6616 -> m_abs_max=1.0000 mean=0.1974 clipped=0.0153% frac(m>0.5)=0.175
[ok] dino_first2/edit1/0099_A_jogger: d_max_clip=0.6049 -> m_abs_max=0.9306 mean=0.0872 clipped=0.0000% frac(m>0.5)=0.032
[ok] dino_first2/edit1/0100_A_deer: d_max_clip=0.6235 -> m_abs_max=0.9592 mean=0.1249 clipped=0.0000% frac(m>0.5)=0.070
[ok] dino_first2/edit2/0001_bus: d_max_clip=0.6736 -> m_abs_max=1.0000 mean=0.2586 clipped=0.0748% frac(m>0.5)=0.204
[ok] dino_first2/edit2/0002_girl-dog: d_max_clip=0.6476 -> m_abs_max=0.9963 mean=0.2212 clipped=0.0000% frac(m>0.5)=0.179
[ok] dino_first2/edit2/0003_ocean-birds: d_max_clip=0.7378 -> m_abs_max=1.0000 mean=0.2832 clipped=4.1168% frac(m>0.5)=0.156
[ok] dino_first2/edit2/0004_car-roundabout: d_max_clip=0.7127 -> m_abs_max=1.0000 mean=0.2057 clipped=0.6731% frac(m>0.5)=0.159
[ok] dino_first2/edit2/0005_breakdance: d_max_clip=0.7856 -> m_abs_max=1.0000 mean=0.2495 clipped=5.4029% frac(m>0.5)=0.194
[ok] dino_first2/edit2/0006_paragliding: d_max_clip=0.7795 -> m_abs_max=1.0000 mean=0.3503 clipped=13.1090% frac(m>0.5)=0.228
[ok] dino_first2/edit2/0007_guitar-violin: d_max_clip=0.8228 -> m_abs_max=1.0000 mean=0.5839 clipped=10.5342% frac(m>0.5)=0.578
[ok] dino_first2/edit2/0008_snowboard-race: d_max_clip=0.7127 -> m_abs_max=1.0000 mean=0.2013 clipped=0.3063% frac(m>0.5)=0.085
[ok] dino_first2/edit2/0009_bear: d_max_clip=0.7780 -> m_abs_max=1.0000 mean=0.4000 clipped=16.3767% frac(m>0.5)=0.275
[ok] dino_first2/edit2/0010_giant-slalom: d_max_clip=0.6243 -> m_abs_max=0.9604 mean=0.1048 clipped=0.0000% frac(m>0.5)=0.033
[ok] dino_first2/edit2/0011_lucia: d_max_clip=0.7918 -> m_abs_max=1.0000 mean=0.3243 clipped=6.1645% frac(m>0.5)=0.196
[ok] dino_first2/edit2/0012_goat: d_max_clip=0.7606 -> m_abs_max=1.0000 mean=0.2219 clipped=4.1514% frac(m>0.5)=0.111
[ok] dino_first2/edit2/0013_golf: d_max_clip=0.6573 -> m_abs_max=1.0000 mean=0.1733 clipped=0.0036% frac(m>0.5)=0.081
[ok] dino_first2/edit2/0014_burnout: d_max_clip=0.7025 -> m_abs_max=1.0000 mean=0.2197 clipped=0.9330% frac(m>0.5)=0.134
[ok] dino_first2/edit2/0015_car-shadow: d_max_clip=0.7702 -> m_abs_max=1.0000 mean=0.1873 clipped=1.1823% frac(m>0.5)=0.119
[ok] dino_first2/edit2/0016_horsejump-high: d_max_clip=0.6818 -> m_abs_max=1.0000 mean=0.1295 clipped=0.0160% frac(m>0.5)=0.068
[ok] dino_first2/edit2/0017_kid-football: d_max_clip=0.7724 -> m_abs_max=1.0000 mean=0.4128 clipped=6.2265% frac(m>0.5)=0.331
[ok] dino_first2/edit2/0018_breakdance-flare: d_max_clip=0.7437 -> m_abs_max=1.0000 mean=0.3169 clipped=6.9979% frac(m>0.5)=0.215
[ok] dino_first2/edit2/0019_tennis-vest: d_max_clip=0.6862 -> m_abs_max=1.0000 mean=0.1664 clipped=0.0427% frac(m>0.5)=0.101
[ok] dino_first2/edit2/0020_monkeys: d_max_clip=0.7407 -> m_abs_max=1.0000 mean=0.3858 clipped=4.3742% frac(m>0.5)=0.312
[ok] dino_first2/edit2/0021_landing: d_max_clip=0.7359 -> m_abs_max=1.0000 mean=0.3645 clipped=8.2906% frac(m>0.5)=0.307
[ok] dino_first2/edit2/0022_skate-jump: d_max_clip=0.6418 -> m_abs_max=0.9874 mean=0.0987 clipped=0.0000% frac(m>0.5)=0.060
[ok] dino_first2/edit2/0023_kayak-race: d_max_clip=0.6855 -> m_abs_max=1.0000 mean=0.2661 clipped=0.0812% frac(m>0.5)=0.143
[ok] dino_first2/edit2/0024_hockey: d_max_clip=0.7437 -> m_abs_max=1.0000 mean=0.1857 clipped=1.2536% frac(m>0.5)=0.117
[ok] dino_first2/edit2/0025_baseball: d_max_clip=0.6358 -> m_abs_max=0.9781 mean=0.1232 clipped=0.0000% frac(m>0.5)=0.063
[ok] dino_first2/edit2/0026_table-tennis: d_max_clip=0.6218 -> m_abs_max=0.9566 mean=0.0933 clipped=0.0000% frac(m>0.5)=0.057
[ok] dino_first2/edit2/0027_dance-jump: d_max_clip=0.7849 -> m_abs_max=1.0000 mean=0.1521 clipped=2.0855% frac(m>0.5)=0.098
[ok] dino_first2/edit2/0028_kite-walk: d_max_clip=0.6256 -> m_abs_max=0.9624 mean=0.0743 clipped=0.0000% frac(m>0.5)=0.042
[ok] dino_first2/edit2/0029_horsejump-stick: d_max_clip=0.7672 -> m_abs_max=1.0000 mean=0.2168 clipped=0.8034% frac(m>0.5)=0.118
[ok] dino_first2/edit2/0030_rallye: d_max_clip=0.7402 -> m_abs_max=1.0000 mean=0.2427 clipped=5.2831% frac(m>0.5)=0.159
[ok] dino_first2/edit2/0031_soccerball: d_max_clip=0.6001 -> m_abs_max=0.9233 mean=0.0623 clipped=0.0000% frac(m>0.5)=0.023
[ok] dino_first2/edit2/0032_mermaid: d_max_clip=0.5977 -> m_abs_max=0.9195 mean=0.2396 clipped=0.0000% frac(m>0.5)=0.075
[ok] dino_first2/edit2/0033_horsejump-low: d_max_clip=0.7257 -> m_abs_max=1.0000 mean=0.1410 clipped=0.2949% frac(m>0.5)=0.078
[ok] dino_first2/edit2/0034_cows: d_max_clip=0.7636 -> m_abs_max=1.0000 mean=0.4015 clipped=2.7137% frac(m>0.5)=0.296
[ok] dino_first2/edit2/0035_helicopter: d_max_clip=0.6914 -> m_abs_max=1.0000 mean=0.1444 clipped=0.6303% frac(m>0.5)=0.082
[ok] dino_first2/edit2/0036_camel: d_max_clip=0.7450 -> m_abs_max=1.0000 mean=0.2517 clipped=4.0995% frac(m>0.5)=0.193
[ok] dino_first2/edit2/0037_snowboard-sand: d_max_clip=0.6505 -> m_abs_max=1.0000 mean=0.1416 clipped=0.0053% frac(m>0.5)=0.065
[ok] dino_first2/edit2/0038_motorbike: d_max_clip=0.7142 -> m_abs_max=1.0000 mean=0.1039 clipped=0.1994% frac(m>0.5)=0.052
[ok] dino_first2/edit2/0039_chamaleon: d_max_clip=0.7284 -> m_abs_max=1.0000 mean=0.2842 clipped=4.2552% frac(m>0.5)=0.197
[ok] dino_first2/edit2/0040_tennis: d_max_clip=0.7554 -> m_abs_max=1.0000 mean=0.2196 clipped=1.9017% frac(m>0.5)=0.132
[ok] dino_first2/edit2/0041_longboard: d_max_clip=0.5874 -> m_abs_max=0.9037 mean=0.1102 clipped=0.0000% frac(m>0.5)=0.031
[ok] dino_first2/edit2/0042_gym-ball: d_max_clip=0.7360 -> m_abs_max=1.0000 mean=0.2109 clipped=0.5662% frac(m>0.5)=0.161
[ok] dino_first2/edit2/0043_parkour: d_max_clip=0.7765 -> m_abs_max=1.0000 mean=0.2044 clipped=2.2249% frac(m>0.5)=0.093
[ok] dino_first2/edit2/0044_snowboard: d_max_clip=0.6921 -> m_abs_max=1.0000 mean=0.3080 clipped=0.1966% frac(m>0.5)=0.200
[ok] dino_first2/edit2/0045_butterfly: d_max_clip=0.7609 -> m_abs_max=1.0000 mean=0.2072 clipped=3.2906% frac(m>0.5)=0.120
[ok] dino_first2/edit2/0046_blackswan: d_max_clip=0.7646 -> m_abs_max=1.0000 mean=0.4269 clipped=8.6645% frac(m>0.5)=0.325
[ok] dino_first2/edit2/0047_judo: d_max_clip=0.5890 -> m_abs_max=0.9061 mean=0.2260 clipped=0.0000% frac(m>0.5)=0.183
[ok] dino_first2/edit2/0048_hike: d_max_clip=0.7065 -> m_abs_max=1.0000 mean=0.1241 clipped=0.8120% frac(m>0.5)=0.076
[ok] dino_first2/edit2/0049_speed-skating: d_max_clip=0.5602 -> m_abs_max=0.8618 mean=0.1250 clipped=0.0000% frac(m>0.5)=0.028
[ok] dino_first2/edit2/0050_slackline: d_max_clip=0.7354 -> m_abs_max=1.0000 mean=0.1800 clipped=1.4060% frac(m>0.5)=0.114
[ok] dino_first2/edit2/0051_dogs-jump: d_max_clip=0.7135 -> m_abs_max=1.0000 mean=0.1821 clipped=0.1923% frac(m>0.5)=0.120
[ok] dino_first2/edit2/0052_mallard-fly: d_max_clip=0.7075 -> m_abs_max=1.0000 mean=0.1894 clipped=0.6019% frac(m>0.5)=0.075
[ok] dino_first2/edit2/0053_swing: d_max_clip=0.6506 -> m_abs_max=1.0000 mean=0.1462 clipped=0.0043% frac(m>0.5)=0.072
[ok] dino_first2/edit2/0054_train: d_max_clip=0.6009 -> m_abs_max=0.9244 mean=0.1844 clipped=0.0000% frac(m>0.5)=0.188
[ok] dino_first2/edit2/0055_pigs: d_max_clip=0.7031 -> m_abs_max=1.0000 mean=0.4782 clipped=1.0399% frac(m>0.5)=0.450
[ok] dino_first2/edit2/0056_kart-turn: d_max_clip=0.6359 -> m_abs_max=0.9784 mean=0.2061 clipped=0.0000% frac(m>0.5)=0.203
[ok] dino_first2/edit2/0057_dog: d_max_clip=0.7168 -> m_abs_max=1.0000 mean=0.2426 clipped=1.5812% frac(m>0.5)=0.157
[ok] dino_first2/edit2/0058_boat: d_max_clip=0.6566 -> m_abs_max=1.0000 mean=0.1245 clipped=0.0107% frac(m>0.5)=0.077
[ok] dino_first2/edit2/0059_drift-straight: d_max_clip=0.6738 -> m_abs_max=1.0000 mean=0.1844 clipped=0.0160% frac(m>0.5)=0.118
[ok] dino_first2/edit2/0060_motocross-bumps: d_max_clip=0.7190 -> m_abs_max=1.0000 mean=0.2822 clipped=1.2778% frac(m>0.5)=0.186
[ok] dino_first2/edit2/0061_mbike-santa: d_max_clip=0.6686 -> m_abs_max=1.0000 mean=0.3524 clipped=0.0684% frac(m>0.5)=0.163
[ok] dino_first2/edit2/0062_elephant: d_max_clip=0.8421 -> m_abs_max=1.0000 mean=0.3307 clipped=11.9231% frac(m>0.5)=0.213
[ok] dino_first2/edit2/0063_drift-turn: d_max_clip=0.6924 -> m_abs_max=1.0000 mean=0.2212 clipped=0.2222% frac(m>0.5)=0.140
[ok] dino_first2/edit2/0064_rollerblade: d_max_clip=0.6334 -> m_abs_max=0.9744 mean=0.0913 clipped=0.0000% frac(m>0.5)=0.056
[ok] dino_first2/edit2/0065_twist-dance: d_max_clip=0.6461 -> m_abs_max=0.9940 mean=0.0846 clipped=0.0000% frac(m>0.5)=0.047
[ok] dino_first2/edit2/0066_deer: d_max_clip=0.7542 -> m_abs_max=1.0000 mean=0.3830 clipped=5.3348% frac(m>0.5)=0.298
[ok] dino_first2/edit2/0067_mbike-trick: d_max_clip=0.6933 -> m_abs_max=1.0000 mean=0.1352 clipped=0.2208% frac(m>0.5)=0.086
[ok] dino_first2/edit2/0068_planes-water: d_max_clip=0.6381 -> m_abs_max=0.9816 mean=0.2070 clipped=0.0000% frac(m>0.5)=0.143
[ok] dino_first2/edit2/0069_car-turn: d_max_clip=0.7073 -> m_abs_max=1.0000 mean=0.1407 clipped=0.2635% frac(m>0.5)=0.097
[ok] dino_first2/edit2/0070_dance-twirl: d_max_clip=0.6826 -> m_abs_max=1.0000 mean=0.1261 clipped=0.0061% frac(m>0.5)=0.092
[ok] dino_first2/edit2/0071_mallard-water: d_max_clip=0.6797 -> m_abs_max=1.0000 mean=0.1831 clipped=0.0463% frac(m>0.5)=0.062
[ok] dino_first2/edit2/0072_dog-agility: d_max_clip=0.7552 -> m_abs_max=1.0000 mean=0.2076 clipped=1.3782% frac(m>0.5)=0.163
[ok] dino_first2/edit2/0073_bmx-rider: d_max_clip=0.6182 -> m_abs_max=0.9510 mean=0.0725 clipped=0.0000% frac(m>0.5)=0.016
[ok] dino_first2/edit2/0074_rhino: d_max_clip=0.7249 -> m_abs_max=1.0000 mean=0.3514 clipped=2.3107% frac(m>0.5)=0.267
[ok] dino_first2/edit2/0075_A_bicycle: d_max_clip=0.7025 -> m_abs_max=1.0000 mean=0.1296 clipped=0.7601% frac(m>0.5)=0.095
[ok] dino_first2/edit2/0076_A_rabbit: d_max_clip=0.7728 -> m_abs_max=1.0000 mean=0.3032 clipped=3.9805% frac(m>0.5)=0.159
[ok] dino_first2/edit2/0077_A_hawk: d_max_clip=0.7157 -> m_abs_max=1.0000 mean=0.1682 clipped=0.3114% frac(m>0.5)=0.051
[ok] dino_first2/edit2/0078_A_cat: d_max_clip=0.6508 -> m_abs_max=1.0000 mean=0.1371 clipped=0.0031% frac(m>0.5)=0.117
[ok] dino_first2/edit2/0079_A_bus: d_max_clip=0.6003 -> m_abs_max=0.9235 mean=0.2169 clipped=0.0000% frac(m>0.5)=0.131
[ok] dino_first2/edit2/0080_A_motorcycle: d_max_clip=0.6290 -> m_abs_max=0.9677 mean=0.1511 clipped=0.0000% frac(m>0.5)=0.039
[ok] dino_first2/edit2/0081_A_horse: d_max_clip=0.7927 -> m_abs_max=1.0000 mean=0.3551 clipped=9.3773% frac(m>0.5)=0.268
[ok] dino_first2/edit2/0082_A_tram: d_max_clip=0.6901 -> m_abs_max=1.0000 mean=0.2781 clipped=0.3175% frac(m>0.5)=0.283
[ok] dino_first2/edit2/0083_A_boat: d_max_clip=0.6784 -> m_abs_max=1.0000 mean=0.1672 clipped=0.0519% frac(m>0.5)=0.076
[ok] dino_first2/edit2/0084_A_squirrel: d_max_clip=0.6917 -> m_abs_max=1.0000 mean=0.1670 clipped=0.0519% frac(m>0.5)=0.124
[ok] dino_first2/edit2/0085_A_tram: d_max_clip=0.7335 -> m_abs_max=1.0000 mean=0.2445 clipped=2.0879% frac(m>0.5)=0.247
[ok] dino_first2/edit2/0086_A_red_sports_car: d_max_clip=0.7938 -> m_abs_max=1.0000 mean=0.1859 clipped=3.8797% frac(m>0.5)=0.098
[ok] dino_first2/edit2/0087_A_seagull: d_max_clip=0.6714 -> m_abs_max=1.0000 mean=0.0958 clipped=0.0031% frac(m>0.5)=0.021
[ok] dino_first2/edit2/0088_A_cyclist: d_max_clip=0.6669 -> m_abs_max=1.0000 mean=0.1473 clipped=0.0244% frac(m>0.5)=0.095
[ok] dino_first2/edit2/0089_A_dog: d_max_clip=0.7206 -> m_abs_max=1.0000 mean=0.2487 clipped=0.5433% frac(m>0.5)=0.230
[ok] dino_first2/edit2/0090_A_deer: d_max_clip=0.7503 -> m_abs_max=1.0000 mean=0.2166 clipped=0.9860% frac(m>0.5)=0.106
[ok] dino_first2/edit2/0091_A_hawk: d_max_clip=0.6735 -> m_abs_max=1.0000 mean=0.1068 clipped=0.0702% frac(m>0.5)=0.024
[ok] dino_first2/edit2/0092_A_fox: d_max_clip=0.7595 -> m_abs_max=1.0000 mean=0.2478 clipped=1.5079% frac(m>0.5)=0.137
[ok] dino_first2/edit2/0093_A_helicopter: d_max_clip=0.6919 -> m_abs_max=1.0000 mean=0.3014 clipped=0.5220% frac(m>0.5)=0.241
[ok] dino_first2/edit2/0094_A_swan: d_max_clip=0.7319 -> m_abs_max=1.0000 mean=0.2347 clipped=2.8846% frac(m>0.5)=0.103
[ok] dino_first2/edit2/0095_A_crow: d_max_clip=0.7722 -> m_abs_max=1.0000 mean=0.3366 clipped=7.5336% frac(m>0.5)=0.264
[ok] dino_first2/edit2/0096_A_car: d_max_clip=0.6841 -> m_abs_max=1.0000 mean=0.4254 clipped=0.1099% frac(m>0.5)=0.322
[ok] dino_first2/edit2/0097_A_bird: d_max_clip=0.7082 -> m_abs_max=1.0000 mean=0.2022 clipped=0.5983% frac(m>0.5)=0.134
[ok] dino_first2/edit2/0098_A_squirrel: d_max_clip=0.7013 -> m_abs_max=1.0000 mean=0.3282 clipped=2.2253% frac(m>0.5)=0.291
[ok] dino_first2/edit2/0099_A_jogger: d_max_clip=0.6734 -> m_abs_max=1.0000 mean=0.1122 clipped=0.0061% frac(m>0.5)=0.056
[ok] dino_first2/edit2/0100_A_deer: d_max_clip=0.6530 -> m_abs_max=1.0000 mean=0.1726 clipped=0.0061% frac(m>0.5)=0.099
[ok] dino_first2/edit3/0001_bus: d_max_clip=0.3327 -> m_abs_max=0.5119 mean=0.0643 clipped=0.0000% frac(m>0.5)=0.000
[ok] dino_first2/edit3/0002_girl-dog: d_max_clip=0.6991 -> m_abs_max=1.0000 mean=0.0722 clipped=0.1587% frac(m>0.5)=0.035
[ok] dino_first2/edit3/0003_ocean-birds: d_max_clip=0.6327 -> m_abs_max=0.9734 mean=0.1029 clipped=0.0000% frac(m>0.5)=0.035
[ok] dino_first2/edit3/0004_car-roundabout: d_max_clip=0.5955 -> m_abs_max=0.9161 mean=0.0723 clipped=0.0000% frac(m>0.5)=0.006
[ok] dino_first2/edit3/0005_breakdance: d_max_clip=0.6587 -> m_abs_max=1.0000 mean=0.0805 clipped=0.0061% frac(m>0.5)=0.023
[ok] dino_first2/edit3/0006_paragliding: d_max_clip=0.6145 -> m_abs_max=0.9453 mean=0.0488 clipped=0.0000% frac(m>0.5)=0.008
[ok] dino_first2/edit3/0007_guitar-violin: d_max_clip=0.6758 -> m_abs_max=1.0000 mean=0.0816 clipped=0.0107% frac(m>0.5)=0.019
[ok] dino_first2/edit3/0008_snowboard-race: d_max_clip=0.6475 -> m_abs_max=0.9961 mean=0.0868 clipped=0.0000% frac(m>0.5)=0.018
[ok] dino_first2/edit3/0009_bear: d_max_clip=0.6589 -> m_abs_max=1.0000 mean=0.0907 clipped=0.0061% frac(m>0.5)=0.018
[ok] dino_first2/edit3/0010_giant-slalom: d_max_clip=0.5435 -> m_abs_max=0.8362 mean=0.0309 clipped=0.0000% frac(m>0.5)=0.004
[ok] dino_first2/edit3/0011_lucia: d_max_clip=0.5076 -> m_abs_max=0.7809 mean=0.0492 clipped=0.0000% frac(m>0.5)=0.004
[ok] dino_first2/edit3/0012_goat: d_max_clip=0.7275 -> m_abs_max=1.0000 mean=0.1427 clipped=0.5311% frac(m>0.5)=0.056
[ok] dino_first2/edit3/0013_golf: d_max_clip=0.5099 -> m_abs_max=0.7845 mean=0.0346 clipped=0.0000% frac(m>0.5)=0.007
[ok] dino_first2/edit3/0014_burnout: d_max_clip=0.6336 -> m_abs_max=0.9747 mean=0.0922 clipped=0.0000% frac(m>0.5)=0.020
[ok] dino_first2/edit3/0015_car-shadow: d_max_clip=0.6544 -> m_abs_max=1.0000 mean=0.0560 clipped=0.0071% frac(m>0.5)=0.011
[ok] dino_first2/edit3/0016_horsejump-high: d_max_clip=0.5862 -> m_abs_max=0.9018 mean=0.0558 clipped=0.0000% frac(m>0.5)=0.009
[ok] dino_first2/edit3/0017_kid-football: d_max_clip=0.5371 -> m_abs_max=0.8263 mean=0.0486 clipped=0.0000% frac(m>0.5)=0.005
[ok] dino_first2/edit3/0018_breakdance-flare: d_max_clip=0.6745 -> m_abs_max=1.0000 mean=0.0877 clipped=0.0392% frac(m>0.5)=0.045
[ok] dino_first2/edit3/0019_tennis-vest: d_max_clip=0.5416 -> m_abs_max=0.8332 mean=0.0408 clipped=0.0000% frac(m>0.5)=0.004
[ok] dino_first2/edit3/0020_monkeys: d_max_clip=0.5970 -> m_abs_max=0.9185 mean=0.1164 clipped=0.0000% frac(m>0.5)=0.036
[ok] dino_first2/edit3/0021_landing: d_max_clip=0.6230 -> m_abs_max=0.9585 mean=0.1036 clipped=0.0000% frac(m>0.5)=0.046
[ok] dino_first2/edit3/0022_skate-jump: d_max_clip=0.6134 -> m_abs_max=0.9436 mean=0.0410 clipped=0.0000% frac(m>0.5)=0.014
[ok] dino_first2/edit3/0023_kayak-race: d_max_clip=0.5726 -> m_abs_max=0.8810 mean=0.0843 clipped=0.0000% frac(m>0.5)=0.008
[ok] dino_first2/edit3/0024_hockey: d_max_clip=0.6250 -> m_abs_max=0.9616 mean=0.0579 clipped=0.0000% frac(m>0.5)=0.019
[ok] dino_first2/edit3/0025_baseball: d_max_clip=0.4981 -> m_abs_max=0.7664 mean=0.0738 clipped=0.0000% frac(m>0.5)=0.007
[ok] dino_first2/edit3/0026_table-tennis: d_max_clip=0.5075 -> m_abs_max=0.7808 mean=0.0842 clipped=0.0000% frac(m>0.5)=0.007
[ok] dino_first2/edit3/0027_dance-jump: d_max_clip=0.6654 -> m_abs_max=1.0000 mean=0.2054 clipped=0.0256% frac(m>0.5)=0.074
[ok] dino_first2/edit3/0028_kite-walk: d_max_clip=0.3726 -> m_abs_max=0.5733 mean=0.0149 clipped=0.0000% frac(m>0.5)=0.000
[ok] dino_first2/edit3/0029_horsejump-stick: d_max_clip=0.6950 -> m_abs_max=1.0000 mean=0.1418 clipped=0.2265% frac(m>0.5)=0.071
[ok] dino_first2/edit3/0030_rallye: d_max_clip=0.6499 -> m_abs_max=0.9999 mean=0.0464 clipped=0.0000% frac(m>0.5)=0.017
[ok] dino_first2/edit3/0031_soccerball: d_max_clip=0.5247 -> m_abs_max=0.8072 mean=0.0376 clipped=0.0000% frac(m>0.5)=0.008
[ok] dino_first2/edit3/0032_mermaid: d_max_clip=0.5730 -> m_abs_max=0.8816 mean=0.2194 clipped=0.0000% frac(m>0.5)=0.067
[ok] dino_first2/edit3/0033_horsejump-low: d_max_clip=0.6847 -> m_abs_max=1.0000 mean=0.0957 clipped=0.0342% frac(m>0.5)=0.037
[ok] dino_first2/edit3/0034_cows: d_max_clip=0.6851 -> m_abs_max=1.0000 mean=0.0849 clipped=0.1603% frac(m>0.5)=0.020
[ok] dino_first2/edit3/0035_helicopter: d_max_clip=0.4770 -> m_abs_max=0.7339 mean=0.0472 clipped=0.0000% frac(m>0.5)=0.002
[ok] dino_first2/edit3/0036_camel: d_max_clip=0.6224 -> m_abs_max=0.9575 mean=0.0895 clipped=0.0000% frac(m>0.5)=0.025
[ok] dino_first2/edit3/0037_snowboard-sand: d_max_clip=0.5698 -> m_abs_max=0.8767 mean=0.0693 clipped=0.0000% frac(m>0.5)=0.009
[ok] dino_first2/edit3/0038_motorbike: d_max_clip=0.5142 -> m_abs_max=0.7911 mean=0.0514 clipped=0.0000% frac(m>0.5)=0.004
[ok] dino_first2/edit3/0039_chamaleon: d_max_clip=0.6294 -> m_abs_max=0.9684 mean=0.1394 clipped=0.0000% frac(m>0.5)=0.085
[ok] dino_first2/edit3/0040_tennis: d_max_clip=0.6098 -> m_abs_max=0.9382 mean=0.0710 clipped=0.0000% frac(m>0.5)=0.024
[ok] dino_first2/edit3/0041_longboard: d_max_clip=0.4418 -> m_abs_max=0.6798 mean=0.0423 clipped=0.0000% frac(m>0.5)=0.001
[ok] dino_first2/edit3/0042_gym-ball: d_max_clip=0.5425 -> m_abs_max=0.8347 mean=0.0726 clipped=0.0000% frac(m>0.5)=0.011
[ok] dino_first2/edit3/0043_parkour: d_max_clip=0.6289 -> m_abs_max=0.9675 mean=0.0907 clipped=0.0000% frac(m>0.5)=0.029
[ok] dino_first2/edit3/0044_snowboard: d_max_clip=0.5477 -> m_abs_max=0.8426 mean=0.1320 clipped=0.0000% frac(m>0.5)=0.021
[ok] dino_first2/edit3/0045_butterfly: d_max_clip=0.7737 -> m_abs_max=1.0000 mean=0.0826 clipped=1.0043% frac(m>0.5)=0.045
[ok] dino_first2/edit3/0046_blackswan: d_max_clip=0.6327 -> m_abs_max=0.9734 mean=0.1260 clipped=0.0000% frac(m>0.5)=0.018
[ok] dino_first2/edit3/0047_judo: d_max_clip=0.5263 -> m_abs_max=0.8097 mean=0.0827 clipped=0.0000% frac(m>0.5)=0.018
[ok] dino_first2/edit3/0048_hike: d_max_clip=0.5683 -> m_abs_max=0.8742 mean=0.0389 clipped=0.0000% frac(m>0.5)=0.007
[ok] dino_first2/edit3/0049_speed-skating: d_max_clip=0.5376 -> m_abs_max=0.8270 mean=0.0847 clipped=0.0000% frac(m>0.5)=0.014
[ok] dino_first2/edit3/0050_slackline: d_max_clip=0.6802 -> m_abs_max=1.0000 mean=0.1001 clipped=0.0085% frac(m>0.5)=0.057
[ok] dino_first2/edit3/0051_dogs-jump: d_max_clip=0.6025 -> m_abs_max=0.9270 mean=0.0698 clipped=0.0000% frac(m>0.5)=0.024
[ok] dino_first2/edit3/0052_mallard-fly: d_max_clip=0.6749 -> m_abs_max=1.0000 mean=0.1269 clipped=0.0214% frac(m>0.5)=0.035
[ok] dino_first2/edit3/0053_swing: d_max_clip=0.6437 -> m_abs_max=0.9903 mean=0.0936 clipped=0.0000% frac(m>0.5)=0.039
[ok] dino_first2/edit3/0054_train: d_max_clip=0.5430 -> m_abs_max=0.8354 mean=0.1007 clipped=0.0000% frac(m>0.5)=0.031
[ok] dino_first2/edit3/0055_pigs: d_max_clip=0.6084 -> m_abs_max=0.9360 mean=0.1390 clipped=0.0000% frac(m>0.5)=0.038
[ok] dino_first2/edit3/0056_kart-turn: d_max_clip=0.5742 -> m_abs_max=0.8834 mean=0.1191 clipped=0.0000% frac(m>0.5)=0.047
[ok] dino_first2/edit3/0057_dog: d_max_clip=0.7501 -> m_abs_max=1.0000 mean=0.2105 clipped=0.7991% frac(m>0.5)=0.140
[ok] dino_first2/edit3/0058_boat: d_max_clip=0.5952 -> m_abs_max=0.9158 mean=0.0470 clipped=0.0000% frac(m>0.5)=0.006
[ok] dino_first2/edit3/0059_drift-straight: d_max_clip=0.7019 -> m_abs_max=1.0000 mean=0.1443 clipped=0.1068% frac(m>0.5)=0.074
[ok] dino_first2/edit3/0060_motocross-bumps: d_max_clip=0.5211 -> m_abs_max=0.8017 mean=0.1106 clipped=0.0000% frac(m>0.5)=0.032
[ok] dino_first2/edit3/0061_mbike-santa: d_max_clip=0.6397 -> m_abs_max=0.9841 mean=0.2357 clipped=0.0000% frac(m>0.5)=0.055
[ok] dino_first2/edit3/0062_elephant: d_max_clip=0.6650 -> m_abs_max=1.0000 mean=0.1199 clipped=0.0036% frac(m>0.5)=0.018
[ok] dino_first2/edit3/0063_drift-turn: d_max_clip=0.7076 -> m_abs_max=1.0000 mean=0.2044 clipped=0.0983% frac(m>0.5)=0.122
[ok] dino_first2/edit3/0064_rollerblade: d_max_clip=0.5510 -> m_abs_max=0.8477 mean=0.0440 clipped=0.0000% frac(m>0.5)=0.008
[ok] dino_first2/edit3/0065_twist-dance: d_max_clip=0.5754 -> m_abs_max=0.8852 mean=0.0482 clipped=0.0000% frac(m>0.5)=0.010
[ok] dino_first2/edit3/0066_deer: d_max_clip=0.7633 -> m_abs_max=1.0000 mean=0.2081 clipped=0.9972% frac(m>0.5)=0.134
[ok] dino_first2/edit3/0067_mbike-trick: d_max_clip=0.5708 -> m_abs_max=0.8781 mean=0.0424 clipped=0.0000% frac(m>0.5)=0.013
[ok] dino_first2/edit3/0068_planes-water: d_max_clip=0.2626 -> m_abs_max=0.4039 mean=0.0259 clipped=0.0000% frac(m>0.5)=0.000
[ok] dino_first2/edit3/0069_car-turn: d_max_clip=0.5704 -> m_abs_max=0.8776 mean=0.0737 clipped=0.0000% frac(m>0.5)=0.020
[ok] dino_first2/edit3/0070_dance-twirl: d_max_clip=0.6011 -> m_abs_max=0.9248 mean=0.0908 clipped=0.0000% frac(m>0.5)=0.050
[ok] dino_first2/edit3/0071_mallard-water: d_max_clip=0.6135 -> m_abs_max=0.9439 mean=0.0944 clipped=0.0000% frac(m>0.5)=0.009
[ok] dino_first2/edit3/0072_dog-agility: d_max_clip=0.5551 -> m_abs_max=0.8539 mean=0.1072 clipped=0.0000% frac(m>0.5)=0.050
[ok] dino_first2/edit3/0073_bmx-rider: d_max_clip=0.6027 -> m_abs_max=0.9272 mean=0.0698 clipped=0.0000% frac(m>0.5)=0.014
[ok] dino_first2/edit3/0074_rhino: d_max_clip=0.5610 -> m_abs_max=0.8631 mean=0.0603 clipped=0.0000% frac(m>0.5)=0.008
[ok] dino_first2/edit3/0075_A_bicycle: d_max_clip=0.5731 -> m_abs_max=0.8817 mean=0.0305 clipped=0.0000% frac(m>0.5)=0.005
[ok] dino_first2/edit3/0076_A_rabbit: d_max_clip=0.7139 -> m_abs_max=1.0000 mean=0.1413 clipped=0.1099% frac(m>0.5)=0.048
[ok] dino_first2/edit3/0077_A_hawk: d_max_clip=0.6607 -> m_abs_max=1.0000 mean=0.0811 clipped=0.0092% frac(m>0.5)=0.015
[ok] dino_first2/edit3/0078_A_cat: d_max_clip=0.5902 -> m_abs_max=0.9080 mean=0.0412 clipped=0.0000% frac(m>0.5)=0.005
[ok] dino_first2/edit3/0079_A_bus: d_max_clip=0.4515 -> m_abs_max=0.6946 mean=0.0969 clipped=0.0000% frac(m>0.5)=0.003
[ok] dino_first2/edit3/0080_A_motorcycle: d_max_clip=0.5747 -> m_abs_max=0.8841 mean=0.1095 clipped=0.0000% frac(m>0.5)=0.005
[ok] dino_first2/edit3/0081_A_horse: d_max_clip=0.6126 -> m_abs_max=0.9424 mean=0.0547 clipped=0.0000% frac(m>0.5)=0.008
[ok] dino_first2/edit3/0082_A_tram: d_max_clip=0.6337 -> m_abs_max=0.9749 mean=0.0845 clipped=0.0000% frac(m>0.5)=0.024
[ok] dino_first2/edit3/0083_A_boat: d_max_clip=0.4930 -> m_abs_max=0.7584 mean=0.0561 clipped=0.0000% frac(m>0.5)=0.005
[ok] dino_first2/edit3/0084_A_squirrel: d_max_clip=0.6278 -> m_abs_max=0.9658 mean=0.1158 clipped=0.0000% frac(m>0.5)=0.062
[ok] dino_first2/edit3/0085_A_tram: d_max_clip=0.4953 -> m_abs_max=0.7620 mean=0.0664 clipped=0.0000% frac(m>0.5)=0.007
[ok] dino_first2/edit3/0086_A_red_sports_car: d_max_clip=0.7055 -> m_abs_max=1.0000 mean=0.0522 clipped=0.0305% frac(m>0.5)=0.012
[ok] dino_first2/edit3/0087_A_seagull: d_max_clip=0.5674 -> m_abs_max=0.8729 mean=0.0403 clipped=0.0000% frac(m>0.5)=0.002
[ok] dino_first2/edit3/0088_A_cyclist: d_max_clip=0.5492 -> m_abs_max=0.8450 mean=0.0519 clipped=0.0000% frac(m>0.5)=0.010
[ok] dino_first2/edit3/0089_A_dog: d_max_clip=0.6514 -> m_abs_max=1.0000 mean=0.0929 clipped=0.0031% frac(m>0.5)=0.026
[ok] dino_first2/edit3/0090_A_deer: d_max_clip=0.6203 -> m_abs_max=0.9544 mean=0.0642 clipped=0.0000% frac(m>0.5)=0.011
[ok] dino_first2/edit3/0091_A_hawk: d_max_clip=0.6517 -> m_abs_max=1.0000 mean=0.0539 clipped=0.0031% frac(m>0.5)=0.004
[ok] dino_first2/edit3/0092_A_fox: d_max_clip=0.6469 -> m_abs_max=0.9953 mean=0.0774 clipped=0.0000% frac(m>0.5)=0.007
[ok] dino_first2/edit3/0093_A_helicopter: d_max_clip=0.6036 -> m_abs_max=0.9286 mean=0.1442 clipped=0.0000% frac(m>0.5)=0.015
[ok] dino_first2/edit3/0094_A_swan: d_max_clip=0.6018 -> m_abs_max=0.9258 mean=0.0899 clipped=0.0000% frac(m>0.5)=0.016
[ok] dino_first2/edit3/0095_A_crow: d_max_clip=0.5692 -> m_abs_max=0.8757 mean=0.0308 clipped=0.0000% frac(m>0.5)=0.002
[ok] dino_first2/edit3/0096_A_car: d_max_clip=0.6499 -> m_abs_max=0.9998 mean=0.0463 clipped=0.0000% frac(m>0.5)=0.008
[ok] dino_first2/edit3/0097_A_bird: d_max_clip=0.5592 -> m_abs_max=0.8603 mean=0.0556 clipped=0.0000% frac(m>0.5)=0.010
[ok] dino_first2/edit3/0098_A_squirrel: d_max_clip=0.5857 -> m_abs_max=0.9011 mean=0.0434 clipped=0.0000% frac(m>0.5)=0.006
[ok] dino_first2/edit3/0099_A_jogger: d_max_clip=0.5257 -> m_abs_max=0.8087 mean=0.0466 clipped=0.0000% frac(m>0.5)=0.003
[ok] dino_first2/edit3/0100_A_deer: d_max_clip=0.6091 -> m_abs_max=0.9371 mean=0.0689 clipped=0.0000% frac(m>0.5)=0.022
[ok] dino_first2/edit4/0001_bus: d_max_clip=0.5415 -> m_abs_max=0.8331 mean=0.1223 clipped=0.0000% frac(m>0.5)=0.020
[ok] dino_first2/edit4/0002_girl-dog: d_max_clip=0.5671 -> m_abs_max=0.8725 mean=0.0882 clipped=0.0000% frac(m>0.5)=0.020
[ok] dino_first2/edit4/0003_ocean-birds: d_max_clip=0.6177 -> m_abs_max=0.9503 mean=0.0957 clipped=0.0000% frac(m>0.5)=0.032
[ok] dino_first2/edit4/0004_car-roundabout: d_max_clip=0.5984 -> m_abs_max=0.9207 mean=0.0686 clipped=0.0000% frac(m>0.5)=0.005
[ok] dino_first2/edit4/0005_breakdance: d_max_clip=0.6685 -> m_abs_max=1.0000 mean=0.1209 clipped=0.0122% frac(m>0.5)=0.066
[ok] dino_first2/edit4/0006_paragliding: d_max_clip=0.6175 -> m_abs_max=0.9500 mean=0.0461 clipped=0.0000% frac(m>0.5)=0.008
[ok] dino_first2/edit4/0007_guitar-violin: d_max_clip=0.7054 -> m_abs_max=1.0000 mean=0.3331 clipped=0.5075% frac(m>0.5)=0.358
[ok] dino_first2/edit4/0008_snowboard-race: d_max_clip=0.6934 -> m_abs_max=1.0000 mean=0.1325 clipped=0.0249% frac(m>0.5)=0.050
[ok] dino_first2/edit4/0009_bear: d_max_clip=0.5464 -> m_abs_max=0.8406 mean=0.0659 clipped=0.0000% frac(m>0.5)=0.005
[ok] dino_first2/edit4/0010_giant-slalom: d_max_clip=0.5849 -> m_abs_max=0.8998 mean=0.0914 clipped=0.0000% frac(m>0.5)=0.025
[ok] dino_first2/edit4/0011_lucia: d_max_clip=0.6088 -> m_abs_max=0.9367 mean=0.0894 clipped=0.0000% frac(m>0.5)=0.026
[ok] dino_first2/edit4/0012_goat: d_max_clip=0.7268 -> m_abs_max=1.0000 mean=0.1592 clipped=0.3968% frac(m>0.5)=0.086
[ok] dino_first2/edit4/0013_golf: d_max_clip=0.5628 -> m_abs_max=0.8659 mean=0.0404 clipped=0.0000% frac(m>0.5)=0.012
[ok] dino_first2/edit4/0014_burnout: d_max_clip=0.6485 -> m_abs_max=0.9978 mean=0.0843 clipped=0.0000% frac(m>0.5)=0.014
[ok] dino_first2/edit4/0015_car-shadow: d_max_clip=0.7006 -> m_abs_max=1.0000 mean=0.2018 clipped=0.2991% frac(m>0.5)=0.150
[ok] dino_first2/edit4/0016_horsejump-high: d_max_clip=0.5780 -> m_abs_max=0.8892 mean=0.0680 clipped=0.0000% frac(m>0.5)=0.013
[ok] dino_first2/edit4/0017_kid-football: d_max_clip=0.5370 -> m_abs_max=0.8261 mean=0.1213 clipped=0.0000% frac(m>0.5)=0.019
[ok] dino_first2/edit4/0018_breakdance-flare: d_max_clip=0.6837 -> m_abs_max=1.0000 mean=0.1122 clipped=0.0499% frac(m>0.5)=0.060
[ok] dino_first2/edit4/0019_tennis-vest: d_max_clip=0.5025 -> m_abs_max=0.7731 mean=0.0362 clipped=0.0000% frac(m>0.5)=0.003
[ok] dino_first2/edit4/0020_monkeys: d_max_clip=0.6278 -> m_abs_max=0.9658 mean=0.1787 clipped=0.0000% frac(m>0.5)=0.091
[ok] dino_first2/edit4/0021_landing: d_max_clip=0.6595 -> m_abs_max=1.0000 mean=0.2249 clipped=0.0783% frac(m>0.5)=0.158
[ok] dino_first2/edit4/0022_skate-jump: d_max_clip=0.5782 -> m_abs_max=0.8895 mean=0.0373 clipped=0.0000% frac(m>0.5)=0.013
[ok] dino_first2/edit4/0023_kayak-race: d_max_clip=0.6318 -> m_abs_max=0.9720 mean=0.1341 clipped=0.0000% frac(m>0.5)=0.028
[ok] dino_first2/edit4/0024_hockey: d_max_clip=0.5707 -> m_abs_max=0.8780 mean=0.0479 clipped=0.0000% frac(m>0.5)=0.010
[ok] dino_first2/edit4/0025_baseball: d_max_clip=0.5396 -> m_abs_max=0.8302 mean=0.0997 clipped=0.0000% frac(m>0.5)=0.029
[ok] dino_first2/edit4/0026_table-tennis: d_max_clip=0.5789 -> m_abs_max=0.8906 mean=0.0716 clipped=0.0000% frac(m>0.5)=0.039
[ok] dino_first2/edit4/0027_dance-jump: d_max_clip=0.6339 -> m_abs_max=0.9753 mean=0.0955 clipped=0.0000% frac(m>0.5)=0.035
[ok] dino_first2/edit4/0028_kite-walk: d_max_clip=0.5582 -> m_abs_max=0.8588 mean=0.0536 clipped=0.0000% frac(m>0.5)=0.014
[ok] dino_first2/edit4/0029_horsejump-stick: d_max_clip=0.6670 -> m_abs_max=1.0000 mean=0.1313 clipped=0.0171% frac(m>0.5)=0.045
[ok] dino_first2/edit4/0030_rallye: d_max_clip=0.7727 -> m_abs_max=1.0000 mean=0.2121 clipped=4.7222% frac(m>0.5)=0.128
[ok] dino_first2/edit4/0031_soccerball: d_max_clip=0.5671 -> m_abs_max=0.8725 mean=0.0321 clipped=0.0000% frac(m>0.5)=0.005
[ok] dino_first2/edit4/0032_mermaid: d_max_clip=0.6251 -> m_abs_max=0.9617 mean=0.2720 clipped=0.0000% frac(m>0.5)=0.115
[ok] dino_first2/edit4/0033_horsejump-low: d_max_clip=0.6787 -> m_abs_max=1.0000 mean=0.0815 clipped=0.0214% frac(m>0.5)=0.024
[ok] dino_first2/edit4/0034_cows: d_max_clip=0.6774 -> m_abs_max=1.0000 mean=0.0620 clipped=0.0507% frac(m>0.5)=0.016
[ok] dino_first2/edit4/0035_helicopter: d_max_clip=0.5882 -> m_abs_max=0.9049 mean=0.0652 clipped=0.0000% frac(m>0.5)=0.015
[ok] dino_first2/edit4/0036_camel: d_max_clip=0.6378 -> m_abs_max=0.9813 mean=0.1728 clipped=0.0000% frac(m>0.5)=0.109
[ok] dino_first2/edit4/0037_snowboard-sand: d_max_clip=0.5670 -> m_abs_max=0.8724 mean=0.1447 clipped=0.0000% frac(m>0.5)=0.049
[ok] dino_first2/edit4/0038_motorbike: d_max_clip=0.5958 -> m_abs_max=0.9167 mean=0.0664 clipped=0.0000% frac(m>0.5)=0.013
[ok] dino_first2/edit4/0039_chamaleon: d_max_clip=0.6399 -> m_abs_max=0.9845 mean=0.1426 clipped=0.0000% frac(m>0.5)=0.093
[ok] dino_first2/edit4/0040_tennis: d_max_clip=0.5944 -> m_abs_max=0.9144 mean=0.0542 clipped=0.0000% frac(m>0.5)=0.011
[ok] dino_first2/edit4/0041_longboard: d_max_clip=0.6522 -> m_abs_max=1.0000 mean=0.1467 clipped=0.0107% frac(m>0.5)=0.081
[ok] dino_first2/edit4/0042_gym-ball: d_max_clip=0.6079 -> m_abs_max=0.9352 mean=0.1124 clipped=0.0000% frac(m>0.5)=0.069
[ok] dino_first2/edit4/0043_parkour: d_max_clip=0.6469 -> m_abs_max=0.9952 mean=0.1251 clipped=0.0000% frac(m>0.5)=0.065
[ok] dino_first2/edit4/0044_snowboard: d_max_clip=0.5317 -> m_abs_max=0.8180 mean=0.1521 clipped=0.0000% frac(m>0.5)=0.030
[ok] dino_first2/edit4/0045_butterfly: d_max_clip=0.8018 -> m_abs_max=1.0000 mean=0.1894 clipped=4.0028% frac(m>0.5)=0.134
[ok] dino_first2/edit4/0046_blackswan: d_max_clip=0.5884 -> m_abs_max=0.9053 mean=0.0723 clipped=0.0000% frac(m>0.5)=0.008
[ok] dino_first2/edit4/0047_judo: d_max_clip=0.5554 -> m_abs_max=0.8545 mean=0.1360 clipped=0.0000% frac(m>0.5)=0.050
[ok] dino_first2/edit4/0048_hike: d_max_clip=0.6122 -> m_abs_max=0.9419 mean=0.0703 clipped=0.0000% frac(m>0.5)=0.028
[ok] dino_first2/edit4/0049_speed-skating: d_max_clip=0.5507 -> m_abs_max=0.8472 mean=0.0761 clipped=0.0000% frac(m>0.5)=0.006
[ok] dino_first2/edit4/0050_slackline: d_max_clip=0.5950 -> m_abs_max=0.9154 mean=0.1008 clipped=0.0000% frac(m>0.5)=0.053
[ok] dino_first2/edit4/0051_dogs-jump: d_max_clip=0.7191 -> m_abs_max=1.0000 mean=0.1444 clipped=0.6496% frac(m>0.5)=0.095
[ok] dino_first2/edit4/0052_mallard-fly: d_max_clip=0.6568 -> m_abs_max=1.0000 mean=0.1107 clipped=0.0036% frac(m>0.5)=0.025
[ok] dino_first2/edit4/0053_swing: d_max_clip=0.6356 -> m_abs_max=0.9778 mean=0.1220 clipped=0.0000% frac(m>0.5)=0.062
[ok] dino_first2/edit4/0054_train: d_max_clip=0.5658 -> m_abs_max=0.8705 mean=0.1367 clipped=0.0000% frac(m>0.5)=0.088
[ok] dino_first2/edit4/0055_pigs: d_max_clip=0.6438 -> m_abs_max=0.9905 mean=0.1488 clipped=0.0000% frac(m>0.5)=0.037
[ok] dino_first2/edit4/0056_kart-turn: d_max_clip=0.5867 -> m_abs_max=0.9026 mean=0.0876 clipped=0.0000% frac(m>0.5)=0.012
[ok] dino_first2/edit4/0057_dog: d_max_clip=0.7174 -> m_abs_max=1.0000 mean=0.2539 clipped=1.4359% frac(m>0.5)=0.196
[ok] dino_first2/edit4/0058_boat: d_max_clip=0.5756 -> m_abs_max=0.8856 mean=0.0461 clipped=0.0000% frac(m>0.5)=0.007
[ok] dino_first2/edit4/0059_drift-straight: d_max_clip=0.7161 -> m_abs_max=1.0000 mean=0.3374 clipped=1.7521% frac(m>0.5)=0.169
[ok] dino_first2/edit4/0060_motocross-bumps: d_max_clip=0.5937 -> m_abs_max=0.9133 mean=0.1425 clipped=0.0000% frac(m>0.5)=0.042
[ok] dino_first2/edit4/0061_mbike-santa: d_max_clip=0.6699 -> m_abs_max=1.0000 mean=0.2945 clipped=0.0171% frac(m>0.5)=0.089
[ok] dino_first2/edit4/0062_elephant: d_max_clip=0.7346 -> m_abs_max=1.0000 mean=0.2145 clipped=1.5100% frac(m>0.5)=0.096
[ok] dino_first2/edit4/0063_drift-turn: d_max_clip=0.7032 -> m_abs_max=1.0000 mean=0.2458 clipped=0.1709% frac(m>0.5)=0.111
[ok] dino_first2/edit4/0064_rollerblade: d_max_clip=0.6102 -> m_abs_max=0.9388 mean=0.0744 clipped=0.0000% frac(m>0.5)=0.027
[ok] dino_first2/edit4/0065_twist-dance: d_max_clip=0.5921 -> m_abs_max=0.9110 mean=0.0781 clipped=0.0000% frac(m>0.5)=0.043
[ok] dino_first2/edit4/0066_deer: d_max_clip=0.7048 -> m_abs_max=1.0000 mean=0.2783 clipped=0.8868% frac(m>0.5)=0.199
[ok] dino_first2/edit4/0067_mbike-trick: d_max_clip=0.6173 -> m_abs_max=0.9497 mean=0.0813 clipped=0.0000% frac(m>0.5)=0.036
[ok] dino_first2/edit4/0068_planes-water: d_max_clip=0.3483 -> m_abs_max=0.5359 mean=0.0612 clipped=0.0000% frac(m>0.5)=0.000
[ok] dino_first2/edit4/0069_car-turn: d_max_clip=0.5763 -> m_abs_max=0.8867 mean=0.0902 clipped=0.0000% frac(m>0.5)=0.028
[ok] dino_first2/edit4/0070_dance-twirl: d_max_clip=0.6734 -> m_abs_max=1.0000 mean=0.1238 clipped=0.0275% frac(m>0.5)=0.088
[ok] dino_first2/edit4/0071_mallard-water: d_max_clip=0.6077 -> m_abs_max=0.9350 mean=0.0647 clipped=0.0000% frac(m>0.5)=0.006
[ok] dino_first2/edit4/0072_dog-agility: d_max_clip=0.5822 -> m_abs_max=0.8957 mean=0.0965 clipped=0.0000% frac(m>0.5)=0.031
[ok] dino_first2/edit4/0073_bmx-rider: d_max_clip=0.5755 -> m_abs_max=0.8853 mean=0.0775 clipped=0.0000% frac(m>0.5)=0.017
[ok] dino_first2/edit4/0074_rhino: d_max_clip=0.5362 -> m_abs_max=0.8250 mean=0.0546 clipped=0.0000% frac(m>0.5)=0.006
[ok] dino_first2/edit4/0075_A_bicycle: d_max_clip=0.5770 -> m_abs_max=0.8876 mean=0.0435 clipped=0.0000% frac(m>0.5)=0.008
[ok] dino_first2/edit4/0076_A_rabbit: d_max_clip=0.6921 -> m_abs_max=1.0000 mean=0.1247 clipped=0.0305% frac(m>0.5)=0.028
[ok] dino_first2/edit4/0077_A_hawk: d_max_clip=0.6984 -> m_abs_max=1.0000 mean=0.1102 clipped=0.0855% frac(m>0.5)=0.037
[ok] dino_first2/edit4/0078_A_cat: d_max_clip=0.6175 -> m_abs_max=0.9500 mean=0.0684 clipped=0.0000% frac(m>0.5)=0.023
[ok] dino_first2/edit4/0079_A_bus: d_max_clip=0.5685 -> m_abs_max=0.8745 mean=0.1566 clipped=0.0000% frac(m>0.5)=0.048
[ok] dino_first2/edit4/0080_A_motorcycle: d_max_clip=0.5830 -> m_abs_max=0.8970 mean=0.1416 clipped=0.0000% frac(m>0.5)=0.006
[ok] dino_first2/edit4/0081_A_horse: d_max_clip=0.6532 -> m_abs_max=1.0000 mean=0.0582 clipped=0.0031% frac(m>0.5)=0.011
[ok] dino_first2/edit4/0082_A_tram: d_max_clip=0.5750 -> m_abs_max=0.8847 mean=0.0999 clipped=0.0000% frac(m>0.5)=0.020
[ok] dino_first2/edit4/0083_A_boat: d_max_clip=0.5214 -> m_abs_max=0.8022 mean=0.1063 clipped=0.0000% frac(m>0.5)=0.060
[ok] dino_first2/edit4/0084_A_squirrel: d_max_clip=0.6688 -> m_abs_max=1.0000 mean=0.1289 clipped=0.0305% frac(m>0.5)=0.083
[ok] dino_first2/edit4/0085_A_tram: d_max_clip=0.6213 -> m_abs_max=0.9559 mean=0.1302 clipped=0.0000% frac(m>0.5)=0.052
[ok] dino_first2/edit4/0086_A_red_sports_car: d_max_clip=0.4897 -> m_abs_max=0.7534 mean=0.0409 clipped=0.0000% frac(m>0.5)=0.004
[ok] dino_first2/edit4/0087_A_seagull: d_max_clip=0.5534 -> m_abs_max=0.8514 mean=0.0393 clipped=0.0000% frac(m>0.5)=0.004
[ok] dino_first2/edit4/0088_A_cyclist: d_max_clip=0.5557 -> m_abs_max=0.8549 mean=0.1130 clipped=0.0000% frac(m>0.5)=0.033
[ok] dino_first2/edit4/0089_A_dog: d_max_clip=0.6941 -> m_abs_max=1.0000 mean=0.2228 clipped=0.1435% frac(m>0.5)=0.241
[ok] dino_first2/edit4/0090_A_deer: d_max_clip=0.5600 -> m_abs_max=0.8615 mean=0.0490 clipped=0.0000% frac(m>0.5)=0.004
[ok] dino_first2/edit4/0091_A_hawk: d_max_clip=0.7108 -> m_abs_max=1.0000 mean=0.0753 clipped=0.0855% frac(m>0.5)=0.013
[ok] dino_first2/edit4/0092_A_fox: d_max_clip=0.6195 -> m_abs_max=0.9531 mean=0.0518 clipped=0.0000% frac(m>0.5)=0.004
[ok] dino_first2/edit4/0093_A_helicopter: d_max_clip=0.5794 -> m_abs_max=0.8914 mean=0.0742 clipped=0.0000% frac(m>0.5)=0.010
[ok] dino_first2/edit4/0094_A_swan: d_max_clip=0.5936 -> m_abs_max=0.9132 mean=0.0186 clipped=0.0000% frac(m>0.5)=0.003
[ok] dino_first2/edit4/0095_A_crow: d_max_clip=0.7058 -> m_abs_max=1.0000 mean=0.2035 clipped=0.2656% frac(m>0.5)=0.165
[ok] dino_first2/edit4/0096_A_car: d_max_clip=0.6407 -> m_abs_max=0.9857 mean=0.0433 clipped=0.0000% frac(m>0.5)=0.005
[ok] dino_first2/edit4/0097_A_bird: d_max_clip=0.4759 -> m_abs_max=0.7321 mean=0.0295 clipped=0.0000% frac(m>0.5)=0.001
[ok] dino_first2/edit4/0098_A_squirrel: d_max_clip=0.5761 -> m_abs_max=0.8864 mean=0.0644 clipped=0.0000% frac(m>0.5)=0.010
[ok] dino_first2/edit4/0099_A_jogger: d_max_clip=0.6838 -> m_abs_max=1.0000 mean=0.1107 clipped=0.0214% frac(m>0.5)=0.051
[ok] dino_first2/edit4/0100_A_deer: d_max_clip=0.6174 -> m_abs_max=0.9499 mean=0.0985 clipped=0.0000% frac(m>0.5)=0.047
[ok] dino_first2/edit5/0007_guitar-violin: d_max_clip=0.6219 -> m_abs_max=0.9568 mean=0.0636 clipped=0.0000% frac(m>0.5)=0.030
[ok] dino_first2/edit5/0009_bear: d_max_clip=0.6502 -> m_abs_max=1.0000 mean=0.1096 clipped=0.0061% frac(m>0.5)=0.048
[ok] dino_first2/edit5/0011_lucia: d_max_clip=0.6865 -> m_abs_max=1.0000 mean=0.0928 clipped=0.0534% frac(m>0.5)=0.034
[ok] dino_first2/edit5/0019_tennis-vest: d_max_clip=0.6492 -> m_abs_max=0.9988 mean=0.1018 clipped=0.0000% frac(m>0.5)=0.010
[ok] dino_first2/edit5/0034_cows: d_max_clip=0.6739 -> m_abs_max=1.0000 mean=0.1299 clipped=0.1282% frac(m>0.5)=0.033
[ok] dino_first2/edit5/0036_camel: d_max_clip=0.7126 -> m_abs_max=1.0000 mean=0.1371 clipped=2.5214% frac(m>0.5)=0.078
[ok] dino_first2/edit5/0057_dog: d_max_clip=0.6995 -> m_abs_max=1.0000 mean=0.2803 clipped=0.5171% frac(m>0.5)=0.137
[ok] dino_first2/edit5/0069_car-turn: d_max_clip=0.7388 -> m_abs_max=1.0000 mean=0.1273 clipped=0.6766% frac(m>0.5)=0.081
[ok] dino_first2/edit5/0089_A_dog: d_max_clip=0.5938 -> m_abs_max=0.9136 mean=0.0545 clipped=0.0000% frac(m>0.5)=0.011
[ok] dino_first2/edit6/0002_girl-dog: d_max_clip=0.6683 -> m_abs_max=1.0000 mean=0.0542 clipped=0.0214% frac(m>0.5)=0.019
[ok] dino_first2/edit6/0017_kid-football: d_max_clip=0.5700 -> m_abs_max=0.8770 mean=0.0383 clipped=0.0000% frac(m>0.5)=0.003
[ok] dino_first2/edit6/0025_baseball: d_max_clip=0.5046 -> m_abs_max=0.7764 mean=0.0763 clipped=0.0000% frac(m>0.5)=0.006
[ok] dino_first2/edit6/0041_longboard: d_max_clip=0.6011 -> m_abs_max=0.9248 mean=0.0629 clipped=0.0000% frac(m>0.5)=0.019
[ok] dino_first2/edit6/0042_gym-ball: d_max_clip=0.5411 -> m_abs_max=0.8324 mean=0.0834 clipped=0.0000% frac(m>0.5)=0.005
[ok] dino_first2/edit6/0048_hike: d_max_clip=0.6110 -> m_abs_max=0.9400 mean=0.0370 clipped=0.0000% frac(m>0.5)=0.013
[ok] dino_first2/edit6/0051_dogs-jump: d_max_clip=0.6901 -> m_abs_max=1.0000 mean=0.0828 clipped=0.0342% frac(m>0.5)=0.037
[ok] dino_first2/edit6/0055_pigs: d_max_clip=0.6203 -> m_abs_max=0.9543 mean=0.1495 clipped=0.0000% frac(m>0.5)=0.078
[ok] dino_first2/edit6/0078_A_cat: d_max_clip=0.6393 -> m_abs_max=0.9835 mean=0.0312 clipped=0.0000% frac(m>0.5)=0.009
[ok] dino_first2/edit6/0088_A_cyclist: d_max_clip=0.4813 -> m_abs_max=0.7405 mean=0.0364 clipped=0.0000% frac(m>0.5)=0.003

[r31_div_abs] done: 419/419 ok -> /home/ids/skhairi/Data/dataggen/outputs/five_bench/r35_div_abs
[r31_rho_map] div_root=/home/ids/skhairi/Data/dataggen/outputs/five_bench/r35_div_abs/dino_first2
[r31_rho_map] STAGE-3 schedule: step=15 flow_shift=1.0 (stage 1's 7 steps are irrelevant here)
[r31_rho_map] tau=[2.0, 50.0] => A_disc=[0.300415, 0.002131]
[ok] edit1/0001_bus: rho (18, 1560) range [2.051, 50.000] mean 4.263 -> /home/ids/skhairi/Data/dataggen/outputs/five_bench/r35_rho/dino_first2/edit1/0001_bus.npz
[ok] edit1/0002_girl-dog: rho (21, 1560) range [2.013, 50.000] mean 2.633 -> /home/ids/skhairi/Data/dataggen/outputs/five_bench/r35_rho/dino_first2/edit1/0002_girl-dog.npz
[ok] edit1/0003_ocean-birds: rho (9, 1560) range [2.119, 50.000] mean 3.820 -> /home/ids/skhairi/Data/dataggen/outputs/five_bench/r35_rho/dino_first2/edit1/0003_ocean-birds.npz
[ok] edit1/0004_car-roundabout: rho (18, 1560) range [2.048, 50.000] mean 2.728 -> /home/ids/skhairi/Data/dataggen/outputs/five_bench/r35_rho/dino_first2/edit1/0004_car-roundabout.npz
[ok] edit1/0005_breakdance: rho (21, 1560) range [2.010, 50.000] mean 2.756 -> /home/ids/skhairi/Data/dataggen/outputs/five_bench/r35_rho/dino_first2/edit1/0005_breakdance.npz
[ok] edit1/0006_paragliding: rho (18, 1560) range [2.043, 50.000] mean 2.833 -> /home/ids/skhairi/Data/dataggen/outputs/five_bench/r35_rho/dino_first2/edit1/0006_paragliding.npz
[ok] edit1/0007_guitar-violin: rho (12, 1560) range [2.144, 50.000] mean 4.222 -> /home/ids/skhairi/Data/dataggen/outputs/five_bench/r35_rho/dino_first2/edit1/0007_guitar-violin.npz
[ok] edit1/0008_snowboard-race: rho (18, 1560) range [2.062, 50.000] mean 2.737 -> /home/ids/skhairi/Data/dataggen/outputs/five_bench/r35_rho/dino_first2/edit1/0008_snowboard-race.npz
[ok] edit1/0009_bear: rho (21, 1560) range [2.180, 50.000] mean 4.401 -> /home/ids/skhairi/Data/dataggen/outputs/five_bench/r35_rho/dino_first2/edit1/0009_bear.npz
[ok] edit1/0010_giant-slalom: rho (30, 1560) range [2.026, 13.742] mean 2.407 -> /home/ids/skhairi/Data/dataggen/outputs/five_bench/r35_rho/dino_first2/edit1/0010_giant-slalom.npz
[ok] edit1/0011_lucia: rho (18, 1560) range [2.037, 12.659] mean 2.283 -> /home/ids/skhairi/Data/dataggen/outputs/five_bench/r35_rho/dino_first2/edit1/0011_lucia.npz
[ok] edit1/0012_goat: rho (21, 1560) range [2.178, 50.000] mean 4.695 -> /home/ids/skhairi/Data/dataggen/outputs/five_bench/r35_rho/dino_first2/edit1/0012_goat.npz
[ok] edit1/0013_golf: rho (18, 1560) range [2.016, 23.736] mean 2.214 -> /home/ids/skhairi/Data/dataggen/outputs/five_bench/r35_rho/dino_first2/edit1/0013_golf.npz
[ok] edit1/0014_burnout: rho (18, 1560) range [2.020, 43.170] mean 2.563 -> /home/ids/skhairi/Data/dataggen/outputs/five_bench/r35_rho/dino_first2/edit1/0014_burnout.npz
[ok] edit1/0015_car-shadow: rho (9, 1560) range [2.030, 50.000] mean 2.751 -> /home/ids/skhairi/Data/dataggen/outputs/five_bench/r35_rho/dino_first2/edit1/0015_car-shadow.npz
[ok] edit1/0016_horsejump-high: rho (12, 1560) range [2.026, 50.000] mean 2.524 -> /home/ids/skhairi/Data/dataggen/outputs/five_bench/r35_rho/dino_first2/edit1/0016_horsejump-high.npz
[ok] edit1/0017_kid-football: rho (15, 1560) range [2.028, 18.713] mean 2.401 -> /home/ids/skhairi/Data/dataggen/outputs/five_bench/r35_rho/dino_first2/edit1/0017_kid-football.npz
[ok] edit1/0018_breakdance-flare: rho (18, 1560) range [2.098, 50.000] mean 7.544 -> /home/ids/skhairi/Data/dataggen/outputs/five_bench/r35_rho/dino_first2/edit1/0018_breakdance-flare.npz
[ok] edit1/0019_tennis-vest: rho (18, 1560) range [2.035, 50.000] mean 2.369 -> /home/ids/skhairi/Data/dataggen/outputs/five_bench/r35_rho/dino_first2/edit1/0019_tennis-vest.npz
[ok] edit1/0020_monkeys: rho (21, 1560) range [2.059, 26.095] mean 2.936 -> /home/ids/skhairi/Data/dataggen/outputs/five_bench/r35_rho/dino_first2/edit1/0020_monkeys.npz
[ok] edit1/0021_landing: rho (9, 1560) range [2.034, 50.000] mean 3.528 -> /home/ids/skhairi/Data/dataggen/outputs/five_bench/r35_rho/dino_first2/edit1/0021_landing.npz
[ok] edit1/0022_skate-jump: rho (15, 1560) range [2.015, 28.335] mean 2.284 -> /home/ids/skhairi/Data/dataggen/outputs/five_bench/r35_rho/dino_first2/edit1/0022_skate-jump.npz
[ok] edit1/0023_kayak-race: rho (15, 1560) range [2.030, 12.972] mean 2.352 -> /home/ids/skhairi/Data/dataggen/outputs/five_bench/r35_rho/dino_first2/edit1/0023_kayak-race.npz
[ok] edit1/0024_hockey: rho (18, 1560) range [2.046, 50.000] mean 2.707 -> /home/ids/skhairi/Data/dataggen/outputs/five_bench/r35_rho/dino_first2/edit1/0024_hockey.npz
[ok] edit1/0025_baseball: rho (21, 1560) range [2.031, 15.065] mean 2.434 -> /home/ids/skhairi/Data/dataggen/outputs/five_bench/r35_rho/dino_first2/edit1/0025_baseball.npz
[ok] edit1/0026_table-tennis: rho (18, 1560) range [2.018, 13.804] mean 2.261 -> /home/ids/skhairi/Data/dataggen/outputs/five_bench/r35_rho/dino_first2/edit1/0026_table-tennis.npz
[ok] edit1/0027_dance-jump: rho (15, 1560) range [2.034, 50.000] mean 2.745 -> /home/ids/skhairi/Data/dataggen/outputs/five_bench/r35_rho/dino_first2/edit1/0027_dance-jump.npz
[ok] edit1/0028_kite-walk: rho (18, 1560) range [2.026, 9.671] mean 2.146 -> /home/ids/skhairi/Data/dataggen/outputs/five_bench/r35_rho/dino_first2/edit1/0028_kite-walk.npz
[ok] edit1/0029_horsejump-stick: rho (15, 1560) range [2.059, 50.000] mean 2.942 -> /home/ids/skhairi/Data/dataggen/outputs/five_bench/r35_rho/dino_first2/edit1/0029_horsejump-stick.npz
[ok] edit1/0030_rallye: rho (12, 1560) range [2.037, 50.000] mean 7.103 -> /home/ids/skhairi/Data/dataggen/outputs/five_bench/r35_rho/dino_first2/edit1/0030_rallye.npz
[ok] edit1/0031_soccerball: rho (12, 1560) range [2.018, 12.021] mean 2.165 -> /home/ids/skhairi/Data/dataggen/outputs/five_bench/r35_rho/dino_first2/edit1/0031_soccerball.npz
[ok] edit1/0032_mermaid: rho (18, 1560) range [2.110, 18.264] mean 3.164 -> /home/ids/skhairi/Data/dataggen/outputs/five_bench/r35_rho/dino_first2/edit1/0032_mermaid.npz
[ok] edit1/0033_horsejump-low: rho (15, 1560) range [2.044, 50.000] mean 2.605 -> /home/ids/skhairi/Data/dataggen/outputs/five_bench/r35_rho/dino_first2/edit1/0033_horsejump-low.npz
[ok] edit1/0034_cows: rho (24, 1560) range [2.107, 50.000] mean 3.340 -> /home/ids/skhairi/Data/dataggen/outputs/five_bench/r35_rho/dino_first2/edit1/0034_cows.npz
[ok] edit1/0035_helicopter: rho (12, 1560) range [2.031, 12.512] mean 2.234 -> /home/ids/skhairi/Data/dataggen/outputs/five_bench/r35_rho/dino_first2/edit1/0035_helicopter.npz
[ok] edit1/0036_camel: rho (21, 1560) range [2.074, 50.000] mean 4.416 -> /home/ids/skhairi/Data/dataggen/outputs/five_bench/r35_rho/dino_first2/edit1/0036_camel.npz
[ok] edit1/0037_snowboard-sand: rho (12, 1560) range [2.102, 50.000] mean 2.477 -> /home/ids/skhairi/Data/dataggen/outputs/five_bench/r35_rho/dino_first2/edit1/0037_snowboard-sand.npz
[ok] edit1/0038_motorbike: rho (9, 1560) range [2.020, 50.000] mean 2.354 -> /home/ids/skhairi/Data/dataggen/outputs/five_bench/r35_rho/dino_first2/edit1/0038_motorbike.npz
[ok] edit1/0039_chamaleon: rho (21, 1560) range [2.075, 50.000] mean 2.666 -> /home/ids/skhairi/Data/dataggen/outputs/five_bench/r35_rho/dino_first2/edit1/0039_chamaleon.npz
[ok] edit1/0040_tennis: rho (18, 1560) range [2.046, 30.130] mean 2.435 -> /home/ids/skhairi/Data/dataggen/outputs/five_bench/r35_rho/dino_first2/edit1/0040_tennis.npz
[ok] edit1/0041_longboard: rho (12, 1560) range [2.093, 50.000] mean 3.726 -> /home/ids/skhairi/Data/dataggen/outputs/five_bench/r35_rho/dino_first2/edit1/0041_longboard.npz
[ok] edit1/0042_gym-ball: rho (18, 1560) range [2.038, 47.315] mean 2.493 -> /home/ids/skhairi/Data/dataggen/outputs/five_bench/r35_rho/dino_first2/edit1/0042_gym-ball.npz
[ok] edit1/0043_parkour: rho (24, 1560) range [2.032, 50.000] mean 2.565 -> /home/ids/skhairi/Data/dataggen/outputs/five_bench/r35_rho/dino_first2/edit1/0043_parkour.npz
[ok] edit1/0044_snowboard: rho (15, 1560) range [2.076, 13.402] mean 2.627 -> /home/ids/skhairi/Data/dataggen/outputs/five_bench/r35_rho/dino_first2/edit1/0044_snowboard.npz
[ok] edit1/0045_butterfly: rho (18, 1560) range [2.108, 50.000] mean 5.256 -> /home/ids/skhairi/Data/dataggen/outputs/five_bench/r35_rho/dino_first2/edit1/0045_butterfly.npz
[ok] edit1/0046_blackswan: rho (12, 1560) range [2.109, 50.000] mean 3.014 -> /home/ids/skhairi/Data/dataggen/outputs/five_bench/r35_rho/dino_first2/edit1/0046_blackswan.npz
[ok] edit1/0047_judo: rho (9, 1560) range [2.084, 50.000] mean 3.191 -> /home/ids/skhairi/Data/dataggen/outputs/five_bench/r35_rho/dino_first2/edit1/0047_judo.npz
[ok] edit1/0048_hike: rho (18, 1560) range [2.031, 50.000] mean 2.257 -> /home/ids/skhairi/Data/dataggen/outputs/five_bench/r35_rho/dino_first2/edit1/0048_hike.npz
[ok] edit1/0049_speed-skating: rho (21, 1560) range [2.056, 17.176] mean 2.497 -> /home/ids/skhairi/Data/dataggen/outputs/five_bench/r35_rho/dino_first2/edit1/0049_speed-skating.npz
[ok] edit1/0050_slackline: rho (15, 1560) range [2.037, 50.000] mean 2.460 -> /home/ids/skhairi/Data/dataggen/outputs/five_bench/r35_rho/dino_first2/edit1/0050_slackline.npz
[ok] edit1/0051_dogs-jump: rho (15, 1560) range [2.047, 50.000] mean 2.651 -> /home/ids/skhairi/Data/dataggen/outputs/five_bench/r35_rho/dino_first2/edit1/0051_dogs-jump.npz
[ok] edit1/0052_mallard-fly: rho (18, 1560) range [2.094, 50.000] mean 3.001 -> /home/ids/skhairi/Data/dataggen/outputs/five_bench/r35_rho/dino_first2/edit1/0052_mallard-fly.npz
[ok] edit1/0053_swing: rho (15, 1560) range [2.040, 26.680] mean 2.562 -> /home/ids/skhairi/Data/dataggen/outputs/five_bench/r35_rho/dino_first2/edit1/0053_swing.npz
[ok] edit1/0054_train: rho (18, 1560) range [2.032, 16.285] mean 2.564 -> /home/ids/skhairi/Data/dataggen/outputs/five_bench/r35_rho/dino_first2/edit1/0054_train.npz
[ok] edit1/0055_pigs: rho (18, 1560) range [2.203, 50.000] mean 4.341 -> /home/ids/skhairi/Data/dataggen/outputs/five_bench/r35_rho/dino_first2/edit1/0055_pigs.npz
[ok] edit1/0056_kart-turn: rho (21, 1560) range [2.076, 50.000] mean 4.310 -> /home/ids/skhairi/Data/dataggen/outputs/five_bench/r35_rho/dino_first2/edit1/0056_kart-turn.npz
[ok] edit1/0057_dog: rho (15, 1560) range [2.098, 50.000] mean 4.558 -> /home/ids/skhairi/Data/dataggen/outputs/five_bench/r35_rho/dino_first2/edit1/0057_dog.npz
[ok] edit1/0058_boat: rho (18, 1560) range [2.056, 34.207] mean 2.884 -> /home/ids/skhairi/Data/dataggen/outputs/five_bench/r35_rho/dino_first2/edit1/0058_boat.npz
[ok] edit1/0059_drift-straight: rho (12, 1560) range [2.011, 50.000] mean 2.676 -> /home/ids/skhairi/Data/dataggen/outputs/five_bench/r35_rho/dino_first2/edit1/0059_drift-straight.npz
[ok] edit1/0060_motocross-bumps: rho (15, 1560) range [2.036, 19.969] mean 2.747 -> /home/ids/skhairi/Data/dataggen/outputs/five_bench/r35_rho/dino_first2/edit1/0060_motocross-bumps.npz
[ok] edit1/0061_mbike-santa: rho (15, 1560) range [2.078, 33.348] mean 2.829 -> /home/ids/skhairi/Data/dataggen/outputs/five_bench/r35_rho/dino_first2/edit1/0061_mbike-santa.npz
[ok] edit1/0062_elephant: rho (18, 1560) range [2.211, 50.000] mean 3.844 -> /home/ids/skhairi/Data/dataggen/outputs/five_bench/r35_rho/dino_first2/edit1/0062_elephant.npz
[ok] edit1/0063_drift-turn: rho (15, 1560) range [2.030, 50.000] mean 2.945 -> /home/ids/skhairi/Data/dataggen/outputs/five_bench/r35_rho/dino_first2/edit1/0063_drift-turn.npz
[ok] edit1/0064_rollerblade: rho (9, 1560) range [2.019, 14.410] mean 2.250 -> /home/ids/skhairi/Data/dataggen/outputs/five_bench/r35_rho/dino_first2/edit1/0064_rollerblade.npz
[ok] edit1/0065_twist-dance: rho (21, 1560) range [2.025, 50.000] mean 2.392 -> /home/ids/skhairi/Data/dataggen/outputs/five_bench/r35_rho/dino_first2/edit1/0065_twist-dance.npz
[ok] edit1/0066_deer: rho (18, 1560) range [2.087, 50.000] mean 4.279 -> /home/ids/skhairi/Data/dataggen/outputs/five_bench/r35_rho/dino_first2/edit1/0066_deer.npz
[ok] edit1/0067_mbike-trick: rho (18, 1560) range [2.016, 15.052] mean 2.217 -> /home/ids/skhairi/Data/dataggen/outputs/five_bench/r35_rho/dino_first2/edit1/0067_mbike-trick.npz
[ok] edit1/0068_planes-water: rho (9, 1560) range [2.017, 13.215] mean 2.341 -> /home/ids/skhairi/Data/dataggen/outputs/five_bench/r35_rho/dino_first2/edit1/0068_planes-water.npz
[ok] edit1/0069_car-turn: rho (18, 1560) range [2.013, 17.144] mean 2.410 -> /home/ids/skhairi/Data/dataggen/outputs/five_bench/r35_rho/dino_first2/edit1/0069_car-turn.npz
[ok] edit1/0070_dance-twirl: rho (21, 1560) range [2.029, 50.000] mean 2.654 -> /home/ids/skhairi/Data/dataggen/outputs/five_bench/r35_rho/dino_first2/edit1/0070_dance-twirl.npz
[ok] edit1/0071_mallard-water: rho (18, 1560) range [2.174, 40.192] mean 2.715 -> /home/ids/skhairi/Data/dataggen/outputs/five_bench/r35_rho/dino_first2/edit1/0071_mallard-water.npz
[ok] edit1/0072_dog-agility: rho (6, 1560) range [2.034, 50.000] mean 3.310 -> /home/ids/skhairi/Data/dataggen/outputs/five_bench/r35_rho/dino_first2/edit1/0072_dog-agility.npz
[ok] edit1/0073_bmx-rider: rho (21, 1560) range [2.026, 50.000] mean 2.219 -> /home/ids/skhairi/Data/dataggen/outputs/five_bench/r35_rho/dino_first2/edit1/0073_bmx-rider.npz
[ok] edit1/0074_rhino: rho (21, 1560) range [2.221, 50.000] mean 5.712 -> /home/ids/skhairi/Data/dataggen/outputs/five_bench/r35_rho/dino_first2/edit1/0074_rhino.npz
[ok] edit1/0075_A_bicycle: rho (21, 1560) range [2.017, 50.000] mean 2.871 -> /home/ids/skhairi/Data/dataggen/outputs/five_bench/r35_rho/dino_first2/edit1/0075_A_bicycle.npz
[ok] edit1/0076_A_rabbit: rho (21, 1560) range [2.092, 50.000] mean 2.732 -> /home/ids/skhairi/Data/dataggen/outputs/five_bench/r35_rho/dino_first2/edit1/0076_A_rabbit.npz
[ok] edit1/0077_A_hawk: rho (21, 1560) range [2.120, 50.000] mean 2.620 -> /home/ids/skhairi/Data/dataggen/outputs/five_bench/r35_rho/dino_first2/edit1/0077_A_hawk.npz
[ok] edit1/0078_A_cat: rho (21, 1560) range [2.028, 50.000] mean 3.171 -> /home/ids/skhairi/Data/dataggen/outputs/five_bench/r35_rho/dino_first2/edit1/0078_A_cat.npz
[ok] edit1/0079_A_bus: rho (21, 1560) range [2.049, 19.979] mean 2.912 -> /home/ids/skhairi/Data/dataggen/outputs/five_bench/r35_rho/dino_first2/edit1/0079_A_bus.npz
[ok] edit1/0080_A_motorcycle: rho (21, 1560) range [2.049, 13.989] mean 2.576 -> /home/ids/skhairi/Data/dataggen/outputs/five_bench/r35_rho/dino_first2/edit1/0080_A_motorcycle.npz
[ok] edit1/0081_A_horse: rho (21, 1560) range [2.052, 50.000] mean 2.459 -> /home/ids/skhairi/Data/dataggen/outputs/five_bench/r35_rho/dino_first2/edit1/0081_A_horse.npz
[ok] edit1/0082_A_tram: rho (21, 1560) range [2.009, 15.574] mean 2.390 -> /home/ids/skhairi/Data/dataggen/outputs/five_bench/r35_rho/dino_first2/edit1/0082_A_tram.npz
[ok] edit1/0083_A_boat: rho (21, 1560) range [2.047, 15.551] mean 2.788 -> /home/ids/skhairi/Data/dataggen/outputs/five_bench/r35_rho/dino_first2/edit1/0083_A_boat.npz
[ok] edit1/0084_A_squirrel: rho (21, 1560) range [2.063, 50.000] mean 3.098 -> /home/ids/skhairi/Data/dataggen/outputs/five_bench/r35_rho/dino_first2/edit1/0084_A_squirrel.npz
[ok] edit1/0085_A_tram: rho (21, 1560) range [2.016, 10.019] mean 2.393 -> /home/ids/skhairi/Data/dataggen/outputs/five_bench/r35_rho/dino_first2/edit1/0085_A_tram.npz
[ok] edit1/0086_A_red_sports_car: rho (21, 1560) range [2.027, 50.000] mean 3.327 -> /home/ids/skhairi/Data/dataggen/outputs/five_bench/r35_rho/dino_first2/edit1/0086_A_red_sports_car.npz
[ok] edit1/0087_A_seagull: rho (21, 1560) range [2.030, 50.000] mean 2.299 -> /home/ids/skhairi/Data/dataggen/outputs/five_bench/r35_rho/dino_first2/edit1/0087_A_seagull.npz
[ok] edit1/0088_A_cyclist: rho (21, 1560) range [2.097, 50.000] mean 3.166 -> /home/ids/skhairi/Data/dataggen/outputs/five_bench/r35_rho/dino_first2/edit1/0088_A_cyclist.npz
[ok] edit1/0089_A_dog: rho (21, 1560) range [2.040, 50.000] mean 3.129 -> /home/ids/skhairi/Data/dataggen/outputs/five_bench/r35_rho/dino_first2/edit1/0089_A_dog.npz
[ok] edit1/0090_A_deer: rho (21, 1560) range [2.066, 42.369] mean 2.467 -> /home/ids/skhairi/Data/dataggen/outputs/five_bench/r35_rho/dino_first2/edit1/0090_A_deer.npz
[ok] edit1/0091_A_hawk: rho (21, 1560) range [2.048, 27.769] mean 2.237 -> /home/ids/skhairi/Data/dataggen/outputs/five_bench/r35_rho/dino_first2/edit1/0091_A_hawk.npz
[ok] edit1/0092_A_fox: rho (21, 1560) range [2.044, 50.000] mean 2.349 -> /home/ids/skhairi/Data/dataggen/outputs/five_bench/r35_rho/dino_first2/edit1/0092_A_fox.npz
[ok] edit1/0093_A_helicopter: rho (21, 1560) range [2.062, 50.000] mean 3.604 -> /home/ids/skhairi/Data/dataggen/outputs/five_bench/r35_rho/dino_first2/edit1/0093_A_helicopter.npz
[ok] edit1/0094_A_swan: rho (21, 1560) range [2.059, 30.854] mean 2.687 -> /home/ids/skhairi/Data/dataggen/outputs/five_bench/r35_rho/dino_first2/edit1/0094_A_swan.npz
[ok] edit1/0095_A_crow: rho (21, 1560) range [2.074, 50.000] mean 3.579 -> /home/ids/skhairi/Data/dataggen/outputs/five_bench/r35_rho/dino_first2/edit1/0095_A_crow.npz
[ok] edit1/0096_A_car: rho (21, 1560) range [2.024, 18.782] mean 2.280 -> /home/ids/skhairi/Data/dataggen/outputs/five_bench/r35_rho/dino_first2/edit1/0096_A_car.npz
[ok] edit1/0097_A_bird: rho (21, 1560) range [2.041, 50.000] mean 3.369 -> /home/ids/skhairi/Data/dataggen/outputs/five_bench/r35_rho/dino_first2/edit1/0097_A_bird.npz
[ok] edit1/0098_A_squirrel: rho (21, 1560) range [2.043, 50.000] mean 3.617 -> /home/ids/skhairi/Data/dataggen/outputs/five_bench/r35_rho/dino_first2/edit1/0098_A_squirrel.npz
[ok] edit1/0099_A_jogger: rho (21, 1560) range [2.056, 19.247] mean 2.341 -> /home/ids/skhairi/Data/dataggen/outputs/five_bench/r35_rho/dino_first2/edit1/0099_A_jogger.npz
[ok] edit1/0100_A_deer: rho (21, 1560) range [2.030, 24.633] mean 2.670 -> /home/ids/skhairi/Data/dataggen/outputs/five_bench/r35_rho/dino_first2/edit1/0100_A_deer.npz
[ok] edit2/0001_bus: rho (18, 1560) range [2.098, 50.000] mean 4.277 -> /home/ids/skhairi/Data/dataggen/outputs/five_bench/r35_rho/dino_first2/edit2/0001_bus.npz
[ok] edit2/0002_girl-dog: rho (21, 1560) range [2.085, 44.198] mean 3.437 -> /home/ids/skhairi/Data/dataggen/outputs/five_bench/r35_rho/dino_first2/edit2/0002_girl-dog.npz
[ok] edit2/0003_ocean-birds: rho (9, 1560) range [2.192, 50.000] mean 5.864 -> /home/ids/skhairi/Data/dataggen/outputs/five_bench/r35_rho/dino_first2/edit2/0003_ocean-birds.npz
[ok] edit2/0004_car-roundabout: rho (18, 1560) range [2.076, 50.000] mean 4.073 -> /home/ids/skhairi/Data/dataggen/outputs/five_bench/r35_rho/dino_first2/edit2/0004_car-roundabout.npz
[ok] edit2/0005_breakdance: rho (21, 1560) range [2.034, 50.000] mean 6.708 -> /home/ids/skhairi/Data/dataggen/outputs/five_bench/r35_rho/dino_first2/edit2/0005_breakdance.npz
[ok] edit2/0006_paragliding: rho (18, 1560) range [2.180, 50.000] mean 10.038 -> /home/ids/skhairi/Data/dataggen/outputs/five_bench/r35_rho/dino_first2/edit2/0006_paragliding.npz
[ok] edit2/0007_guitar-violin: rho (12, 1560) range [2.311, 50.000] mean 12.271 -> /home/ids/skhairi/Data/dataggen/outputs/five_bench/r35_rho/dino_first2/edit2/0007_guitar-violin.npz
[ok] edit2/0008_snowboard-race: rho (18, 1560) range [2.077, 50.000] mean 3.345 -> /home/ids/skhairi/Data/dataggen/outputs/five_bench/r35_rho/dino_first2/edit2/0008_snowboard-race.npz
[ok] edit2/0009_bear: rho (21, 1560) range [2.257, 50.000] mean 12.175 -> /home/ids/skhairi/Data/dataggen/outputs/five_bench/r35_rho/dino_first2/edit2/0009_bear.npz
[ok] edit2/0010_giant-slalom: rho (30, 1560) range [2.039, 24.946] mean 2.479 -> /home/ids/skhairi/Data/dataggen/outputs/five_bench/r35_rho/dino_first2/edit2/0010_giant-slalom.npz
[ok] edit2/0011_lucia: rho (18, 1560) range [2.198, 50.000] mean 7.173 -> /home/ids/skhairi/Data/dataggen/outputs/five_bench/r35_rho/dino_first2/edit2/0011_lucia.npz
[ok] edit2/0012_goat: rho (21, 1560) range [2.161, 50.000] mean 5.340 -> /home/ids/skhairi/Data/dataggen/outputs/five_bench/r35_rho/dino_first2/edit2/0012_goat.npz
[ok] edit2/0013_golf: rho (18, 1560) range [2.105, 50.000] mean 2.841 -> /home/ids/skhairi/Data/dataggen/outputs/five_bench/r35_rho/dino_first2/edit2/0013_golf.npz
[ok] edit2/0014_burnout: rho (18, 1560) range [2.064, 50.000] mean 4.417 -> /home/ids/skhairi/Data/dataggen/outputs/five_bench/r35_rho/dino_first2/edit2/0014_burnout.npz
[ok] edit2/0015_car-shadow: rho (9, 1560) range [2.075, 50.000] mean 4.380 -> /home/ids/skhairi/Data/dataggen/outputs/five_bench/r35_rho/dino_first2/edit2/0015_car-shadow.npz
[ok] edit2/0016_horsejump-high: rho (12, 1560) range [2.058, 50.000] mean 2.703 -> /home/ids/skhairi/Data/dataggen/outputs/five_bench/r35_rho/dino_first2/edit2/0016_horsejump-high.npz
[ok] edit2/0017_kid-football: rho (15, 1560) range [2.166, 50.000] mean 8.946 -> /home/ids/skhairi/Data/dataggen/outputs/five_bench/r35_rho/dino_first2/edit2/0017_kid-football.npz
[ok] edit2/0018_breakdance-flare: rho (18, 1560) range [2.137, 50.000] mean 7.823 -> /home/ids/skhairi/Data/dataggen/outputs/five_bench/r35_rho/dino_first2/edit2/0018_breakdance-flare.npz
[ok] edit2/0019_tennis-vest: rho (18, 1560) range [2.065, 50.000] mean 3.028 -> /home/ids/skhairi/Data/dataggen/outputs/five_bench/r35_rho/dino_first2/edit2/0019_tennis-vest.npz
[ok] edit2/0020_monkeys: rho (21, 1560) range [2.213, 50.000] mean 8.221 -> /home/ids/skhairi/Data/dataggen/outputs/five_bench/r35_rho/dino_first2/edit2/0020_monkeys.npz
[ok] edit2/0021_landing: rho (9, 1560) range [2.097, 50.000] mean 9.345 -> /home/ids/skhairi/Data/dataggen/outputs/five_bench/r35_rho/dino_first2/edit2/0021_landing.npz
[ok] edit2/0022_skate-jump: rho (15, 1560) range [2.040, 36.007] mean 2.705 -> /home/ids/skhairi/Data/dataggen/outputs/five_bench/r35_rho/dino_first2/edit2/0022_skate-jump.npz
[ok] edit2/0023_kayak-race: rho (15, 1560) range [2.134, 50.000] mean 3.761 -> /home/ids/skhairi/Data/dataggen/outputs/five_bench/r35_rho/dino_first2/edit2/0023_kayak-race.npz
[ok] edit2/0024_hockey: rho (18, 1560) range [2.070, 50.000] mean 4.127 -> /home/ids/skhairi/Data/dataggen/outputs/five_bench/r35_rho/dino_first2/edit2/0024_hockey.npz
[ok] edit2/0025_baseball: rho (21, 1560) range [2.038, 30.932] mean 2.553 -> /home/ids/skhairi/Data/dataggen/outputs/five_bench/r35_rho/dino_first2/edit2/0025_baseball.npz
[ok] edit2/0026_table-tennis: rho (18, 1560) range [2.025, 24.000] mean 2.455 -> /home/ids/skhairi/Data/dataggen/outputs/five_bench/r35_rho/dino_first2/edit2/0026_table-tennis.npz
[ok] edit2/0027_dance-jump: rho (15, 1560) range [2.051, 50.000] mean 4.243 -> /home/ids/skhairi/Data/dataggen/outputs/five_bench/r35_rho/dino_first2/edit2/0027_dance-jump.npz
[ok] edit2/0028_kite-walk: rho (18, 1560) range [2.044, 25.491] mean 2.408 -> /home/ids/skhairi/Data/dataggen/outputs/five_bench/r35_rho/dino_first2/edit2/0028_kite-walk.npz
[ok] edit2/0029_horsejump-stick: rho (15, 1560) range [2.135, 50.000] mean 3.884 -> /home/ids/skhairi/Data/dataggen/outputs/five_bench/r35_rho/dino_first2/edit2/0029_horsejump-stick.npz
[ok] edit2/0030_rallye: rho (12, 1560) range [2.067, 50.000] mean 6.233 -> /home/ids/skhairi/Data/dataggen/outputs/five_bench/r35_rho/dino_first2/edit2/0030_rallye.npz
[ok] edit2/0031_soccerball: rho (12, 1560) range [2.031, 18.265] mean 2.280 -> /home/ids/skhairi/Data/dataggen/outputs/five_bench/r35_rho/dino_first2/edit2/0031_soccerball.npz
[ok] edit2/0032_mermaid: rho (18, 1560) range [2.119, 17.792] mean 3.008 -> /home/ids/skhairi/Data/dataggen/outputs/five_bench/r35_rho/dino_first2/edit2/0032_mermaid.npz
[ok] edit2/0033_horsejump-low: rho (15, 1560) range [2.057, 50.000] mean 2.942 -> /home/ids/skhairi/Data/dataggen/outputs/five_bench/r35_rho/dino_first2/edit2/0033_horsejump-low.npz
[ok] edit2/0034_cows: rho (24, 1560) range [2.250, 50.000] mean 6.656 -> /home/ids/skhairi/Data/dataggen/outputs/five_bench/r35_rho/dino_first2/edit2/0034_cows.npz
[ok] edit2/0035_helicopter: rho (12, 1560) range [2.046, 50.000] mean 3.251 -> /home/ids/skhairi/Data/dataggen/outputs/five_bench/r35_rho/dino_first2/edit2/0035_helicopter.npz
[ok] edit2/0036_camel: rho (21, 1560) range [2.081, 50.000] mean 6.301 -> /home/ids/skhairi/Data/dataggen/outputs/five_bench/r35_rho/dino_first2/edit2/0036_camel.npz
[ok] edit2/0037_snowboard-sand: rho (12, 1560) range [2.085, 50.000] mean 2.670 -> /home/ids/skhairi/Data/dataggen/outputs/five_bench/r35_rho/dino_first2/edit2/0037_snowboard-sand.npz
[ok] edit2/0038_motorbike: rho (9, 1560) range [2.030, 50.000] mean 2.653 -> /home/ids/skhairi/Data/dataggen/outputs/five_bench/r35_rho/dino_first2/edit2/0038_motorbike.npz
[ok] edit2/0039_chamaleon: rho (21, 1560) range [2.110, 50.000] mean 6.604 -> /home/ids/skhairi/Data/dataggen/outputs/five_bench/r35_rho/dino_first2/edit2/0039_chamaleon.npz
[ok] edit2/0040_tennis: rho (18, 1560) range [2.088, 50.000] mean 4.482 -> /home/ids/skhairi/Data/dataggen/outputs/five_bench/r35_rho/dino_first2/edit2/0040_tennis.npz
[ok] edit2/0041_longboard: rho (12, 1560) range [2.048, 16.087] mean 2.423 -> /home/ids/skhairi/Data/dataggen/outputs/five_bench/r35_rho/dino_first2/edit2/0041_longboard.npz
[ok] edit2/0042_gym-ball: rho (18, 1560) range [2.077, 50.000] mean 4.080 -> /home/ids/skhairi/Data/dataggen/outputs/five_bench/r35_rho/dino_first2/edit2/0042_gym-ball.npz
[ok] edit2/0043_parkour: rho (24, 1560) range [2.116, 50.000] mean 4.404 -> /home/ids/skhairi/Data/dataggen/outputs/five_bench/r35_rho/dino_first2/edit2/0043_parkour.npz
[ok] edit2/0044_snowboard: rho (15, 1560) range [2.224, 50.000] mean 4.008 -> /home/ids/skhairi/Data/dataggen/outputs/five_bench/r35_rho/dino_first2/edit2/0044_snowboard.npz
[ok] edit2/0045_butterfly: rho (18, 1560) range [2.127, 50.000] mean 5.287 -> /home/ids/skhairi/Data/dataggen/outputs/five_bench/r35_rho/dino_first2/edit2/0045_butterfly.npz
[ok] edit2/0046_blackswan: rho (12, 1560) range [2.262, 50.000] mean 9.453 -> /home/ids/skhairi/Data/dataggen/outputs/five_bench/r35_rho/dino_first2/edit2/0046_blackswan.npz
[ok] edit2/0047_judo: rho (9, 1560) range [2.095, 16.323] mean 3.156 -> /home/ids/skhairi/Data/dataggen/outputs/five_bench/r35_rho/dino_first2/edit2/0047_judo.npz
[ok] edit2/0048_hike: rho (18, 1560) range [2.066, 50.000] mean 3.199 -> /home/ids/skhairi/Data/dataggen/outputs/five_bench/r35_rho/dino_first2/edit2/0048_hike.npz
[ok] edit2/0049_speed-skating: rho (21, 1560) range [2.064, 12.850] mean 2.479 -> /home/ids/skhairi/Data/dataggen/outputs/five_bench/r35_rho/dino_first2/edit2/0049_speed-skating.npz
[ok] edit2/0050_slackline: rho (15, 1560) range [2.066, 50.000] mean 4.138 -> /home/ids/skhairi/Data/dataggen/outputs/five_bench/r35_rho/dino_first2/edit2/0050_slackline.npz
[ok] edit2/0051_dogs-jump: rho (15, 1560) range [2.101, 50.000] mean 3.215 -> /home/ids/skhairi/Data/dataggen/outputs/five_bench/r35_rho/dino_first2/edit2/0051_dogs-jump.npz
[ok] edit2/0052_mallard-fly: rho (18, 1560) range [2.086, 50.000] mean 3.371 -> /home/ids/skhairi/Data/dataggen/outputs/five_bench/r35_rho/dino_first2/edit2/0052_mallard-fly.npz
[ok] edit2/0053_swing: rho (15, 1560) range [2.054, 50.000] mean 2.721 -> /home/ids/skhairi/Data/dataggen/outputs/five_bench/r35_rho/dino_first2/edit2/0053_swing.npz
[ok] edit2/0054_train: rho (18, 1560) range [2.042, 18.409] mean 3.202 -> /home/ids/skhairi/Data/dataggen/outputs/five_bench/r35_rho/dino_first2/edit2/0054_train.npz
[ok] edit2/0055_pigs: rho (18, 1560) range [2.409, 50.000] mean 7.051 -> /home/ids/skhairi/Data/dataggen/outputs/five_bench/r35_rho/dino_first2/edit2/0055_pigs.npz
[ok] edit2/0056_kart-turn: rho (21, 1560) range [2.049, 31.042] mean 3.219 -> /home/ids/skhairi/Data/dataggen/outputs/five_bench/r35_rho/dino_first2/edit2/0056_kart-turn.npz
[ok] edit2/0057_dog: rho (15, 1560) range [2.140, 50.000] mean 4.500 -> /home/ids/skhairi/Data/dataggen/outputs/five_bench/r35_rho/dino_first2/edit2/0057_dog.npz
[ok] edit2/0058_boat: rho (18, 1560) range [2.062, 50.000] mean 2.718 -> /home/ids/skhairi/Data/dataggen/outputs/five_bench/r35_rho/dino_first2/edit2/0058_boat.npz
[ok] edit2/0059_drift-straight: rho (12, 1560) range [2.031, 50.000] mean 3.013 -> /home/ids/skhairi/Data/dataggen/outputs/five_bench/r35_rho/dino_first2/edit2/0059_drift-straight.npz
[ok] edit2/0060_motocross-bumps: rho (15, 1560) range [2.115, 50.000] mean 4.992 -> /home/ids/skhairi/Data/dataggen/outputs/five_bench/r35_rho/dino_first2/edit2/0060_motocross-bumps.npz
[ok] edit2/0061_mbike-santa: rho (15, 1560) range [2.272, 50.000] mean 3.919 -> /home/ids/skhairi/Data/dataggen/outputs/five_bench/r35_rho/dino_first2/edit2/0061_mbike-santa.npz
[ok] edit2/0062_elephant: rho (18, 1560) range [2.225, 50.000] mean 9.485 -> /home/ids/skhairi/Data/dataggen/outputs/five_bench/r35_rho/dino_first2/edit2/0062_elephant.npz
[ok] edit2/0063_drift-turn: rho (15, 1560) range [2.051, 50.000] mean 3.723 -> /home/ids/skhairi/Data/dataggen/outputs/five_bench/r35_rho/dino_first2/edit2/0063_drift-turn.npz
[ok] edit2/0064_rollerblade: rho (9, 1560) range [2.024, 29.375] mean 2.530 -> /home/ids/skhairi/Data/dataggen/outputs/five_bench/r35_rho/dino_first2/edit2/0064_rollerblade.npz
[ok] edit2/0065_twist-dance: rho (21, 1560) range [2.029, 41.542] mean 2.389 -> /home/ids/skhairi/Data/dataggen/outputs/five_bench/r35_rho/dino_first2/edit2/0065_twist-dance.npz
[ok] edit2/0066_deer: rho (18, 1560) range [2.145, 50.000] mean 8.534 -> /home/ids/skhairi/Data/dataggen/outputs/five_bench/r35_rho/dino_first2/edit2/0066_deer.npz
[ok] edit2/0067_mbike-trick: rho (18, 1560) range [2.038, 50.000] mean 3.109 -> /home/ids/skhairi/Data/dataggen/outputs/five_bench/r35_rho/dino_first2/edit2/0067_mbike-trick.npz
[ok] edit2/0068_planes-water: rho (9, 1560) range [2.050, 32.613] mean 3.511 -> /home/ids/skhairi/Data/dataggen/outputs/five_bench/r35_rho/dino_first2/edit2/0068_planes-water.npz
[ok] edit2/0069_car-turn: rho (18, 1560) range [2.026, 50.000] mean 3.015 -> /home/ids/skhairi/Data/dataggen/outputs/five_bench/r35_rho/dino_first2/edit2/0069_car-turn.npz
[ok] edit2/0070_dance-twirl: rho (21, 1560) range [2.032, 50.000] mean 2.713 -> /home/ids/skhairi/Data/dataggen/outputs/five_bench/r35_rho/dino_first2/edit2/0070_dance-twirl.npz
[ok] edit2/0071_mallard-water: rho (18, 1560) range [2.155, 50.000] mean 2.834 -> /home/ids/skhairi/Data/dataggen/outputs/five_bench/r35_rho/dino_first2/edit2/0071_mallard-water.npz
[ok] edit2/0072_dog-agility: rho (6, 1560) range [2.046, 50.000] mean 3.983 -> /home/ids/skhairi/Data/dataggen/outputs/five_bench/r35_rho/dino_first2/edit2/0072_dog-agility.npz
[ok] edit2/0073_bmx-rider: rho (21, 1560) range [2.041, 22.773] mean 2.258 -> /home/ids/skhairi/Data/dataggen/outputs/five_bench/r35_rho/dino_first2/edit2/0073_bmx-rider.npz
[ok] edit2/0074_rhino: rho (21, 1560) range [2.231, 50.000] mean 6.496 -> /home/ids/skhairi/Data/dataggen/outputs/five_bench/r35_rho/dino_first2/edit2/0074_rhino.npz
[ok] edit2/0075_A_bicycle: rho (21, 1560) range [2.027, 50.000] mean 3.446 -> /home/ids/skhairi/Data/dataggen/outputs/five_bench/r35_rho/dino_first2/edit2/0075_A_bicycle.npz
[ok] edit2/0076_A_rabbit: rho (21, 1560) range [2.228, 50.000] mean 6.080 -> /home/ids/skhairi/Data/dataggen/outputs/five_bench/r35_rho/dino_first2/edit2/0076_A_rabbit.npz
[ok] edit2/0077_A_hawk: rho (21, 1560) range [2.164, 50.000] mean 3.018 -> /home/ids/skhairi/Data/dataggen/outputs/five_bench/r35_rho/dino_first2/edit2/0077_A_hawk.npz
[ok] edit2/0078_A_cat: rho (21, 1560) range [2.037, 50.000] mean 2.691 -> /home/ids/skhairi/Data/dataggen/outputs/five_bench/r35_rho/dino_first2/edit2/0078_A_cat.npz
[ok] edit2/0079_A_bus: rho (21, 1560) range [2.087, 18.293] mean 3.152 -> /home/ids/skhairi/Data/dataggen/outputs/five_bench/r35_rho/dino_first2/edit2/0079_A_bus.npz
[ok] edit2/0080_A_motorcycle: rho (21, 1560) range [2.049, 27.044] mean 2.640 -> /home/ids/skhairi/Data/dataggen/outputs/five_bench/r35_rho/dino_first2/edit2/0080_A_motorcycle.npz
[ok] edit2/0081_A_horse: rho (21, 1560) range [2.145, 50.000] mean 8.893 -> /home/ids/skhairi/Data/dataggen/outputs/five_bench/r35_rho/dino_first2/edit2/0081_A_horse.npz
[ok] edit2/0082_A_tram: rho (21, 1560) range [2.034, 50.000] mean 4.640 -> /home/ids/skhairi/Data/dataggen/outputs/five_bench/r35_rho/dino_first2/edit2/0082_A_tram.npz
[ok] edit2/0083_A_boat: rho (21, 1560) range [2.068, 50.000] mean 3.223 -> /home/ids/skhairi/Data/dataggen/outputs/five_bench/r35_rho/dino_first2/edit2/0083_A_boat.npz
[ok] edit2/0084_A_squirrel: rho (21, 1560) range [2.051, 50.000] mean 2.894 -> /home/ids/skhairi/Data/dataggen/outputs/five_bench/r35_rho/dino_first2/edit2/0084_A_squirrel.npz
[ok] edit2/0085_A_tram: rho (21, 1560) range [2.018, 50.000] mean 5.484 -> /home/ids/skhairi/Data/dataggen/outputs/five_bench/r35_rho/dino_first2/edit2/0085_A_tram.npz
[ok] edit2/0086_A_red_sports_car: rho (21, 1560) range [2.096, 50.000] mean 4.974 -> /home/ids/skhairi/Data/dataggen/outputs/five_bench/r35_rho/dino_first2/edit2/0086_A_red_sports_car.npz
[ok] edit2/0087_A_seagull: rho (21, 1560) range [2.047, 50.000] mean 2.373 -> /home/ids/skhairi/Data/dataggen/outputs/five_bench/r35_rho/dino_first2/edit2/0087_A_seagull.npz
[ok] edit2/0088_A_cyclist: rho (21, 1560) range [2.051, 50.000] mean 2.875 -> /home/ids/skhairi/Data/dataggen/outputs/five_bench/r35_rho/dino_first2/edit2/0088_A_cyclist.npz
[ok] edit2/0089_A_dog: rho (21, 1560) range [2.083, 50.000] mean 4.303 -> /home/ids/skhairi/Data/dataggen/outputs/five_bench/r35_rho/dino_first2/edit2/0089_A_dog.npz
[ok] edit2/0090_A_deer: rho (21, 1560) range [2.189, 50.000] mean 4.099 -> /home/ids/skhairi/Data/dataggen/outputs/five_bench/r35_rho/dino_first2/edit2/0090_A_deer.npz
[ok] edit2/0091_A_hawk: rho (21, 1560) range [2.044, 50.000] mean 2.537 -> /home/ids/skhairi/Data/dataggen/outputs/five_bench/r35_rho/dino_first2/edit2/0091_A_hawk.npz
[ok] edit2/0092_A_fox: rho (21, 1560) range [2.139, 50.000] mean 4.564 -> /home/ids/skhairi/Data/dataggen/outputs/five_bench/r35_rho/dino_first2/edit2/0092_A_fox.npz
[ok] edit2/0093_A_helicopter: rho (21, 1560) range [2.131, 50.000] mean 5.038 -> /home/ids/skhairi/Data/dataggen/outputs/five_bench/r35_rho/dino_first2/edit2/0093_A_helicopter.npz
[ok] edit2/0094_A_swan: rho (21, 1560) range [2.089, 50.000] mean 4.855 -> /home/ids/skhairi/Data/dataggen/outputs/five_bench/r35_rho/dino_first2/edit2/0094_A_swan.npz
[ok] edit2/0095_A_crow: rho (21, 1560) range [2.142, 50.000] mean 8.697 -> /home/ids/skhairi/Data/dataggen/outputs/five_bench/r35_rho/dino_first2/edit2/0095_A_crow.npz
[ok] edit2/0096_A_car: rho (21, 1560) range [2.249, 50.000] mean 4.535 -> /home/ids/skhairi/Data/dataggen/outputs/five_bench/r35_rho/dino_first2/edit2/0096_A_car.npz
[ok] edit2/0097_A_bird: rho (21, 1560) range [2.107, 50.000] mean 3.943 -> /home/ids/skhairi/Data/dataggen/outputs/five_bench/r35_rho/dino_first2/edit2/0097_A_bird.npz
[ok] edit2/0098_A_squirrel: rho (21, 1560) range [2.081, 50.000] mean 7.389 -> /home/ids/skhairi/Data/dataggen/outputs/five_bench/r35_rho/dino_first2/edit2/0098_A_squirrel.npz
[ok] edit2/0099_A_jogger: rho (21, 1560) range [2.075, 50.000] mean 2.533 -> /home/ids/skhairi/Data/dataggen/outputs/five_bench/r35_rho/dino_first2/edit2/0099_A_jogger.npz
[ok] edit2/0100_A_deer: rho (21, 1560) range [2.072, 50.000] mean 2.945 -> /home/ids/skhairi/Data/dataggen/outputs/five_bench/r35_rho/dino_first2/edit2/0100_A_deer.npz
[ok] edit3/0001_bus: rho (18, 1560) range [2.027, 4.566] mean 2.196 -> /home/ids/skhairi/Data/dataggen/outputs/five_bench/r35_rho/dino_first2/edit3/0001_bus.npz
[ok] edit3/0002_girl-dog: rho (21, 1560) range [2.014, 50.000] mean 2.497 -> /home/ids/skhairi/Data/dataggen/outputs/five_bench/r35_rho/dino_first2/edit3/0002_girl-dog.npz
[ok] edit3/0003_ocean-birds: rho (9, 1560) range [2.065, 28.984] mean 2.469 -> /home/ids/skhairi/Data/dataggen/outputs/five_bench/r35_rho/dino_first2/edit3/0003_ocean-birds.npz
[ok] edit3/0004_car-roundabout: rho (18, 1560) range [2.028, 17.391] mean 2.237 -> /home/ids/skhairi/Data/dataggen/outputs/five_bench/r35_rho/dino_first2/edit3/0004_car-roundabout.npz
[ok] edit3/0005_breakdance: rho (21, 1560) range [2.007, 50.000] mean 2.327 -> /home/ids/skhairi/Data/dataggen/outputs/five_bench/r35_rho/dino_first2/edit3/0005_breakdance.npz
[ok] edit3/0006_paragliding: rho (18, 1560) range [2.027, 21.646] mean 2.174 -> /home/ids/skhairi/Data/dataggen/outputs/five_bench/r35_rho/dino_first2/edit3/0006_paragliding.npz
[ok] edit3/0007_guitar-violin: rho (12, 1560) range [2.011, 50.000] mean 2.328 -> /home/ids/skhairi/Data/dataggen/outputs/five_bench/r35_rho/dino_first2/edit3/0007_guitar-violin.npz
[ok] edit3/0008_snowboard-race: rho (18, 1560) range [2.019, 43.911] mean 2.334 -> /home/ids/skhairi/Data/dataggen/outputs/five_bench/r35_rho/dino_first2/edit3/0008_snowboard-race.npz
[ok] edit3/0009_bear: rho (21, 1560) range [2.063, 50.000] mean 2.360 -> /home/ids/skhairi/Data/dataggen/outputs/five_bench/r35_rho/dino_first2/edit3/0009_bear.npz
[ok] edit3/0010_giant-slalom: rho (30, 1560) range [2.013, 11.441] mean 2.104 -> /home/ids/skhairi/Data/dataggen/outputs/five_bench/r35_rho/dino_first2/edit3/0010_giant-slalom.npz
[ok] edit3/0011_lucia: rho (18, 1560) range [2.025, 9.237] mean 2.155 -> /home/ids/skhairi/Data/dataggen/outputs/five_bench/r35_rho/dino_first2/edit3/0011_lucia.npz
[ok] edit3/0012_goat: rho (21, 1560) range [2.106, 50.000] mean 2.922 -> /home/ids/skhairi/Data/dataggen/outputs/five_bench/r35_rho/dino_first2/edit3/0012_goat.npz
[ok] edit3/0013_golf: rho (18, 1560) range [2.011, 9.354] mean 2.120 -> /home/ids/skhairi/Data/dataggen/outputs/five_bench/r35_rho/dino_first2/edit3/0013_golf.npz
[ok] edit3/0014_burnout: rho (18, 1560) range [2.019, 29.498] mean 2.343 -> /home/ids/skhairi/Data/dataggen/outputs/five_bench/r35_rho/dino_first2/edit3/0014_burnout.npz
[ok] edit3/0015_car-shadow: rho (9, 1560) range [2.015, 50.000] mean 2.255 -> /home/ids/skhairi/Data/dataggen/outputs/five_bench/r35_rho/dino_first2/edit3/0015_car-shadow.npz
[ok] edit3/0016_horsejump-high: rho (12, 1560) range [2.014, 15.904] mean 2.202 -> /home/ids/skhairi/Data/dataggen/outputs/five_bench/r35_rho/dino_first2/edit3/0016_horsejump-high.npz
[ok] edit3/0017_kid-football: rho (15, 1560) range [2.016, 10.975] mean 2.159 -> /home/ids/skhairi/Data/dataggen/outputs/five_bench/r35_rho/dino_first2/edit3/0017_kid-football.npz
[ok] edit3/0018_breakdance-flare: rho (18, 1560) range [2.015, 50.000] mean 2.444 -> /home/ids/skhairi/Data/dataggen/outputs/five_bench/r35_rho/dino_first2/edit3/0018_breakdance-flare.npz
[ok] edit3/0019_tennis-vest: rho (18, 1560) range [2.012, 11.297] mean 2.135 -> /home/ids/skhairi/Data/dataggen/outputs/five_bench/r35_rho/dino_first2/edit3/0019_tennis-vest.npz
[ok] edit3/0020_monkeys: rho (21, 1560) range [2.046, 17.678] mean 2.476 -> /home/ids/skhairi/Data/dataggen/outputs/five_bench/r35_rho/dino_first2/edit3/0020_monkeys.npz
[ok] edit3/0021_landing: rho (9, 1560) range [2.027, 24.472] mean 2.540 -> /home/ids/skhairi/Data/dataggen/outputs/five_bench/r35_rho/dino_first2/edit3/0021_landing.npz
[ok] edit3/0022_skate-jump: rho (15, 1560) range [2.013, 21.342] mean 2.170 -> /home/ids/skhairi/Data/dataggen/outputs/five_bench/r35_rho/dino_first2/edit3/0022_skate-jump.npz
[ok] edit3/0023_kayak-race: rho (15, 1560) range [2.027, 14.148] mean 2.287 -> /home/ids/skhairi/Data/dataggen/outputs/five_bench/r35_rho/dino_first2/edit3/0023_kayak-race.npz
[ok] edit3/0024_hockey: rho (18, 1560) range [2.015, 25.259] mean 2.240 -> /home/ids/skhairi/Data/dataggen/outputs/five_bench/r35_rho/dino_first2/edit3/0024_hockey.npz
[ok] edit3/0025_baseball: rho (21, 1560) range [2.020, 8.786] mean 2.256 -> /home/ids/skhairi/Data/dataggen/outputs/five_bench/r35_rho/dino_first2/edit3/0025_baseball.npz
[ok] edit3/0026_table-tennis: rho (18, 1560) range [2.036, 9.234] mean 2.276 -> /home/ids/skhairi/Data/dataggen/outputs/five_bench/r35_rho/dino_first2/edit3/0026_table-tennis.npz
[ok] edit3/0027_dance-jump: rho (15, 1560) range [2.037, 50.000] mean 2.993 -> /home/ids/skhairi/Data/dataggen/outputs/five_bench/r35_rho/dino_first2/edit3/0027_dance-jump.npz
[ok] edit3/0028_kite-walk: rho (18, 1560) range [2.010, 5.206] mean 2.043 -> /home/ids/skhairi/Data/dataggen/outputs/five_bench/r35_rho/dino_first2/edit3/0028_kite-walk.npz
[ok] edit3/0029_horsejump-stick: rho (15, 1560) range [2.035, 50.000] mean 2.912 -> /home/ids/skhairi/Data/dataggen/outputs/five_bench/r35_rho/dino_first2/edit3/0029_horsejump-stick.npz
[ok] edit3/0030_rallye: rho (12, 1560) range [2.016, 49.849] mean 2.215 -> /home/ids/skhairi/Data/dataggen/outputs/five_bench/r35_rho/dino_first2/edit3/0030_rallye.npz
[ok] edit3/0031_soccerball: rho (12, 1560) range [2.014, 10.174] mean 2.132 -> /home/ids/skhairi/Data/dataggen/outputs/five_bench/r35_rho/dino_first2/edit3/0031_soccerball.npz
[ok] edit3/0032_mermaid: rho (18, 1560) range [2.066, 14.191] mean 2.882 -> /home/ids/skhairi/Data/dataggen/outputs/five_bench/r35_rho/dino_first2/edit3/0032_mermaid.npz
[ok] edit3/0033_horsejump-low: rho (15, 1560) range [2.031, 50.000] mean 2.463 -> /home/ids/skhairi/Data/dataggen/outputs/five_bench/r35_rho/dino_first2/edit3/0033_horsejump-low.npz
[ok] edit3/0034_cows: rho (24, 1560) range [2.044, 50.000] mean 2.464 -> /home/ids/skhairi/Data/dataggen/outputs/five_bench/r35_rho/dino_first2/edit3/0034_cows.npz
[ok] edit3/0035_helicopter: rho (12, 1560) range [2.023, 7.912] mean 2.154 -> /home/ids/skhairi/Data/dataggen/outputs/five_bench/r35_rho/dino_first2/edit3/0035_helicopter.npz
[ok] edit3/0036_camel: rho (21, 1560) range [2.042, 24.236] mean 2.375 -> /home/ids/skhairi/Data/dataggen/outputs/five_bench/r35_rho/dino_first2/edit3/0036_camel.npz
[ok] edit3/0037_snowboard-sand: rho (12, 1560) range [2.029, 13.834] mean 2.240 -> /home/ids/skhairi/Data/dataggen/outputs/five_bench/r35_rho/dino_first2/edit3/0037_snowboard-sand.npz
[ok] edit3/0038_motorbike: rho (9, 1560) range [2.027, 9.579] mean 2.164 -> /home/ids/skhairi/Data/dataggen/outputs/five_bench/r35_rho/dino_first2/edit3/0038_motorbike.npz
[ok] edit3/0039_chamaleon: rho (21, 1560) range [2.049, 27.243] mean 2.691 -> /home/ids/skhairi/Data/dataggen/outputs/five_bench/r35_rho/dino_first2/edit3/0039_chamaleon.npz
[ok] edit3/0040_tennis: rho (18, 1560) range [2.021, 20.411] mean 2.302 -> /home/ids/skhairi/Data/dataggen/outputs/five_bench/r35_rho/dino_first2/edit3/0040_tennis.npz
[ok] edit3/0041_longboard: rho (12, 1560) range [2.011, 6.765] mean 2.129 -> /home/ids/skhairi/Data/dataggen/outputs/five_bench/r35_rho/dino_first2/edit3/0041_longboard.npz
[ok] edit3/0042_gym-ball: rho (18, 1560) range [2.014, 11.368] mean 2.271 -> /home/ids/skhairi/Data/dataggen/outputs/five_bench/r35_rho/dino_first2/edit3/0042_gym-ball.npz
[ok] edit3/0043_parkour: rho (24, 1560) range [2.019, 26.968] mean 2.361 -> /home/ids/skhairi/Data/dataggen/outputs/five_bench/r35_rho/dino_first2/edit3/0043_parkour.npz
[ok] edit3/0044_snowboard: rho (15, 1560) range [2.038, 11.765] mean 2.479 -> /home/ids/skhairi/Data/dataggen/outputs/five_bench/r35_rho/dino_first2/edit3/0044_snowboard.npz
[ok] edit3/0045_butterfly: rho (18, 1560) range [2.034, 50.000] mean 3.072 -> /home/ids/skhairi/Data/dataggen/outputs/five_bench/r35_rho/dino_first2/edit3/0045_butterfly.npz
[ok] edit3/0046_blackswan: rho (12, 1560) range [2.074, 29.001] mean 2.481 -> /home/ids/skhairi/Data/dataggen/outputs/five_bench/r35_rho/dino_first2/edit3/0046_blackswan.npz
[ok] edit3/0047_judo: rho (9, 1560) range [2.020, 10.274] mean 2.309 -> /home/ids/skhairi/Data/dataggen/outputs/five_bench/r35_rho/dino_first2/edit3/0047_judo.npz
[ok] edit3/0048_hike: rho (18, 1560) range [2.025, 13.662] mean 2.138 -> /home/ids/skhairi/Data/dataggen/outputs/five_bench/r35_rho/dino_first2/edit3/0048_hike.npz
[ok] edit3/0049_speed-skating: rho (21, 1560) range [2.025, 11.010] mean 2.307 -> /home/ids/skhairi/Data/dataggen/outputs/five_bench/r35_rho/dino_first2/edit3/0049_speed-skating.npz
[ok] edit3/0050_slackline: rho (15, 1560) range [2.027, 50.000] mean 2.490 -> /home/ids/skhairi/Data/dataggen/outputs/five_bench/r35_rho/dino_first2/edit3/0050_slackline.npz
[ok] edit3/0051_dogs-jump: rho (15, 1560) range [2.022, 18.748] mean 2.286 -> /home/ids/skhairi/Data/dataggen/outputs/five_bench/r35_rho/dino_first2/edit3/0051_dogs-jump.npz
[ok] edit3/0052_mallard-fly: rho (18, 1560) range [2.058, 50.000] mean 2.498 -> /home/ids/skhairi/Data/dataggen/outputs/five_bench/r35_rho/dino_first2/edit3/0052_mallard-fly.npz
[ok] edit3/0053_swing: rho (15, 1560) range [2.016, 38.169] mean 2.394 -> /home/ids/skhairi/Data/dataggen/outputs/five_bench/r35_rho/dino_first2/edit3/0053_swing.npz
[ok] edit3/0054_train: rho (18, 1560) range [2.025, 11.405] mean 2.408 -> /home/ids/skhairi/Data/dataggen/outputs/five_bench/r35_rho/dino_first2/edit3/0054_train.npz
[ok] edit3/0055_pigs: rho (18, 1560) range [2.062, 20.056] mean 2.567 -> /home/ids/skhairi/Data/dataggen/outputs/five_bench/r35_rho/dino_first2/edit3/0055_pigs.npz
[ok] edit3/0056_kart-turn: rho (21, 1560) range [2.022, 14.333] mean 2.510 -> /home/ids/skhairi/Data/dataggen/outputs/five_bench/r35_rho/dino_first2/edit3/0056_kart-turn.npz
[ok] edit3/0057_dog: rho (15, 1560) range [2.089, 50.000] mean 3.767 -> /home/ids/skhairi/Data/dataggen/outputs/five_bench/r35_rho/dino_first2/edit3/0057_dog.npz
[ok] edit3/0058_boat: rho (18, 1560) range [2.020, 17.354] mean 2.163 -> /home/ids/skhairi/Data/dataggen/outputs/five_bench/r35_rho/dino_first2/edit3/0058_boat.npz
[ok] edit3/0059_drift-straight: rho (12, 1560) range [2.013, 50.000] mean 2.733 -> /home/ids/skhairi/Data/dataggen/outputs/five_bench/r35_rho/dino_first2/edit3/0059_drift-straight.npz
[ok] edit3/0060_motocross-bumps: rho (15, 1560) range [2.031, 9.965] mean 2.436 -> /home/ids/skhairi/Data/dataggen/outputs/five_bench/r35_rho/dino_first2/edit3/0060_motocross-bumps.npz
[ok] edit3/0061_mbike-santa: rho (15, 1560) range [2.066, 33.959] mean 2.951 -> /home/ids/skhairi/Data/dataggen/outputs/five_bench/r35_rho/dino_first2/edit3/0061_mbike-santa.npz
[ok] edit3/0062_elephant: rho (18, 1560) range [2.098, 50.000] mean 2.434 -> /home/ids/skhairi/Data/dataggen/outputs/five_bench/r35_rho/dino_first2/edit3/0062_elephant.npz
[ok] edit3/0063_drift-turn: rho (15, 1560) range [2.049, 50.000] mean 3.093 -> /home/ids/skhairi/Data/dataggen/outputs/five_bench/r35_rho/dino_first2/edit3/0063_drift-turn.npz
[ok] edit3/0064_rollerblade: rho (9, 1560) range [2.015, 12.033] mean 2.154 -> /home/ids/skhairi/Data/dataggen/outputs/five_bench/r35_rho/dino_first2/edit3/0064_rollerblade.npz
[ok] edit3/0065_twist-dance: rho (21, 1560) range [2.010, 14.467] mean 2.177 -> /home/ids/skhairi/Data/dataggen/outputs/five_bench/r35_rho/dino_first2/edit3/0065_twist-dance.npz
[ok] edit3/0066_deer: rho (18, 1560) range [2.066, 50.000] mean 3.948 -> /home/ids/skhairi/Data/dataggen/outputs/five_bench/r35_rho/dino_first2/edit3/0066_deer.npz
[ok] edit3/0067_mbike-trick: rho (18, 1560) range [2.011, 13.934] mean 2.163 -> /home/ids/skhairi/Data/dataggen/outputs/five_bench/r35_rho/dino_first2/edit3/0067_mbike-trick.npz
[ok] edit3/0068_planes-water: rho (9, 1560) range [2.016, 3.713] mean 2.074 -> /home/ids/skhairi/Data/dataggen/outputs/five_bench/r35_rho/dino_first2/edit3/0068_planes-water.npz
[ok] edit3/0069_car-turn: rho (18, 1560) range [2.012, 13.896] mean 2.279 -> /home/ids/skhairi/Data/dataggen/outputs/five_bench/r35_rho/dino_first2/edit3/0069_car-turn.npz
[ok] edit3/0070_dance-twirl: rho (21, 1560) range [2.021, 18.462] mean 2.421 -> /home/ids/skhairi/Data/dataggen/outputs/five_bench/r35_rho/dino_first2/edit3/0070_dance-twirl.npz
[ok] edit3/0071_mallard-water: rho (18, 1560) range [2.102, 21.387] mean 2.321 -> /home/ids/skhairi/Data/dataggen/outputs/five_bench/r35_rho/dino_first2/edit3/0071_mallard-water.npz
[ok] edit3/0072_dog-agility: rho (6, 1560) range [2.025, 12.380] mean 2.463 -> /home/ids/skhairi/Data/dataggen/outputs/five_bench/r35_rho/dino_first2/edit3/0072_dog-agility.npz
[ok] edit3/0073_bmx-rider: rho (21, 1560) range [2.031, 18.778] mean 2.251 -> /home/ids/skhairi/Data/dataggen/outputs/five_bench/r35_rho/dino_first2/edit3/0073_bmx-rider.npz
[ok] edit3/0074_rhino: rho (21, 1560) range [2.040, 12.927] mean 2.202 -> /home/ids/skhairi/Data/dataggen/outputs/five_bench/r35_rho/dino_first2/edit3/0074_rhino.npz
[ok] edit3/0075_A_bicycle: rho (21, 1560) range [2.008, 14.201] mean 2.105 -> /home/ids/skhairi/Data/dataggen/outputs/five_bench/r35_rho/dino_first2/edit3/0075_A_bicycle.npz
[ok] edit3/0076_A_rabbit: rho (21, 1560) range [2.071, 50.000] mean 2.650 -> /home/ids/skhairi/Data/dataggen/outputs/five_bench/r35_rho/dino_first2/edit3/0076_A_rabbit.npz
[ok] edit3/0077_A_hawk: rho (21, 1560) range [2.077, 50.000] mean 2.312 -> /home/ids/skhairi/Data/dataggen/outputs/five_bench/r35_rho/dino_first2/edit3/0077_A_hawk.npz
[ok] edit3/0078_A_cat: rho (21, 1560) range [2.010, 16.511] mean 2.142 -> /home/ids/skhairi/Data/dataggen/outputs/five_bench/r35_rho/dino_first2/edit3/0078_A_cat.npz
[ok] edit3/0079_A_bus: rho (21, 1560) range [2.031, 7.049] mean 2.316 -> /home/ids/skhairi/Data/dataggen/outputs/five_bench/r35_rho/dino_first2/edit3/0079_A_bus.npz
[ok] edit3/0080_A_motorcycle: rho (21, 1560) range [2.039, 14.385] mean 2.365 -> /home/ids/skhairi/Data/dataggen/outputs/five_bench/r35_rho/dino_first2/edit3/0080_A_motorcycle.npz
[ok] edit3/0081_A_horse: rho (21, 1560) range [2.033, 21.122] mean 2.190 -> /home/ids/skhairi/Data/dataggen/outputs/five_bench/r35_rho/dino_first2/edit3/0081_A_horse.npz
[ok] edit3/0082_A_tram: rho (21, 1560) range [2.008, 29.573] mean 2.348 -> /home/ids/skhairi/Data/dataggen/outputs/five_bench/r35_rho/dino_first2/edit3/0082_A_tram.npz
[ok] edit3/0083_A_boat: rho (21, 1560) range [2.019, 8.557] mean 2.181 -> /home/ids/skhairi/Data/dataggen/outputs/five_bench/r35_rho/dino_first2/edit3/0083_A_boat.npz
[ok] edit3/0084_A_squirrel: rho (21, 1560) range [2.032, 26.463] mean 2.523 -> /home/ids/skhairi/Data/dataggen/outputs/five_bench/r35_rho/dino_first2/edit3/0084_A_squirrel.npz
[ok] edit3/0085_A_tram: rho (21, 1560) range [2.010, 8.658] mean 2.234 -> /home/ids/skhairi/Data/dataggen/outputs/five_bench/r35_rho/dino_first2/edit3/0085_A_tram.npz
[ok] edit3/0086_A_red_sports_car: rho (21, 1560) range [2.011, 50.000] mean 2.217 -> /home/ids/skhairi/Data/dataggen/outputs/five_bench/r35_rho/dino_first2/edit3/0086_A_red_sports_car.npz
[ok] edit3/0087_A_seagull: rho (21, 1560) range [2.022, 13.567] mean 2.126 -> /home/ids/skhairi/Data/dataggen/outputs/five_bench/r35_rho/dino_first2/edit3/0087_A_seagull.npz
[ok] edit3/0088_A_cyclist: rho (21, 1560) range [2.010, 11.888] mean 2.186 -> /home/ids/skhairi/Data/dataggen/outputs/five_bench/r35_rho/dino_first2/edit3/0088_A_cyclist.npz
[ok] edit3/0089_A_dog: rho (21, 1560) range [2.017, 50.000] mean 2.420 -> /home/ids/skhairi/Data/dataggen/outputs/five_bench/r35_rho/dino_first2/edit3/0089_A_dog.npz
[ok] edit3/0090_A_deer: rho (21, 1560) range [2.040, 23.497] mean 2.238 -> /home/ids/skhairi/Data/dataggen/outputs/five_bench/r35_rho/dino_first2/edit3/0090_A_deer.npz
[ok] edit3/0091_A_hawk: rho (21, 1560) range [2.035, 50.000] mean 2.175 -> /home/ids/skhairi/Data/dataggen/outputs/five_bench/r35_rho/dino_first2/edit3/0091_A_hawk.npz
[ok] edit3/0092_A_fox: rho (21, 1560) range [2.035, 42.908] mean 2.274 -> /home/ids/skhairi/Data/dataggen/outputs/five_bench/r35_rho/dino_first2/edit3/0092_A_fox.npz
[ok] edit3/0093_A_helicopter: rho (21, 1560) range [2.036, 18.974] mean 2.510 -> /home/ids/skhairi/Data/dataggen/outputs/five_bench/r35_rho/dino_first2/edit3/0093_A_helicopter.npz
[ok] edit3/0094_A_swan: rho (21, 1560) range [2.046, 18.591] mean 2.332 -> /home/ids/skhairi/Data/dataggen/outputs/five_bench/r35_rho/dino_first2/edit3/0094_A_swan.npz
[ok] edit3/0095_A_crow: rho (21, 1560) range [2.011, 13.764] mean 2.096 -> /home/ids/skhairi/Data/dataggen/outputs/five_bench/r35_rho/dino_first2/edit3/0095_A_crow.npz
[ok] edit3/0096_A_car: rho (21, 1560) range [2.022, 49.678] mean 2.170 -> /home/ids/skhairi/Data/dataggen/outputs/five_bench/r35_rho/dino_first2/edit3/0096_A_car.npz
[ok] edit3/0097_A_bird: rho (21, 1560) range [2.027, 12.754] mean 2.198 -> /home/ids/skhairi/Data/dataggen/outputs/five_bench/r35_rho/dino_first2/edit3/0097_A_bird.npz
[ok] edit3/0098_A_squirrel: rho (21, 1560) range [2.013, 15.833] mean 2.151 -> /home/ids/skhairi/Data/dataggen/outputs/five_bench/r35_rho/dino_first2/edit3/0098_A_squirrel.npz
[ok] edit3/0099_A_jogger: rho (21, 1560) range [2.023, 10.233] mean 2.151 -> /home/ids/skhairi/Data/dataggen/outputs/five_bench/r35_rho/dino_first2/edit3/0099_A_jogger.npz
[ok] edit3/0100_A_deer: rho (21, 1560) range [2.019, 20.230] mean 2.285 -> /home/ids/skhairi/Data/dataggen/outputs/five_bench/r35_rho/dino_first2/edit3/0100_A_deer.npz
[ok] edit4/0001_bus: rho (18, 1560) range [2.045, 11.291] mean 2.455 -> /home/ids/skhairi/Data/dataggen/outputs/five_bench/r35_rho/dino_first2/edit4/0001_bus.npz
[ok] edit4/0002_girl-dog: rho (21, 1560) range [2.012, 13.540] mean 2.336 -> /home/ids/skhairi/Data/dataggen/outputs/five_bench/r35_rho/dino_first2/edit4/0002_girl-dog.npz
[ok] edit4/0003_ocean-birds: rho (9, 1560) range [2.061, 22.611] mean 2.410 -> /home/ids/skhairi/Data/dataggen/outputs/five_bench/r35_rho/dino_first2/edit4/0003_ocean-birds.npz
[ok] edit4/0004_car-roundabout: rho (18, 1560) range [2.039, 17.935] mean 2.223 -> /home/ids/skhairi/Data/dataggen/outputs/five_bench/r35_rho/dino_first2/edit4/0004_car-roundabout.npz
[ok] edit4/0005_breakdance: rho (21, 1560) range [2.017, 50.000] mean 2.598 -> /home/ids/skhairi/Data/dataggen/outputs/five_bench/r35_rho/dino_first2/edit4/0005_breakdance.npz
[ok] edit4/0006_paragliding: rho (18, 1560) range [2.029, 22.554] mean 2.161 -> /home/ids/skhairi/Data/dataggen/outputs/five_bench/r35_rho/dino_first2/edit4/0006_paragliding.npz
[ok] edit4/0007_guitar-violin: rho (12, 1560) range [2.054, 50.000] mean 4.812 -> /home/ids/skhairi/Data/dataggen/outputs/five_bench/r35_rho/dino_first2/edit4/0007_guitar-violin.npz
[ok] edit4/0008_snowboard-race: rho (18, 1560) range [2.062, 50.000] mean 2.594 -> /home/ids/skhairi/Data/dataggen/outputs/five_bench/r35_rho/dino_first2/edit4/0008_snowboard-race.npz
[ok] edit4/0009_bear: rho (21, 1560) range [2.050, 11.662] mean 2.216 -> /home/ids/skhairi/Data/dataggen/outputs/five_bench/r35_rho/dino_first2/edit4/0009_bear.npz
[ok] edit4/0010_giant-slalom: rho (30, 1560) range [2.037, 15.716] mean 2.364 -> /home/ids/skhairi/Data/dataggen/outputs/five_bench/r35_rho/dino_first2/edit4/0010_giant-slalom.npz
[ok] edit4/0011_lucia: rho (18, 1560) range [2.045, 20.166] mean 2.369 -> /home/ids/skhairi/Data/dataggen/outputs/five_bench/r35_rho/dino_first2/edit4/0011_lucia.npz
[ok] edit4/0012_goat: rho (21, 1560) range [2.111, 50.000] mean 3.054 -> /home/ids/skhairi/Data/dataggen/outputs/five_bench/r35_rho/dino_first2/edit4/0012_goat.npz
[ok] edit4/0013_golf: rho (18, 1560) range [2.010, 13.102] mean 2.154 -> /home/ids/skhairi/Data/dataggen/outputs/five_bench/r35_rho/dino_first2/edit4/0013_golf.npz
[ok] edit4/0014_burnout: rho (18, 1560) range [2.013, 46.171] mean 2.316 -> /home/ids/skhairi/Data/dataggen/outputs/five_bench/r35_rho/dino_first2/edit4/0014_burnout.npz
[ok] edit4/0015_car-shadow: rho (9, 1560) range [2.046, 50.000] mean 3.882 -> /home/ids/skhairi/Data/dataggen/outputs/five_bench/r35_rho/dino_first2/edit4/0015_car-shadow.npz
[ok] edit4/0016_horsejump-high: rho (12, 1560) range [2.021, 14.793] mean 2.250 -> /home/ids/skhairi/Data/dataggen/outputs/five_bench/r35_rho/dino_first2/edit4/0016_horsejump-high.npz
[ok] edit4/0017_kid-football: rho (15, 1560) range [2.042, 10.969] mean 2.442 -> /home/ids/skhairi/Data/dataggen/outputs/five_bench/r35_rho/dino_first2/edit4/0017_kid-football.npz
[ok] edit4/0018_breakdance-flare: rho (18, 1560) range [2.033, 50.000] mean 2.586 -> /home/ids/skhairi/Data/dataggen/outputs/five_bench/r35_rho/dino_first2/edit4/0018_breakdance-flare.npz
[ok] edit4/0019_tennis-vest: rho (18, 1560) range [2.014, 8.990] mean 2.117 -> /home/ids/skhairi/Data/dataggen/outputs/five_bench/r35_rho/dino_first2/edit4/0019_tennis-vest.npz
[ok] edit4/0020_monkeys: rho (21, 1560) range [2.074, 26.458] mean 2.853 -> /home/ids/skhairi/Data/dataggen/outputs/five_bench/r35_rho/dino_first2/edit4/0020_monkeys.npz
[ok] edit4/0021_landing: rho (9, 1560) range [2.030, 50.000] mean 3.937 -> /home/ids/skhairi/Data/dataggen/outputs/five_bench/r35_rho/dino_first2/edit4/0021_landing.npz
[ok] edit4/0022_skate-jump: rho (15, 1560) range [2.018, 14.814] mean 2.145 -> /home/ids/skhairi/Data/dataggen/outputs/five_bench/r35_rho/dino_first2/edit4/0022_skate-jump.npz
[ok] edit4/0023_kayak-race: rho (15, 1560) range [2.068, 28.494] mean 2.519 -> /home/ids/skhairi/Data/dataggen/outputs/five_bench/r35_rho/dino_first2/edit4/0023_kayak-race.npz
[ok] edit4/0024_hockey: rho (18, 1560) range [2.012, 13.926] mean 2.176 -> /home/ids/skhairi/Data/dataggen/outputs/five_bench/r35_rho/dino_first2/edit4/0024_hockey.npz
[ok] edit4/0025_baseball: rho (21, 1560) range [2.030, 11.155] mean 2.381 -> /home/ids/skhairi/Data/dataggen/outputs/five_bench/r35_rho/dino_first2/edit4/0025_baseball.npz
[ok] edit4/0026_table-tennis: rho (18, 1560) range [2.023, 14.908] mean 2.304 -> /home/ids/skhairi/Data/dataggen/outputs/five_bench/r35_rho/dino_first2/edit4/0026_table-tennis.npz
[ok] edit4/0027_dance-jump: rho (15, 1560) range [2.037, 29.716] mean 2.425 -> /home/ids/skhairi/Data/dataggen/outputs/five_bench/r35_rho/dino_first2/edit4/0027_dance-jump.npz
[ok] edit4/0028_kite-walk: rho (18, 1560) range [2.041, 12.666] mean 2.195 -> /home/ids/skhairi/Data/dataggen/outputs/five_bench/r35_rho/dino_first2/edit4/0028_kite-walk.npz
[ok] edit4/0029_horsejump-stick: rho (15, 1560) range [2.040, 50.000] mean 2.602 -> /home/ids/skhairi/Data/dataggen/outputs/five_bench/r35_rho/dino_first2/edit4/0029_horsejump-stick.npz
[ok] edit4/0030_rallye: rho (12, 1560) range [2.042, 50.000] mean 5.616 -> /home/ids/skhairi/Data/dataggen/outputs/five_bench/r35_rho/dino_first2/edit4/0030_rallye.npz
[ok] edit4/0031_soccerball: rho (12, 1560) range [2.013, 13.538] mean 2.109 -> /home/ids/skhairi/Data/dataggen/outputs/five_bench/r35_rho/dino_first2/edit4/0031_soccerball.npz
[ok] edit4/0032_mermaid: rho (18, 1560) range [2.118, 25.297] mean 3.271 -> /home/ids/skhairi/Data/dataggen/outputs/five_bench/r35_rho/dino_first2/edit4/0032_mermaid.npz
[ok] edit4/0033_horsejump-low: rho (15, 1560) range [2.020, 50.000] mean 2.346 -> /home/ids/skhairi/Data/dataggen/outputs/five_bench/r35_rho/dino_first2/edit4/0033_horsejump-low.npz
[ok] edit4/0034_cows: rho (24, 1560) range [2.028, 50.000] mean 2.332 -> /home/ids/skhairi/Data/dataggen/outputs/five_bench/r35_rho/dino_first2/edit4/0034_cows.npz
[ok] edit4/0035_helicopter: rho (12, 1560) range [2.024, 16.203] mean 2.264 -> /home/ids/skhairi/Data/dataggen/outputs/five_bench/r35_rho/dino_first2/edit4/0035_helicopter.npz
[ok] edit4/0036_camel: rho (21, 1560) range [2.091, 32.421] mean 2.873 -> /home/ids/skhairi/Data/dataggen/outputs/five_bench/r35_rho/dino_first2/edit4/0036_camel.npz
[ok] edit4/0037_snowboard-sand: rho (12, 1560) range [2.105, 13.532] mean 2.570 -> /home/ids/skhairi/Data/dataggen/outputs/five_bench/r35_rho/dino_first2/edit4/0037_snowboard-sand.npz
[ok] edit4/0038_motorbike: rho (9, 1560) range [2.020, 17.461] mean 2.242 -> /home/ids/skhairi/Data/dataggen/outputs/five_bench/r35_rho/dino_first2/edit4/0038_motorbike.npz
[ok] edit4/0039_chamaleon: rho (21, 1560) range [2.055, 34.186] mean 2.741 -> /home/ids/skhairi/Data/dataggen/outputs/five_bench/r35_rho/dino_first2/edit4/0039_chamaleon.npz
[ok] edit4/0040_tennis: rho (18, 1560) range [2.016, 17.203] mean 2.197 -> /home/ids/skhairi/Data/dataggen/outputs/five_bench/r35_rho/dino_first2/edit4/0040_tennis.npz
[ok] edit4/0041_longboard: rho (12, 1560) range [2.058, 50.000] mean 2.661 -> /home/ids/skhairi/Data/dataggen/outputs/five_bench/r35_rho/dino_first2/edit4/0041_longboard.npz
[ok] edit4/0042_gym-ball: rho (18, 1560) range [2.038, 19.932] mean 2.497 -> /home/ids/skhairi/Data/dataggen/outputs/five_bench/r35_rho/dino_first2/edit4/0042_gym-ball.npz
[ok] edit4/0043_parkour: rho (24, 1560) range [2.030, 42.815] mean 2.624 -> /home/ids/skhairi/Data/dataggen/outputs/five_bench/r35_rho/dino_first2/edit4/0043_parkour.npz
[ok] edit4/0044_snowboard: rho (15, 1560) range [2.045, 10.613] mean 2.564 -> /home/ids/skhairi/Data/dataggen/outputs/five_bench/r35_rho/dino_first2/edit4/0044_snowboard.npz
[ok] edit4/0045_butterfly: rho (18, 1560) range [2.061, 50.000] mean 5.302 -> /home/ids/skhairi/Data/dataggen/outputs/five_bench/r35_rho/dino_first2/edit4/0045_butterfly.npz
[ok] edit4/0046_blackswan: rho (12, 1560) range [2.054, 16.239] mean 2.244 -> /home/ids/skhairi/Data/dataggen/outputs/five_bench/r35_rho/dino_first2/edit4/0046_blackswan.npz
[ok] edit4/0047_judo: rho (9, 1560) range [2.050, 12.414] mean 2.559 -> /home/ids/skhairi/Data/dataggen/outputs/five_bench/r35_rho/dino_first2/edit4/0047_judo.npz
[ok] edit4/0048_hike: rho (18, 1560) range [2.061, 21.027] mean 2.285 -> /home/ids/skhairi/Data/dataggen/outputs/five_bench/r35_rho/dino_first2/edit4/0048_hike.npz
[ok] edit4/0049_speed-skating: rho (21, 1560) range [2.029, 12.007] mean 2.260 -> /home/ids/skhairi/Data/dataggen/outputs/five_bench/r35_rho/dino_first2/edit4/0049_speed-skating.npz
[ok] edit4/0050_slackline: rho (15, 1560) range [2.045, 17.318] mean 2.463 -> /home/ids/skhairi/Data/dataggen/outputs/five_bench/r35_rho/dino_first2/edit4/0050_slackline.npz
[ok] edit4/0051_dogs-jump: rho (15, 1560) range [2.060, 50.000] mean 3.273 -> /home/ids/skhairi/Data/dataggen/outputs/five_bench/r35_rho/dino_first2/edit4/0051_dogs-jump.npz
[ok] edit4/0052_mallard-fly: rho (18, 1560) range [2.025, 50.000] mean 2.420 -> /home/ids/skhairi/Data/dataggen/outputs/five_bench/r35_rho/dino_first2/edit4/0052_mallard-fly.npz
[ok] edit4/0053_swing: rho (15, 1560) range [2.044, 30.786] mean 2.554 -> /home/ids/skhairi/Data/dataggen/outputs/five_bench/r35_rho/dino_first2/edit4/0053_swing.npz
[ok] edit4/0054_train: rho (18, 1560) range [2.038, 13.403] mean 2.659 -> /home/ids/skhairi/Data/dataggen/outputs/five_bench/r35_rho/dino_first2/edit4/0054_train.npz
[ok] edit4/0055_pigs: rho (18, 1560) range [2.060, 38.261] mean 2.616 -> /home/ids/skhairi/Data/dataggen/outputs/five_bench/r35_rho/dino_first2/edit4/0055_pigs.npz
[ok] edit4/0056_kart-turn: rho (21, 1560) range [2.022, 15.973] mean 2.319 -> /home/ids/skhairi/Data/dataggen/outputs/five_bench/r35_rho/dino_first2/edit4/0056_kart-turn.npz
[ok] edit4/0057_dog: rho (15, 1560) range [2.109, 50.000] mean 4.542 -> /home/ids/skhairi/Data/dataggen/outputs/five_bench/r35_rho/dino_first2/edit4/0057_dog.npz
[ok] edit4/0058_boat: rho (18, 1560) range [2.020, 14.499] mean 2.163 -> /home/ids/skhairi/Data/dataggen/outputs/five_bench/r35_rho/dino_first2/edit4/0058_boat.npz
[ok] edit4/0059_drift-straight: rho (12, 1560) range [2.152, 50.000] mean 4.892 -> /home/ids/skhairi/Data/dataggen/outputs/five_bench/r35_rho/dino_first2/edit4/0059_drift-straight.npz
[ok] edit4/0060_motocross-bumps: rho (15, 1560) range [2.069, 17.081] mean 2.572 -> /home/ids/skhairi/Data/dataggen/outputs/five_bench/r35_rho/dino_first2/edit4/0060_motocross-bumps.npz
[ok] edit4/0061_mbike-santa: rho (15, 1560) range [2.196, 50.000] mean 3.329 -> /home/ids/skhairi/Data/dataggen/outputs/five_bench/r35_rho/dino_first2/edit4/0061_mbike-santa.npz
[ok] edit4/0062_elephant: rho (18, 1560) range [2.158, 50.000] mean 3.863 -> /home/ids/skhairi/Data/dataggen/outputs/five_bench/r35_rho/dino_first2/edit4/0062_elephant.npz
[ok] edit4/0063_drift-turn: rho (15, 1560) range [2.073, 50.000] mean 3.201 -> /home/ids/skhairi/Data/dataggen/outputs/five_bench/r35_rho/dino_first2/edit4/0063_drift-turn.npz
[ok] edit4/0064_rollerblade: rho (9, 1560) range [2.028, 20.514] mean 2.301 -> /home/ids/skhairi/Data/dataggen/outputs/five_bench/r35_rho/dino_first2/edit4/0064_rollerblade.npz
[ok] edit4/0065_twist-dance: rho (21, 1560) range [2.020, 16.826] mean 2.366 -> /home/ids/skhairi/Data/dataggen/outputs/five_bench/r35_rho/dino_first2/edit4/0065_twist-dance.npz
[ok] edit4/0066_deer: rho (18, 1560) range [2.095, 50.000] mean 4.480 -> /home/ids/skhairi/Data/dataggen/outputs/five_bench/r35_rho/dino_first2/edit4/0066_deer.npz
[ok] edit4/0067_mbike-trick: rho (18, 1560) range [2.018, 22.496] mean 2.347 -> /home/ids/skhairi/Data/dataggen/outputs/five_bench/r35_rho/dino_first2/edit4/0067_mbike-trick.npz
[ok] edit4/0068_planes-water: rho (9, 1560) range [2.038, 4.800] mean 2.190 -> /home/ids/skhairi/Data/dataggen/outputs/five_bench/r35_rho/dino_first2/edit4/0068_planes-water.npz
[ok] edit4/0069_car-turn: rho (18, 1560) range [2.019, 14.585] mean 2.363 -> /home/ids/skhairi/Data/dataggen/outputs/five_bench/r35_rho/dino_first2/edit4/0069_car-turn.npz
[ok] edit4/0070_dance-twirl: rho (21, 1560) range [2.030, 50.000] mean 2.661 -> /home/ids/skhairi/Data/dataggen/outputs/five_bench/r35_rho/dino_first2/edit4/0070_dance-twirl.npz
[ok] edit4/0071_mallard-water: rho (18, 1560) range [2.057, 19.900] mean 2.213 -> /home/ids/skhairi/Data/dataggen/outputs/five_bench/r35_rho/dino_first2/edit4/0071_mallard-water.npz
[ok] edit4/0072_dog-agility: rho (6, 1560) range [2.021, 15.341] mean 2.399 -> /home/ids/skhairi/Data/dataggen/outputs/five_bench/r35_rho/dino_first2/edit4/0072_dog-agility.npz
[ok] edit4/0073_bmx-rider: rho (21, 1560) range [2.034, 14.480] mean 2.277 -> /home/ids/skhairi/Data/dataggen/outputs/five_bench/r35_rho/dino_first2/edit4/0073_bmx-rider.npz
[ok] edit4/0074_rhino: rho (21, 1560) range [2.042, 10.916] mean 2.178 -> /home/ids/skhairi/Data/dataggen/outputs/five_bench/r35_rho/dino_first2/edit4/0074_rhino.npz
[ok] edit4/0075_A_bicycle: rho (21, 1560) range [2.012, 14.664] mean 2.155 -> /home/ids/skhairi/Data/dataggen/outputs/five_bench/r35_rho/dino_first2/edit4/0075_A_bicycle.npz
[ok] edit4/0076_A_rabbit: rho (21, 1560) range [2.072, 50.000] mean 2.507 -> /home/ids/skhairi/Data/dataggen/outputs/five_bench/r35_rho/dino_first2/edit4/0076_A_rabbit.npz
[ok] edit4/0077_A_hawk: rho (21, 1560) range [2.100, 50.000] mean 2.560 -> /home/ids/skhairi/Data/dataggen/outputs/five_bench/r35_rho/dino_first2/edit4/0077_A_hawk.npz
[ok] edit4/0078_A_cat: rho (21, 1560) range [2.010, 22.567] mean 2.281 -> /home/ids/skhairi/Data/dataggen/outputs/five_bench/r35_rho/dino_first2/edit4/0078_A_cat.npz
[ok] edit4/0079_A_bus: rho (21, 1560) range [2.042, 13.682] mean 2.634 -> /home/ids/skhairi/Data/dataggen/outputs/five_bench/r35_rho/dino_first2/edit4/0079_A_bus.npz
[ok] edit4/0080_A_motorcycle: rho (21, 1560) range [2.056, 15.454] mean 2.483 -> /home/ids/skhairi/Data/dataggen/outputs/five_bench/r35_rho/dino_first2/edit4/0080_A_motorcycle.npz
[ok] edit4/0081_A_horse: rho (21, 1560) range [2.034, 50.000] mean 2.215 -> /home/ids/skhairi/Data/dataggen/outputs/five_bench/r35_rho/dino_first2/edit4/0081_A_horse.npz
[ok] edit4/0082_A_tram: rho (21, 1560) range [2.014, 14.430] mean 2.393 -> /home/ids/skhairi/Data/dataggen/outputs/five_bench/r35_rho/dino_first2/edit4/0082_A_tram.npz
[ok] edit4/0083_A_boat: rho (21, 1560) range [2.033, 9.982] mean 2.456 -> /home/ids/skhairi/Data/dataggen/outputs/five_bench/r35_rho/dino_first2/edit4/0083_A_boat.npz
[ok] edit4/0084_A_squirrel: rho (21, 1560) range [2.036, 50.000] mean 2.645 -> /home/ids/skhairi/Data/dataggen/outputs/five_bench/r35_rho/dino_first2/edit4/0084_A_squirrel.npz
[ok] edit4/0085_A_tram: rho (21, 1560) range [2.013, 23.849] mean 2.629 -> /home/ids/skhairi/Data/dataggen/outputs/five_bench/r35_rho/dino_first2/edit4/0085_A_tram.npz
[ok] edit4/0086_A_red_sports_car: rho (21, 1560) range [2.013, 8.415] mean 2.138 -> /home/ids/skhairi/Data/dataggen/outputs/five_bench/r35_rho/dino_first2/edit4/0086_A_red_sports_car.npz
[ok] edit4/0087_A_seagull: rho (21, 1560) range [2.021, 12.238] mean 2.128 -> /home/ids/skhairi/Data/dataggen/outputs/five_bench/r35_rho/dino_first2/edit4/0087_A_seagull.npz
[ok] edit4/0088_A_cyclist: rho (21, 1560) range [2.057, 12.434] mean 2.437 -> /home/ids/skhairi/Data/dataggen/outputs/five_bench/r35_rho/dino_first2/edit4/0088_A_cyclist.npz
[ok] edit4/0089_A_dog: rho (21, 1560) range [2.052, 50.000] mean 3.761 -> /home/ids/skhairi/Data/dataggen/outputs/five_bench/r35_rho/dino_first2/edit4/0089_A_dog.npz
[ok] edit4/0090_A_deer: rho (21, 1560) range [2.036, 12.828] mean 2.161 -> /home/ids/skhairi/Data/dataggen/outputs/five_bench/r35_rho/dino_first2/edit4/0090_A_deer.npz
[ok] edit4/0091_A_hawk: rho (21, 1560) range [2.041, 50.000] mean 2.331 -> /home/ids/skhairi/Data/dataggen/outputs/five_bench/r35_rho/dino_first2/edit4/0091_A_hawk.npz
[ok] edit4/0092_A_fox: rho (21, 1560) range [2.021, 23.218] mean 2.177 -> /home/ids/skhairi/Data/dataggen/outputs/five_bench/r35_rho/dino_first2/edit4/0092_A_fox.npz
[ok] edit4/0093_A_helicopter: rho (21, 1560) range [2.023, 14.976] mean 2.260 -> /home/ids/skhairi/Data/dataggen/outputs/five_bench/r35_rho/dino_first2/edit4/0093_A_helicopter.npz
[ok] edit4/0094_A_swan: rho (21, 1560) range [2.007, 17.072] mean 2.066 -> /home/ids/skhairi/Data/dataggen/outputs/five_bench/r35_rho/dino_first2/edit4/0094_A_swan.npz
[ok] edit4/0095_A_crow: rho (21, 1560) range [2.052, 50.000] mean 3.523 -> /home/ids/skhairi/Data/dataggen/outputs/five_bench/r35_rho/dino_first2/edit4/0095_A_crow.npz
[ok] edit4/0096_A_car: rho (21, 1560) range [2.019, 34.913] mean 2.146 -> /home/ids/skhairi/Data/dataggen/outputs/five_bench/r35_rho/dino_first2/edit4/0096_A_car.npz
[ok] edit4/0097_A_bird: rho (21, 1560) range [2.015, 7.870] mean 2.094 -> /home/ids/skhairi/Data/dataggen/outputs/five_bench/r35_rho/dino_first2/edit4/0097_A_bird.npz
[ok] edit4/0098_A_squirrel: rho (21, 1560) range [2.020, 14.562] mean 2.235 -> /home/ids/skhairi/Data/dataggen/outputs/five_bench/r35_rho/dino_first2/edit4/0098_A_squirrel.npz
[ok] edit4/0099_A_jogger: rho (21, 1560) range [2.081, 50.000] mean 2.493 -> /home/ids/skhairi/Data/dataggen/outputs/five_bench/r35_rho/dino_first2/edit4/0099_A_jogger.npz
[ok] edit4/0100_A_deer: rho (21, 1560) range [2.032, 22.536] mean 2.479 -> /home/ids/skhairi/Data/dataggen/outputs/five_bench/r35_rho/dino_first2/edit4/0100_A_deer.npz
[ok] edit5/0007_guitar-violin: rho (12, 1560) range [2.015, 24.060] mean 2.267 -> /home/ids/skhairi/Data/dataggen/outputs/five_bench/r35_rho/dino_first2/edit5/0007_guitar-violin.npz
[ok] edit5/0009_bear: rho (21, 1560) range [2.053, 50.000] mean 2.582 -> /home/ids/skhairi/Data/dataggen/outputs/five_bench/r35_rho/dino_first2/edit5/0009_bear.npz
[ok] edit5/0011_lucia: rho (18, 1560) range [2.051, 50.000] mean 2.620 -> /home/ids/skhairi/Data/dataggen/outputs/five_bench/r35_rho/dino_first2/edit5/0011_lucia.npz
[ok] edit5/0019_tennis-vest: rho (18, 1560) range [2.032, 47.755] mean 2.349 -> /home/ids/skhairi/Data/dataggen/outputs/five_bench/r35_rho/dino_first2/edit5/0019_tennis-vest.npz
[ok] edit5/0034_cows: rho (24, 1560) range [2.044, 50.000] mean 2.678 -> /home/ids/skhairi/Data/dataggen/outputs/five_bench/r35_rho/dino_first2/edit5/0034_cows.npz
[ok] edit5/0036_camel: rho (21, 1560) range [2.051, 50.000] mean 4.057 -> /home/ids/skhairi/Data/dataggen/outputs/five_bench/r35_rho/dino_first2/edit5/0036_camel.npz
[ok] edit5/0057_dog: rho (15, 1560) range [2.088, 50.000] mean 3.914 -> /home/ids/skhairi/Data/dataggen/outputs/five_bench/r35_rho/dino_first2/edit5/0057_dog.npz
[ok] edit5/0069_car-turn: rho (18, 1560) range [2.022, 50.000] mean 3.090 -> /home/ids/skhairi/Data/dataggen/outputs/five_bench/r35_rho/dino_first2/edit5/0069_car-turn.npz
[ok] edit5/0089_A_dog: rho (21, 1560) range [2.010, 17.110] mean 2.195 -> /home/ids/skhairi/Data/dataggen/outputs/five_bench/r35_rho/dino_first2/edit5/0089_A_dog.npz
[ok] edit6/0002_girl-dog: rho (21, 1560) range [2.011, 50.000] mean 2.273 -> /home/ids/skhairi/Data/dataggen/outputs/five_bench/r35_rho/dino_first2/edit6/0002_girl-dog.npz
[ok] edit6/0017_kid-football: rho (15, 1560) range [2.017, 13.854] mean 2.122 -> /home/ids/skhairi/Data/dataggen/outputs/five_bench/r35_rho/dino_first2/edit6/0017_kid-football.npz
[ok] edit6/0025_baseball: rho (21, 1560) range [2.016, 9.092] mean 2.257 -> /home/ids/skhairi/Data/dataggen/outputs/five_bench/r35_rho/dino_first2/edit6/0025_baseball.npz
[ok] edit6/0041_longboard: rho (12, 1560) range [2.022, 18.463] mean 2.240 -> /home/ids/skhairi/Data/dataggen/outputs/five_bench/r35_rho/dino_first2/edit6/0041_longboard.npz
[ok] edit6/0042_gym-ball: rho (18, 1560) range [2.025, 11.259] mean 2.278 -> /home/ids/skhairi/Data/dataggen/outputs/five_bench/r35_rho/dino_first2/edit6/0042_gym-ball.npz
[ok] edit6/0048_hike: rho (18, 1560) range [2.022, 20.710] mean 2.173 -> /home/ids/skhairi/Data/dataggen/outputs/five_bench/r35_rho/dino_first2/edit6/0048_hike.npz
[ok] edit6/0051_dogs-jump: rho (15, 1560) range [2.028, 50.000] mean 2.409 -> /home/ids/skhairi/Data/dataggen/outputs/five_bench/r35_rho/dino_first2/edit6/0051_dogs-jump.npz
[ok] edit6/0055_pigs: rho (18, 1560) range [2.050, 23.482] mean 2.709 -> /home/ids/skhairi/Data/dataggen/outputs/five_bench/r35_rho/dino_first2/edit6/0055_pigs.npz
[ok] edit6/0078_A_cat: rho (21, 1560) range [2.005, 33.630] mean 2.133 -> /home/ids/skhairi/Data/dataggen/outputs/five_bench/r35_rho/dino_first2/edit6/0078_A_cat.npz
[ok] edit6/0088_A_cyclist: rho (21, 1560) range [2.013, 8.078] mean 2.116 -> /home/ids/skhairi/Data/dataggen/outputs/five_bench/r35_rho/dino_first2/edit6/0088_A_cyclist.npz
[r31_rho_map] done: 419/419 ok -> /home/ids/skhairi/Data/dataggen/outputs/five_bench/r35_rho/dino_first2

=== [r35_absnorm] post-run guard: exact per-type breakdown, both trees ===
[r35_absnorm] dino_unblended div_abs: 419 npz total (expect 419), mismatched types=0
[r35_absnorm] dino_unblended rho: 419 npz total (expect 419), mismatched types=0
[r35_absnorm] dino_first2 div_abs: 419 npz total (expect 419), mismatched types=0
[r35_absnorm] dino_first2 rho: 419 npz total (expect 419), mismatched types=0
[r35_absnorm] failures: 0
