[r35_stage3] job=1008815_1 combo=dino_first2 method=r35_dino_first2
[r35_stage3] node=node39 CUDA_VISIBLE_DEVICES=0
GPU 0: NVIDIA L40S (UUID: GPU-b6aad0ab-9542-dbeb-b0e0-668fb96dc8b2)
[r35_stage3] dino_first2 div_abs: 419 npz (expect 419), mismatched types=0
[r35_stage3] dino_first2 rho: 419 npz (expect 419), mismatched types=0
--- [r35_stage3] r35_dino_first2 edit1 ---
[r31_stage3] preflight: validating 100 rho fields in /home/ids/skhairi/Data/dataggen/outputs/five_bench/r35_rho/dino_first2
[r31_stage3]   ok 0001_bus: rho (18, 1560) range [2.05, 50.00]
[r31_stage3]   ok 0002_girl-dog: rho (21, 1560) range [2.01, 50.00]
[r31_stage3]   ok 0003_ocean-birds: rho (9, 1560) range [2.12, 50.00]
[r31_stage3]   ok 0004_car-roundabout: rho (18, 1560) range [2.05, 50.00]
[r31_stage3]   ok 0005_breakdance: rho (21, 1560) range [2.01, 50.00]
[r31_stage3]   ok 0006_paragliding: rho (18, 1560) range [2.04, 50.00]
[r31_stage3]   ok 0007_guitar-violin: rho (12, 1560) range [2.14, 50.00]
[r31_stage3]   ok 0008_snowboard-race: rho (18, 1560) range [2.06, 50.00]
[r31_stage3]   ok 0009_bear: rho (21, 1560) range [2.18, 50.00]
[r31_stage3]   ok 0010_giant-slalom: rho (30, 1560) range [2.03, 13.74]
[r31_stage3]   ok 0011_lucia: rho (18, 1560) range [2.04, 12.66]
[r31_stage3]   ok 0012_goat: rho (21, 1560) range [2.18, 50.00]
[r31_stage3]   ok 0013_golf: rho (18, 1560) range [2.02, 23.74]
[r31_stage3]   ok 0014_burnout: rho (18, 1560) range [2.02, 43.17]
[r31_stage3]   ok 0015_car-shadow: rho (9, 1560) range [2.03, 50.00]
[r31_stage3]   ok 0016_horsejump-high: rho (12, 1560) range [2.03, 50.00]
[r31_stage3]   ok 0017_kid-football: rho (15, 1560) range [2.03, 18.71]
[r31_stage3]   ok 0018_breakdance-flare: rho (18, 1560) range [2.10, 50.00]
[r31_stage3]   ok 0019_tennis-vest: rho (18, 1560) range [2.04, 50.00]
[r31_stage3]   ok 0020_monkeys: rho (21, 1560) range [2.06, 26.10]
[r31_stage3]   ok 0021_landing: rho (9, 1560) range [2.03, 50.00]
[r31_stage3]   ok 0022_skate-jump: rho (15, 1560) range [2.01, 28.33]
[r31_stage3]   ok 0023_kayak-race: rho (15, 1560) range [2.03, 12.97]
[r31_stage3]   ok 0024_hockey: rho (18, 1560) range [2.05, 50.00]
[r31_stage3]   ok 0025_baseball: rho (21, 1560) range [2.03, 15.06]
[r31_stage3]   ok 0026_table-tennis: rho (18, 1560) range [2.02, 13.80]
[r31_stage3]   ok 0027_dance-jump: rho (15, 1560) range [2.03, 50.00]
[r31_stage3]   ok 0028_kite-walk: rho (18, 1560) range [2.03, 9.67]
[r31_stage3]   ok 0029_horsejump-stick: rho (15, 1560) range [2.06, 50.00]
[r31_stage3]   ok 0030_rallye: rho (12, 1560) range [2.04, 50.00]
[r31_stage3]   ok 0031_soccerball: rho (12, 1560) range [2.02, 12.02]
[r31_stage3]   ok 0032_mermaid: rho (18, 1560) range [2.11, 18.26]
[r31_stage3]   ok 0033_horsejump-low: rho (15, 1560) range [2.04, 50.00]
[r31_stage3]   ok 0034_cows: rho (24, 1560) range [2.11, 50.00]
[r31_stage3]   ok 0035_helicopter: rho (12, 1560) range [2.03, 12.51]
[r31_stage3]   ok 0036_camel: rho (21, 1560) range [2.07, 50.00]
[r31_stage3]   ok 0037_snowboard-sand: rho (12, 1560) range [2.10, 50.00]
[r31_stage3]   ok 0038_motorbike: rho (9, 1560) range [2.02, 50.00]
[r31_stage3]   ok 0039_chamaleon: rho (21, 1560) range [2.07, 50.00]
[r31_stage3]   ok 0040_tennis: rho (18, 1560) range [2.05, 30.13]
[r31_stage3]   ok 0041_longboard: rho (12, 1560) range [2.09, 50.00]
[r31_stage3]   ok 0042_gym-ball: rho (18, 1560) range [2.04, 47.31]
[r31_stage3]   ok 0043_parkour: rho (24, 1560) range [2.03, 50.00]
[r31_stage3]   ok 0044_snowboard: rho (15, 1560) range [2.08, 13.40]
[r31_stage3]   ok 0045_butterfly: rho (18, 1560) range [2.11, 50.00]
[r31_stage3]   ok 0046_blackswan: rho (12, 1560) range [2.11, 50.00]
[r31_stage3]   ok 0047_judo: rho (9, 1560) range [2.08, 50.00]
[r31_stage3]   ok 0048_hike: rho (18, 1560) range [2.03, 50.00]
[r31_stage3]   ok 0049_speed-skating: rho (21, 1560) range [2.06, 17.18]
[r31_stage3]   ok 0050_slackline: rho (15, 1560) range [2.04, 50.00]
[r31_stage3]   ok 0051_dogs-jump: rho (15, 1560) range [2.05, 50.00]
[r31_stage3]   ok 0052_mallard-fly: rho (18, 1560) range [2.09, 50.00]
[r31_stage3]   ok 0053_swing: rho (15, 1560) range [2.04, 26.68]
[r31_stage3]   ok 0054_train: rho (18, 1560) range [2.03, 16.28]
[r31_stage3]   ok 0055_pigs: rho (18, 1560) range [2.20, 50.00]
[r31_stage3]   ok 0056_kart-turn: rho (21, 1560) range [2.08, 50.00]
[r31_stage3]   ok 0057_dog: rho (15, 1560) range [2.10, 50.00]
[r31_stage3]   ok 0058_boat: rho (18, 1560) range [2.06, 34.21]
[r31_stage3]   ok 0059_drift-straight: rho (12, 1560) range [2.01, 50.00]
[r31_stage3]   ok 0060_motocross-bumps: rho (15, 1560) range [2.04, 19.97]
[r31_stage3]   ok 0061_mbike-santa: rho (15, 1560) range [2.08, 33.35]
[r31_stage3]   ok 0062_elephant: rho (18, 1560) range [2.21, 50.00]
[r31_stage3]   ok 0063_drift-turn: rho (15, 1560) range [2.03, 50.00]
[r31_stage3]   ok 0064_rollerblade: rho (9, 1560) range [2.02, 14.41]
[r31_stage3]   ok 0065_twist-dance: rho (21, 1560) range [2.02, 50.00]
[r31_stage3]   ok 0066_deer: rho (18, 1560) range [2.09, 50.00]
[r31_stage3]   ok 0067_mbike-trick: rho (18, 1560) range [2.02, 15.05]
[r31_stage3]   ok 0068_planes-water: rho (9, 1560) range [2.02, 13.21]
[r31_stage3]   ok 0069_car-turn: rho (18, 1560) range [2.01, 17.14]
[r31_stage3]   ok 0070_dance-twirl: rho (21, 1560) range [2.03, 50.00]
[r31_stage3]   ok 0071_mallard-water: rho (18, 1560) range [2.17, 40.19]
[r31_stage3]   ok 0072_dog-agility: rho (6, 1560) range [2.03, 50.00]
[r31_stage3]   ok 0073_bmx-rider: rho (21, 1560) range [2.03, 50.00]
[r31_stage3]   ok 0074_rhino: rho (21, 1560) range [2.22, 50.00]
[r31_stage3]   ok 0075_A_bicycle: rho (21, 1560) range [2.02, 50.00]
[r31_stage3]   ok 0076_A_rabbit: rho (21, 1560) range [2.09, 50.00]
[r31_stage3]   ok 0077_A_hawk: rho (21, 1560) range [2.12, 50.00]
[r31_stage3]   ok 0078_A_cat: rho (21, 1560) range [2.03, 50.00]
[r31_stage3]   ok 0079_A_bus: rho (21, 1560) range [2.05, 19.98]
[r31_stage3]   ok 0080_A_motorcycle: rho (21, 1560) range [2.05, 13.99]
[r31_stage3]   ok 0081_A_horse: rho (21, 1560) range [2.05, 50.00]
[r31_stage3]   ok 0082_A_tram: rho (21, 1560) range [2.01, 15.57]
[r31_stage3]   ok 0083_A_boat: rho (21, 1560) range [2.05, 15.55]
[r31_stage3]   ok 0084_A_squirrel: rho (21, 1560) range [2.06, 50.00]
[r31_stage3]   ok 0085_A_tram: rho (21, 1560) range [2.02, 10.02]
[r31_stage3]   ok 0086_A_red_sports_car: rho (21, 1560) range [2.03, 50.00]
[r31_stage3]   ok 0087_A_seagull: rho (21, 1560) range [2.03, 50.00]
[r31_stage3]   ok 0088_A_cyclist: rho (21, 1560) range [2.10, 50.00]
[r31_stage3]   ok 0089_A_dog: rho (21, 1560) range [2.04, 50.00]
[r31_stage3]   ok 0090_A_deer: rho (21, 1560) range [2.07, 42.37]
[r31_stage3]   ok 0091_A_hawk: rho (21, 1560) range [2.05, 27.77]
[r31_stage3]   ok 0092_A_fox: rho (21, 1560) range [2.04, 50.00]
[r31_stage3]   ok 0093_A_helicopter: rho (21, 1560) range [2.06, 50.00]
[r31_stage3]   ok 0094_A_swan: rho (21, 1560) range [2.06, 30.85]
[r31_stage3]   ok 0095_A_crow: rho (21, 1560) range [2.07, 50.00]
[r31_stage3]   ok 0096_A_car: rho (21, 1560) range [2.02, 18.78]
[r31_stage3]   ok 0097_A_bird: rho (21, 1560) range [2.04, 50.00]
[r31_stage3]   ok 0098_A_squirrel: rho (21, 1560) range [2.04, 50.00]
[r31_stage3]   ok 0099_A_jogger: rho (21, 1560) range [2.06, 19.25]
[r31_stage3]   ok 0100_A_deer: rho (21, 1560) range [2.03, 24.63]
[r31_stage3] preflight PASS for all 100 clips
Free VRAM 43.969970703125 GB
KV inference with 3 frames per block
[r31_stage3] edit_type=1 method=r35_dino_first2 pairs=100 vp_mode=vp steps=15 dump_steps=1 indices rho_dir=/home/ids/skhairi/Data/dataggen/outputs/five_bench/r35_rho/dino_first2
Moving DynamicSwap_WanTextEncoder to cuda:0 with preserved memory: 35.39565706253052 GB
[[0, 1, 2]] [[0, 1, 2]]
[r31_stage3] GATE1 PASS 0001_bus: step[14] == final latent (shape (15, 1, 18, 16, 60, 104))
[ok] 0001_bus: 1 steps x 69 frames
Moving DynamicSwap_WanTextEncoder to cuda:0 with preserved memory: 35.38042879104614 GB
[[22, 23, 24]] [[22, 23, 24, 25]]
Moving DynamicSwap_WanTextEncoder to cuda:0 with preserved memory: 35.32389497756958 GB
[[22, 23, 24]] [[22, 23, 24, 25]]
[r31_stage3] GATE1 PASS 0002_girl-dog: step[14] == final latent (shape (15, 1, 21, 16, 60, 104))
[ok] 0002_girl-dog: 1 steps x 81 frames
Moving DynamicSwap_WanTextEncoder to cuda:0 with preserved memory: 35.38217210769653 GB
[[0, 1, 2, 3, 4]] [[2, 3, 4]]
[r31_stage3] GATE1 PASS 0003_ocean-birds: step[14] == final latent (shape (15, 1, 9, 16, 60, 104))
[ok] 0003_ocean-birds: 1 steps x 33 frames
Moving DynamicSwap_WanTextEncoder to cuda:0 with preserved memory: 35.38267755508423 GB
[[0, 1, 2, 3]] [[0, 1, 2, 3]]
[r31_stage3] GATE1 PASS 0004_car-roundabout: step[14] == final latent (shape (15, 1, 18, 16, 60, 104))
[ok] 0004_car-roundabout: 1 steps x 69 frames
Moving DynamicSwap_WanTextEncoder to cuda:0 with preserved memory: 35.38042879104614 GB
[[1, 2, 3]] [[0, 1]]
Moving DynamicSwap_WanTextEncoder to cuda:0 with preserved memory: 35.32389497756958 GB
[[1, 2, 3]] [[0, 1]]
[r31_stage3] GATE1 PASS 0005_breakdance: step[14] == final latent (shape (15, 1, 21, 16, 60, 104))
[ok] 0005_breakdance: 1 steps x 81 frames
Moving DynamicSwap_WanTextEncoder to cuda:0 with preserved memory: 35.38044595718384 GB
[[0, 1, 2, 3]] [[1]]
[r31_stage3] GATE1 PASS 0006_paragliding: step[14] == final latent (shape (15, 1, 18, 16, 60, 104))
[ok] 0006_paragliding: 1 steps x 69 frames
Moving DynamicSwap_WanTextEncoder to cuda:0 with preserved memory: 35.38215446472168 GB
[[0, 1]] [[0, 1]]
[r31_stage3] GATE1 PASS 0007_guitar-violin: step[14] == final latent (shape (15, 1, 12, 16, 60, 104))
[ok] 0007_guitar-violin: 1 steps x 45 frames
Moving DynamicSwap_WanTextEncoder to cuda:0 with preserved memory: 35.38211965560913 GB
[[0, 1, 2]] [[0, 1]]
[r31_stage3] GATE1 PASS 0008_snowboard-race: step[14] == final latent (shape (15, 1, 18, 16, 60, 104))
[ok] 0008_snowboard-race: 1 steps x 69 frames
Moving DynamicSwap_WanTextEncoder to cuda:0 with preserved memory: 35.38042879104614 GB
[[0, 1, 2, 3]] [[0, 1, 2]]
Moving DynamicSwap_WanTextEncoder to cuda:0 with preserved memory: 35.32389497756958 GB
[[0, 1, 2, 3]] [[0, 1, 2]]
[r31_stage3] GATE1 PASS 0009_bear: step[14] == final latent (shape (15, 1, 21, 16, 60, 104))
[ok] 0009_bear: 1 steps x 81 frames
Moving DynamicSwap_WanTextEncoder to cuda:0 with preserved memory: 35.37814474105835 GB
[[0, 1, 2]] [[0, 1, 2]]
Moving DynamicSwap_WanTextEncoder to cuda:0 with preserved memory: 35.32161092758179 GB
[[0, 1, 2]] [[0, 1, 2]]
[r31_stage3] GATE1 PASS 0010_giant-slalom: step[14] == final latent (shape (15, 1, 30, 16, 60, 104))
[ok] 0010_giant-slalom: 1 steps x 117 frames
Moving DynamicSwap_WanTextEncoder to cuda:0 with preserved memory: 35.378772258758545 GB
[[0, 1, 2, 3, 4, 5]] [[0, 1]]
[r31_stage3] GATE1 PASS 0011_lucia: step[14] == final latent (shape (15, 1, 18, 16, 60, 104))
[ok] 0011_lucia: 1 steps x 69 frames
Moving DynamicSwap_WanTextEncoder to cuda:0 with preserved memory: 35.38042879104614 GB
[[0, 1, 2, 3]] [[0, 1, 2, 3]]
Moving DynamicSwap_WanTextEncoder to cuda:0 with preserved memory: 35.32389497756958 GB
[[0, 1, 2, 3]] [[0, 1, 2, 3]]
[r31_stage3] GATE1 PASS 0012_goat: step[14] == final latent (shape (15, 1, 21, 16, 60, 104))
[ok] 0012_goat: 1 steps x 81 frames
Moving DynamicSwap_WanTextEncoder to cuda:0 with preserved memory: 35.38044595718384 GB
[[0, 1]] [[0, 1, 2]]
[r31_stage3] GATE1 PASS 0013_golf: step[14] == final latent (shape (15, 1, 18, 16, 60, 104))
[ok] 0013_golf: 1 steps x 69 frames
Moving DynamicSwap_WanTextEncoder to cuda:0 with preserved memory: 35.381003856658936 GB
[[0, 1, 2]] [[0, 1, 2, 3]]
[r31_stage3] GATE1 PASS 0014_burnout: step[14] == final latent (shape (15, 1, 18, 16, 60, 104))
[ok] 0014_burnout: 1 steps x 69 frames
Moving DynamicSwap_WanTextEncoder to cuda:0 with preserved memory: 35.38273000717163 GB
[[0, 1, 2]] [[0, 1, 2, 3]]
[r31_stage3] GATE1 PASS 0015_car-shadow: step[14] == final latent (shape (15, 1, 9, 16, 60, 104))
[ok] 0015_car-shadow: 1 steps x 33 frames
Moving DynamicSwap_WanTextEncoder to cuda:0 with preserved memory: 35.38382816314697 GB
[[0, 1, 2, 3, 4]] [[0, 1, 2]]
[r31_stage3] GATE1 PASS 0016_horsejump-high: step[14] == final latent (shape (15, 1, 12, 16, 60, 104))
[ok] 0016_horsejump-high: 1 steps x 45 frames
Moving DynamicSwap_WanTextEncoder to cuda:0 with preserved memory: 35.38269519805908 GB
[[0, 1, 2]] [[0, 1, 2]]
[r31_stage3] GATE1 PASS 0017_kid-football: step[14] == final latent (shape (15, 1, 15, 16, 60, 104))
[ok] 0017_kid-football: 1 steps x 57 frames
Moving DynamicSwap_WanTextEncoder to cuda:0 with preserved memory: 35.38156175613403 GB
[[0, 1, 2, 3]] [[0, 1]]
[r31_stage3] GATE1 PASS 0018_breakdance-flare: step[14] == final latent (shape (15, 1, 18, 16, 60, 104))
[ok] 0018_breakdance-flare: 1 steps x 69 frames
Moving DynamicSwap_WanTextEncoder to cuda:0 with preserved memory: 35.381003856658936 GB
[[0, 1, 2]] [[1, 2]]
[r31_stage3] GATE1 PASS 0019_tennis-vest: step[14] == final latent (shape (15, 1, 18, 16, 60, 104))
[ok] 0019_tennis-vest: 1 steps x 69 frames
Moving DynamicSwap_WanTextEncoder to cuda:0 with preserved memory: 35.38042879104614 GB
[[0, 1, 2, 3]] [[2, 3, 4]]
Moving DynamicSwap_WanTextEncoder to cuda:0 with preserved memory: 35.32389497756958 GB
[[0, 1, 2, 3]] [[2, 3, 4]]
[r31_stage3] GATE1 PASS 0020_monkeys: step[14] == final latent (shape (15, 1, 21, 16, 60, 104))
[ok] 0020_monkeys: 1 steps x 81 frames
Moving DynamicSwap_WanTextEncoder to cuda:0 with preserved memory: 35.38217210769653 GB
[[1, 2]] [[0, 1, 2]]
[r31_stage3] GATE1 PASS 0021_landing: step[14] == final latent (shape (15, 1, 9, 16, 60, 104))
[ok] 0021_landing: 1 steps x 33 frames
Moving DynamicSwap_WanTextEncoder to cuda:0 with preserved memory: 35.38325309753418 GB
[[0, 1, 2]] [[0, 1, 2]]
[r31_stage3] GATE1 PASS 0022_skate-jump: step[14] == final latent (shape (15, 1, 15, 16, 60, 104))
[ok] 0022_skate-jump: 1 steps x 57 frames
Moving DynamicSwap_WanTextEncoder to cuda:0 with preserved memory: 35.382137298583984 GB
[[0, 1, 2]] [[1, 2, 3, 4]]
[r31_stage3] GATE1 PASS 0023_kayak-race: step[14] == final latent (shape (15, 1, 15, 16, 60, 104))
[ok] 0023_kayak-race: 1 steps x 57 frames
Moving DynamicSwap_WanTextEncoder to cuda:0 with preserved memory: 35.38156175613403 GB
[[0, 1, 2, 3, 4, 5]] [[0, 1, 2]]
[r31_stage3] GATE1 PASS 0024_hockey: step[14] == final latent (shape (15, 1, 18, 16, 60, 104))
[ok] 0024_hockey: 1 steps x 69 frames
Moving DynamicSwap_WanTextEncoder to cuda:0 with preserved memory: 35.38042879104614 GB
[[1, 2]] [[0, 1, 2]]
Moving DynamicSwap_WanTextEncoder to cuda:0 with preserved memory: 35.32389497756958 GB
[[1, 2]] [[0, 1, 2]]
[r31_stage3] GATE1 PASS 0025_baseball: step[14] == final latent (shape (15, 1, 21, 16, 60, 104))
[ok] 0025_baseball: 1 steps x 81 frames
Moving DynamicSwap_WanTextEncoder to cuda:0 with preserved memory: 35.38044595718384 GB
[[0, 1, 2, 3]] [[0, 1, 2]]
[r31_stage3] GATE1 PASS 0026_table-tennis: step[14] == final latent (shape (15, 1, 18, 16, 60, 104))
[ok] 0026_table-tennis: 1 steps x 69 frames
Moving DynamicSwap_WanTextEncoder to cuda:0 with preserved memory: 35.38157939910889 GB
[[0, 1, 2]] [[0, 1, 2]]
[r31_stage3] GATE1 PASS 0027_dance-jump: step[14] == final latent (shape (15, 1, 15, 16, 60, 104))
[ok] 0027_dance-jump: 1 steps x 57 frames
Moving DynamicSwap_WanTextEncoder to cuda:0 with preserved memory: 35.38156175613403 GB
[[0, 1]] [[0, 1, 2]]
[r31_stage3] GATE1 PASS 0028_kite-walk: step[14] == final latent (shape (15, 1, 18, 16, 60, 104))
[ok] 0028_kite-walk: 1 steps x 69 frames
Moving DynamicSwap_WanTextEncoder to cuda:0 with preserved memory: 35.38157939910889 GB
[[0, 1, 2, 3, 4]] [[0, 1, 2]]
[r31_stage3] GATE1 PASS 0029_horsejump-stick: step[14] == final latent (shape (15, 1, 15, 16, 60, 104))
[ok] 0029_horsejump-stick: 1 steps x 57 frames
Moving DynamicSwap_WanTextEncoder to cuda:0 with preserved memory: 35.38271236419678 GB
[[0, 1, 2]] [[0, 1, 2, 3]]
[r31_stage3] GATE1 PASS 0030_rallye: step[14] == final latent (shape (15, 1, 12, 16, 60, 104))
[ok] 0030_rallye: 1 steps x 45 frames
Moving DynamicSwap_WanTextEncoder to cuda:0 with preserved memory: 35.383270263671875 GB
[[0, 1, 2]] [[0, 1]]
[r31_stage3] GATE1 PASS 0031_soccerball: step[14] == final latent (shape (15, 1, 12, 16, 60, 104))
[ok] 0031_soccerball: 1 steps x 45 frames
Moving DynamicSwap_WanTextEncoder to cuda:0 with preserved memory: 35.38211965560913 GB
[[0, 1, 2, 3, 4, 5, 6, 7]] [[0, 1]]
[r31_stage3] GATE1 PASS 0032_mermaid: step[14] == final latent (shape (15, 1, 18, 16, 60, 104))
[ok] 0032_mermaid: 1 steps x 69 frames
Moving DynamicSwap_WanTextEncoder to cuda:0 with preserved memory: 35.38157939910889 GB
[[0, 1, 2, 3, 4, 5]] [[3, 4, 5, 6]]
[r31_stage3] GATE1 PASS 0033_horsejump-low: step[14] == final latent (shape (15, 1, 15, 16, 60, 104))
[ok] 0033_horsejump-low: 1 steps x 57 frames
Moving DynamicSwap_WanTextEncoder to cuda:0 with preserved memory: 35.38041114807129 GB
[[0, 1, 2, 3, 4]] [[0, 1, 2, 3, 4]]
Moving DynamicSwap_WanTextEncoder to cuda:0 with preserved memory: 35.32387733459473 GB
[[0, 1, 2, 3, 4]] [[0, 1, 2, 3, 4]]
[r31_stage3] GATE1 PASS 0034_cows: step[14] == final latent (shape (15, 1, 24, 16, 60, 104))
[ok] 0034_cows: 1 steps x 93 frames
Moving DynamicSwap_WanTextEncoder to cuda:0 with preserved memory: 35.381038665771484 GB
[[0, 1, 2]] [[0, 1]]
[r31_stage3] GATE1 PASS 0035_helicopter: step[14] == final latent (shape (15, 1, 12, 16, 60, 104))
[ok] 0035_helicopter: 1 steps x 45 frames
Moving DynamicSwap_WanTextEncoder to cuda:0 with preserved memory: 35.38154458999634 GB
[[0, 1, 2]] [[0, 1]]
Moving DynamicSwap_WanTextEncoder to cuda:0 with preserved memory: 35.325010776519775 GB
[[0, 1, 2]] [[0, 1]]
[r31_stage3] GATE1 PASS 0036_camel: step[14] == final latent (shape (15, 1, 21, 16, 60, 104))
[ok] 0036_camel: 1 steps x 81 frames
Moving DynamicSwap_WanTextEncoder to cuda:0 with preserved memory: 35.38159656524658 GB
[[0, 1]] [[0, 1, 2]]
[r31_stage3] GATE1 PASS 0037_snowboard-sand: step[14] == final latent (shape (15, 1, 12, 16, 60, 104))
[ok] 0037_snowboard-sand: 1 steps x 45 frames
Moving DynamicSwap_WanTextEncoder to cuda:0 with preserved memory: 35.383845806121826 GB
[[0, 1, 2, 3, 4, 5, 6]] [[0, 1]]
[r31_stage3] GATE1 PASS 0038_motorbike: step[14] == final latent (shape (15, 1, 9, 16, 60, 104))
[ok] 0038_motorbike: 1 steps x 33 frames
Moving DynamicSwap_WanTextEncoder to cuda:0 with preserved memory: 35.382102489471436 GB
[[0, 1, 2, 3, 4]] [[2, 3]]
Moving DynamicSwap_WanTextEncoder to cuda:0 with preserved memory: 35.32556867599487 GB
[[0, 1, 2, 3, 4]] [[2, 3]]
[r31_stage3] GATE1 PASS 0039_chamaleon: step[14] == final latent (shape (15, 1, 21, 16, 60, 104))
[ok] 0039_chamaleon: 1 steps x 81 frames
Moving DynamicSwap_WanTextEncoder to cuda:0 with preserved memory: 35.38044595718384 GB
[[0, 1, 2]] [[0, 1, 2]]
[r31_stage3] GATE1 PASS 0040_tennis: step[14] == final latent (shape (15, 1, 18, 16, 60, 104))
[ok] 0040_tennis: 1 steps x 69 frames
Moving DynamicSwap_WanTextEncoder to cuda:0 with preserved memory: 35.38215446472168 GB
[[0, 1, 2, 3, 4, 5]] [[0, 1]]
[r31_stage3] GATE1 PASS 0041_longboard: step[14] == final latent (shape (15, 1, 12, 16, 60, 104))
[ok] 0041_longboard: 1 steps x 45 frames
Moving DynamicSwap_WanTextEncoder to cuda:0 with preserved memory: 35.38211965560913 GB
[[0, 1]] [[0, 1, 2]]
[r31_stage3] GATE1 PASS 0042_gym-ball: step[14] == final latent (shape (15, 1, 18, 16, 60, 104))
[ok] 0042_gym-ball: 1 steps x 69 frames
Moving DynamicSwap_WanTextEncoder to cuda:0 with preserved memory: 35.37985324859619 GB
[[0, 1]] [[0, 1, 2]]
Moving DynamicSwap_WanTextEncoder to cuda:0 with preserved memory: 35.32331943511963 GB
[[0, 1]] [[0, 1, 2]]
[r31_stage3] GATE1 PASS 0043_parkour: step[14] == final latent (shape (15, 1, 24, 16, 60, 104))
[ok] 0043_parkour: 1 steps x 93 frames
Moving DynamicSwap_WanTextEncoder to cuda:0 with preserved memory: 35.38046360015869 GB
[[0, 1, 2]] [[1, 2]]
[r31_stage3] GATE1 PASS 0044_snowboard: step[14] == final latent (shape (15, 1, 15, 16, 60, 104))
[ok] 0044_snowboard: 1 steps x 57 frames
Moving DynamicSwap_WanTextEncoder to cuda:0 with preserved memory: 35.38156175613403 GB
[[3, 4]] [[3, 4]]
[r31_stage3] GATE1 PASS 0045_butterfly: step[14] == final latent (shape (15, 1, 18, 16, 60, 104))
[ok] 0045_butterfly: 1 steps x 69 frames
Moving DynamicSwap_WanTextEncoder to cuda:0 with preserved memory: 35.38215446472168 GB
[[0, 1, 2, 3]] [[0, 1, 2]]
[r31_stage3] GATE1 PASS 0046_blackswan: step[14] == final latent (shape (15, 1, 12, 16, 60, 104))
[ok] 0046_blackswan: 1 steps x 45 frames
Moving DynamicSwap_WanTextEncoder to cuda:0 with preserved memory: 35.383845806121826 GB
[[1, 2, 3, 4]] [[0, 1, 2]]
[r31_stage3] GATE1 PASS 0047_judo: step[14] == final latent (shape (15, 1, 9, 16, 60, 104))
[ok] 0047_judo: 1 steps x 33 frames
Moving DynamicSwap_WanTextEncoder to cuda:0 with preserved memory: 35.38267755508423 GB
[[0, 1, 2, 3, 4]] [[1, 2]]
[r31_stage3] GATE1 PASS 0048_hike: step[14] == final latent (shape (15, 1, 18, 16, 60, 104))
[ok] 0048_hike: 1 steps x 69 frames
Moving DynamicSwap_WanTextEncoder to cuda:0 with preserved memory: 35.38042879104614 GB
[[0, 1, 2, 3]] [[1, 2]]
Moving DynamicSwap_WanTextEncoder to cuda:0 with preserved memory: 35.32389497756958 GB
[[0, 1, 2, 3]] [[1, 2]]
[r31_stage3] GATE1 PASS 0049_speed-skating: step[14] == final latent (shape (15, 1, 21, 16, 60, 104))
[ok] 0049_speed-skating: 1 steps x 81 frames
Moving DynamicSwap_WanTextEncoder to cuda:0 with preserved memory: 35.38102149963379 GB
[[0, 1]] [[0, 1, 2]]
[r31_stage3] GATE1 PASS 0050_slackline: step[14] == final latent (shape (15, 1, 15, 16, 60, 104))
[ERROR] 0050_slackline: [Errno 122] Disk quota exceeded
Moving DynamicSwap_WanTextEncoder to cuda:0 with preserved memory: 35.08589267730713 GB
[[8, 9]] [[8, 9, 10]]
[r31_stage3] GATE1 PASS 0051_dogs-jump: step[14] == final latent (shape (15, 1, 15, 16, 60, 104))
[ok] 0051_dogs-jump: 1 steps x 57 frames
Moving DynamicSwap_WanTextEncoder to cuda:0 with preserved memory: 35.38156175613403 GB
[[0, 1, 2, 3, 4]] [[0, 1, 2, 3]]
[r31_stage3] GATE1 PASS 0052_mallard-fly: step[14] == final latent (shape (15, 1, 18, 16, 60, 104))
[ok] 0052_mallard-fly: 1 steps x 69 frames
Moving DynamicSwap_WanTextEncoder to cuda:0 with preserved memory: 35.38157939910889 GB
[[0, 1]] [[0, 1, 2]]
[r31_stage3] GATE1 PASS 0053_swing: step[14] == final latent (shape (15, 1, 15, 16, 60, 104))
[ok] 0053_swing: 1 steps x 57 frames
Moving DynamicSwap_WanTextEncoder to cuda:0 with preserved memory: 35.38156175613403 GB
[[1, 2]] [[0, 1, 2, 3]]
[r31_stage3] GATE1 PASS 0054_train: step[14] == final latent (shape (15, 1, 18, 16, 60, 104))
[ok] 0054_train: 1 steps x 69 frames
Moving DynamicSwap_WanTextEncoder to cuda:0 with preserved memory: 35.381003856658936 GB
[[0, 1, 2, 3, 4]] [[0, 1, 2, 3, 4]]
[r31_stage3] GATE1 PASS 0055_pigs: step[14] == final latent (shape (15, 1, 18, 16, 60, 104))
[ok] 0055_pigs: 1 steps x 69 frames
Moving DynamicSwap_WanTextEncoder to cuda:0 with preserved memory: 35.38042879104614 GB
[[0, 1, 2, 3, 4]] [[1, 2]]
Moving DynamicSwap_WanTextEncoder to cuda:0 with preserved memory: 35.32389497756958 GB
[[0, 1, 2, 3, 4]] [[1, 2]]
[r31_stage3] GATE1 PASS 0056_kart-turn: step[14] == final latent (shape (15, 1, 21, 16, 60, 104))
[ok] 0056_kart-turn: 1 steps x 81 frames
Moving DynamicSwap_WanTextEncoder to cuda:0 with preserved memory: 35.38102149963379 GB
[[0, 1, 2, 3]] [[0, 1, 2]]
[r31_stage3] GATE1 PASS 0057_dog: step[14] == final latent (shape (15, 1, 15, 16, 60, 104))
[ok] 0057_dog: 1 steps x 57 frames
Moving DynamicSwap_WanTextEncoder to cuda:0 with preserved memory: 35.38156175613403 GB
[[0, 1, 2, 3]] [[2, 3]]
[r31_stage3] GATE1 PASS 0058_boat: step[14] == final latent (shape (15, 1, 18, 16, 60, 104))
[ok] 0058_boat: 1 steps x 69 frames
Moving DynamicSwap_WanTextEncoder to cuda:0 with preserved memory: 35.38215446472168 GB
[[0, 1, 2, 3]] [[0, 1, 2, 3]]
[r31_stage3] GATE1 PASS 0059_drift-straight: step[14] == final latent (shape (15, 1, 12, 16, 60, 104))
[ok] 0059_drift-straight: 1 steps x 45 frames
Moving DynamicSwap_WanTextEncoder to cuda:0 with preserved memory: 35.38269519805908 GB
[[1, 2, 3]] [[0, 1, 2]]
[r31_stage3] GATE1 PASS 0060_motocross-bumps: step[14] == final latent (shape (15, 1, 15, 16, 60, 104))
[ok] 0060_motocross-bumps: 1 steps x 57 frames
Moving DynamicSwap_WanTextEncoder to cuda:0 with preserved memory: 35.382137298583984 GB
[[0, 1, 2, 3, 4, 5, 6, 7, 8]] [[0, 1, 2]]
[r31_stage3] GATE1 PASS 0061_mbike-santa: step[14] == final latent (shape (15, 1, 15, 16, 60, 104))
[ok] 0061_mbike-santa: 1 steps x 57 frames
Moving DynamicSwap_WanTextEncoder to cuda:0 with preserved memory: 35.38156175613403 GB
[[0, 1, 2]] [[0, 1, 2, 3]]
[r31_stage3] GATE1 PASS 0062_elephant: step[14] == final latent (shape (15, 1, 18, 16, 60, 104))
[ok] 0062_elephant: 1 steps x 69 frames
Moving DynamicSwap_WanTextEncoder to cuda:0 with preserved memory: 35.38157939910889 GB
[[0, 1, 2]] [[0, 1, 2, 3]]
[r31_stage3] GATE1 PASS 0063_drift-turn: step[14] == final latent (shape (15, 1, 15, 16, 60, 104))
[ok] 0063_drift-turn: 1 steps x 57 frames
Moving DynamicSwap_WanTextEncoder to cuda:0 with preserved memory: 35.38328790664673 GB
[[0, 1]] [[0, 1, 2]]
[r31_stage3] GATE1 PASS 0064_rollerblade: step[14] == final latent (shape (15, 1, 9, 16, 60, 104))
[ok] 0064_rollerblade: 1 steps x 33 frames
Moving DynamicSwap_WanTextEncoder to cuda:0 with preserved memory: 35.382102489471436 GB
[[0, 1, 2]] [[0, 1, 2]]
Moving DynamicSwap_WanTextEncoder to cuda:0 with preserved memory: 35.32556867599487 GB
[[0, 1, 2]] [[0, 1, 2]]
[r31_stage3] GATE1 PASS 0065_twist-dance: step[14] == final latent (shape (15, 1, 21, 16, 60, 104))
[ok] 0065_twist-dance: 1 steps x 81 frames
Moving DynamicSwap_WanTextEncoder to cuda:0 with preserved memory: 35.38044595718384 GB
[[0, 1, 2]] [[1, 2]]
[r31_stage3] GATE1 PASS 0066_deer: step[14] == final latent (shape (15, 1, 18, 16, 60, 104))
[ok] 0066_deer: 1 steps x 69 frames
Moving DynamicSwap_WanTextEncoder to cuda:0 with preserved memory: 35.381003856658936 GB
[[1, 2, 3]] [[0, 1, 2]]
[r31_stage3] GATE1 PASS 0067_mbike-trick: step[14] == final latent (shape (15, 1, 18, 16, 60, 104))
[ok] 0067_mbike-trick: 1 steps x 69 frames
Moving DynamicSwap_WanTextEncoder to cuda:0 with preserved memory: 35.38273000717163 GB
[[0, 1, 2, 3, 4]] [[0, 1, 2, 3, 4]]
[r31_stage3] GATE1 PASS 0068_planes-water: step[14] == final latent (shape (15, 1, 9, 16, 60, 104))
[ok] 0068_planes-water: 1 steps x 33 frames
Moving DynamicSwap_WanTextEncoder to cuda:0 with preserved memory: 35.38267755508423 GB
[[0, 1, 2]] [[0, 1, 2, 3]]
[r31_stage3] GATE1 PASS 0069_car-turn: step[14] == final latent (shape (15, 1, 18, 16, 60, 104))
[ok] 0069_car-turn: 1 steps x 69 frames
Moving DynamicSwap_WanTextEncoder to cuda:0 with preserved memory: 35.38042879104614 GB
[[0, 1, 2]] [[0, 1, 2]]
Moving DynamicSwap_WanTextEncoder to cuda:0 with preserved memory: 35.32389497756958 GB
[[0, 1, 2]] [[0, 1, 2]]
[r31_stage3] GATE1 PASS 0070_dance-twirl: step[14] == final latent (shape (15, 1, 21, 16, 60, 104))
[ok] 0070_dance-twirl: 1 steps x 81 frames
Moving DynamicSwap_WanTextEncoder to cuda:0 with preserved memory: 35.38044595718384 GB
[[0, 1, 2, 3, 4]] [[0, 1, 2, 3]]
[r31_stage3] GATE1 PASS 0071_mallard-water: step[14] == final latent (shape (15, 1, 18, 16, 60, 104))
[ok] 0071_mallard-water: 1 steps x 69 frames
Moving DynamicSwap_WanTextEncoder to cuda:0 with preserved memory: 35.383305072784424 GB
[[0, 1, 2, 3]] [[0, 1, 2]]
[r31_stage3] GATE1 PASS 0072_dog-agility: step[14] == final latent (shape (15, 1, 6, 16, 60, 104))
[ok] 0072_dog-agility: 1 steps x 21 frames
Moving DynamicSwap_WanTextEncoder to cuda:0 with preserved memory: 35.38266038894653 GB
[[1, 2, 3]] [[0, 1, 2]]
Moving DynamicSwap_WanTextEncoder to cuda:0 with preserved memory: 35.32612657546997 GB
[[1, 2, 3]] [[0, 1, 2]]
[r31_stage3] GATE1 PASS 0073_bmx-rider: step[14] == final latent (shape (15, 1, 21, 16, 60, 104))
[ok] 0073_bmx-rider: 1 steps x 81 frames
Moving DynamicSwap_WanTextEncoder to cuda:0 with preserved memory: 35.379870891571045 GB
[[0, 1, 2, 3, 4]] [[2, 3]]
Moving DynamicSwap_WanTextEncoder to cuda:0 with preserved memory: 35.32333707809448 GB
[[0, 1, 2, 3, 4]] [[2, 3]]
[r31_stage3] GATE1 PASS 0074_rhino: step[14] == final latent (shape (15, 1, 21, 16, 60, 104))
[ok] 0074_rhino: 1 steps x 81 frames
Moving DynamicSwap_WanTextEncoder to cuda:0 with preserved memory: 35.379870891571045 GB
[[0, 1]] [[0, 1]]
Moving DynamicSwap_WanTextEncoder to cuda:0 with preserved memory: 35.32333707809448 GB
[[0, 1]] [[0, 1]]
[r31_stage3] GATE1 PASS 0075_A_bicycle: step[14] == final latent (shape (15, 1, 21, 16, 60, 104))
[ok] 0075_A_bicycle: 1 steps x 81 frames
Moving DynamicSwap_WanTextEncoder to cuda:0 with preserved memory: 35.379870891571045 GB
[[0, 1, 2]] [[0, 1, 2, 3]]
Moving DynamicSwap_WanTextEncoder to cuda:0 with preserved memory: 35.32333707809448 GB
[[0, 1, 2]] [[0, 1, 2, 3]]
[r31_stage3] GATE1 PASS 0076_A_rabbit: step[14] == final latent (shape (15, 1, 21, 16, 60, 104))
[ok] 0076_A_rabbit: 1 steps x 81 frames
Moving DynamicSwap_WanTextEncoder to cuda:0 with preserved memory: 35.379870891571045 GB
[[0, 1, 2]] [[0, 1, 2]]
Moving DynamicSwap_WanTextEncoder to cuda:0 with preserved memory: 35.32333707809448 GB
[[0, 1, 2]] [[0, 1, 2]]
[r31_stage3] GATE1 PASS 0077_A_hawk: step[14] == final latent (shape (15, 1, 21, 16, 60, 104))
[ok] 0077_A_hawk: 1 steps x 81 frames
Moving DynamicSwap_WanTextEncoder to cuda:0 with preserved memory: 35.379870891571045 GB
[[0, 1]] [[0, 1]]
Moving DynamicSwap_WanTextEncoder to cuda:0 with preserved memory: 35.32333707809448 GB
[[0, 1]] [[0, 1]]
[r31_stage3] GATE1 PASS 0078_A_cat: step[14] == final latent (shape (15, 1, 21, 16, 60, 104))
[ok] 0078_A_cat: 1 steps x 81 frames
Moving DynamicSwap_WanTextEncoder to cuda:0 with preserved memory: 35.379870891571045 GB
[[0, 1]] [[0, 1, 2]]
Moving DynamicSwap_WanTextEncoder to cuda:0 with preserved memory: 35.32333707809448 GB
[[0, 1]] [[0, 1, 2]]
[r31_stage3] GATE1 PASS 0079_A_bus: step[14] == final latent (shape (15, 1, 21, 16, 60, 104))
[ok] 0079_A_bus: 1 steps x 81 frames
Moving DynamicSwap_WanTextEncoder to cuda:0 with preserved memory: 35.379870891571045 GB
[[0, 1]] [[0, 1]]
Moving DynamicSwap_WanTextEncoder to cuda:0 with preserved memory: 35.32333707809448 GB
[[0, 1]] [[0, 1]]
[r31_stage3] GATE1 PASS 0080_A_motorcycle: step[14] == final latent (shape (15, 1, 21, 16, 60, 104))
[ok] 0080_A_motorcycle: 1 steps x 81 frames
Moving DynamicSwap_WanTextEncoder to cuda:0 with preserved memory: 35.379870891571045 GB
[[0, 1]] [[0, 1]]
Moving DynamicSwap_WanTextEncoder to cuda:0 with preserved memory: 35.32333707809448 GB
[[0, 1]] [[0, 1]]
[r31_stage3] GATE1 PASS 0081_A_horse: step[14] == final latent (shape (15, 1, 21, 16, 60, 104))
[ok] 0081_A_horse: 1 steps x 81 frames
Moving DynamicSwap_WanTextEncoder to cuda:0 with preserved memory: 35.379870891571045 GB
[[0, 1]] [[1, 2, 3]]
Moving DynamicSwap_WanTextEncoder to cuda:0 with preserved memory: 35.32333707809448 GB
[[0, 1]] [[1, 2, 3]]
[r31_stage3] GATE1 PASS 0082_A_tram: step[14] == final latent (shape (15, 1, 21, 16, 60, 104))
[ok] 0082_A_tram: 1 steps x 81 frames
Moving DynamicSwap_WanTextEncoder to cuda:0 with preserved memory: 35.379870891571045 GB
[[0, 1]] [[0, 1]]
Moving DynamicSwap_WanTextEncoder to cuda:0 with preserved memory: 35.32333707809448 GB
[[0, 1]] [[0, 1]]
[r31_stage3] GATE1 PASS 0083_A_boat: step[14] == final latent (shape (15, 1, 21, 16, 60, 104))
[ok] 0083_A_boat: 1 steps x 81 frames
Moving DynamicSwap_WanTextEncoder to cuda:0 with preserved memory: 35.379870891571045 GB
[[0, 1, 2]] [[0, 1, 2]]
Moving DynamicSwap_WanTextEncoder to cuda:0 with preserved memory: 35.32333707809448 GB
[[0, 1, 2]] [[0, 1, 2]]
[r31_stage3] GATE1 PASS 0084_A_squirrel: step[14] == final latent (shape (15, 1, 21, 16, 60, 104))
[ok] 0084_A_squirrel: 1 steps x 81 frames
Moving DynamicSwap_WanTextEncoder to cuda:0 with preserved memory: 35.379870891571045 GB
[[0, 1]] [[0, 1]]
Moving DynamicSwap_WanTextEncoder to cuda:0 with preserved memory: 35.32333707809448 GB
[[0, 1]] [[0, 1]]
[r31_stage3] GATE1 PASS 0085_A_tram: step[14] == final latent (shape (15, 1, 21, 16, 60, 104))
[ok] 0085_A_tram: 1 steps x 81 frames
Moving DynamicSwap_WanTextEncoder to cuda:0 with preserved memory: 35.379870891571045 GB
[[0, 1, 2, 3]] [[0, 1, 2]]
Moving DynamicSwap_WanTextEncoder to cuda:0 with preserved memory: 35.32333707809448 GB
[[0, 1, 2, 3]] [[0, 1, 2]]
[r31_stage3] GATE1 PASS 0086_A_red_sports_car: step[14] == final latent (shape (15, 1, 21, 16, 60, 104))
[ok] 0086_A_red_sports_car: 1 steps x 81 frames
Moving DynamicSwap_WanTextEncoder to cuda:0 with preserved memory: 35.379870891571045 GB
[[0, 1, 2]] [[0, 1, 2]]
Moving DynamicSwap_WanTextEncoder to cuda:0 with preserved memory: 35.32333707809448 GB
[[0, 1, 2]] [[0, 1, 2]]
[r31_stage3] GATE1 PASS 0087_A_seagull: step[14] == final latent (shape (15, 1, 21, 16, 60, 104))
[ok] 0087_A_seagull: 1 steps x 81 frames
Moving DynamicSwap_WanTextEncoder to cuda:0 with preserved memory: 35.379870891571045 GB
[[0, 1, 2]] [[0, 1, 2]]
Moving DynamicSwap_WanTextEncoder to cuda:0 with preserved memory: 35.32333707809448 GB
[[0, 1, 2]] [[0, 1, 2]]
[r31_stage3] GATE1 PASS 0088_A_cyclist: step[14] == final latent (shape (15, 1, 21, 16, 60, 104))
[ok] 0088_A_cyclist: 1 steps x 81 frames
Moving DynamicSwap_WanTextEncoder to cuda:0 with preserved memory: 35.379870891571045 GB
[[0, 1]] [[0, 1]]
Moving DynamicSwap_WanTextEncoder to cuda:0 with preserved memory: 35.32333707809448 GB
[[0, 1]] [[0, 1]]
[r31_stage3] GATE1 PASS 0089_A_dog: step[14] == final latent (shape (15, 1, 21, 16, 60, 104))
[ok] 0089_A_dog: 1 steps x 81 frames
Moving DynamicSwap_WanTextEncoder to cuda:0 with preserved memory: 35.379870891571045 GB
[[0, 1, 2]] [[0, 1, 2]]
Moving DynamicSwap_WanTextEncoder to cuda:0 with preserved memory: 35.32333707809448 GB
[[0, 1, 2]] [[0, 1, 2]]
[r31_stage3] GATE1 PASS 0090_A_deer: step[14] == final latent (shape (15, 1, 21, 16, 60, 104))
[ok] 0090_A_deer: 1 steps x 81 frames
Moving DynamicSwap_WanTextEncoder to cuda:0 with preserved memory: 35.379870891571045 GB
[[0, 1, 2]] [[0, 1, 2]]
Moving DynamicSwap_WanTextEncoder to cuda:0 with preserved memory: 35.32333707809448 GB
[[0, 1, 2]] [[0, 1, 2]]
[r31_stage3] GATE1 PASS 0091_A_hawk: step[14] == final latent (shape (15, 1, 21, 16, 60, 104))
[ok] 0091_A_hawk: 1 steps x 81 frames
Moving DynamicSwap_WanTextEncoder to cuda:0 with preserved memory: 35.379870891571045 GB
[[0, 1, 2]] [[0, 1, 2]]
Moving DynamicSwap_WanTextEncoder to cuda:0 with preserved memory: 35.32333707809448 GB
[[0, 1, 2]] [[0, 1, 2]]
[r31_stage3] GATE1 PASS 0092_A_fox: step[14] == final latent (shape (15, 1, 21, 16, 60, 104))
[ok] 0092_A_fox: 1 steps x 81 frames
Moving DynamicSwap_WanTextEncoder to cuda:0 with preserved memory: 35.379870891571045 GB
[[0, 1, 2]] [[0, 1]]
Moving DynamicSwap_WanTextEncoder to cuda:0 with preserved memory: 35.32333707809448 GB
[[0, 1, 2]] [[0, 1]]
[r31_stage3] GATE1 PASS 0093_A_helicopter: step[14] == final latent (shape (15, 1, 21, 16, 60, 104))
[ok] 0093_A_helicopter: 1 steps x 81 frames
Moving DynamicSwap_WanTextEncoder to cuda:0 with preserved memory: 35.379870891571045 GB
[[0, 1, 2]] [[0, 1, 2]]
Moving DynamicSwap_WanTextEncoder to cuda:0 with preserved memory: 35.32333707809448 GB
[[0, 1, 2]] [[0, 1, 2]]
[r31_stage3] GATE1 PASS 0094_A_swan: step[14] == final latent (shape (15, 1, 21, 16, 60, 104))
[ok] 0094_A_swan: 1 steps x 81 frames
Moving DynamicSwap_WanTextEncoder to cuda:0 with preserved memory: 35.379870891571045 GB
[[0, 1]] [[0, 1, 2]]
Moving DynamicSwap_WanTextEncoder to cuda:0 with preserved memory: 35.32333707809448 GB
[[0, 1]] [[0, 1, 2]]
[r31_stage3] GATE1 PASS 0095_A_crow: step[14] == final latent (shape (15, 1, 21, 16, 60, 104))
[ok] 0095_A_crow: 1 steps x 81 frames
Moving DynamicSwap_WanTextEncoder to cuda:0 with preserved memory: 35.379870891571045 GB
[[0, 1]] [[0, 1, 2]]
Moving DynamicSwap_WanTextEncoder to cuda:0 with preserved memory: 35.32333707809448 GB
[[0, 1]] [[0, 1, 2]]
[r31_stage3] GATE1 PASS 0096_A_car: step[14] == final latent (shape (15, 1, 21, 16, 60, 104))
[ok] 0096_A_car: 1 steps x 81 frames
Moving DynamicSwap_WanTextEncoder to cuda:0 with preserved memory: 35.379870891571045 GB
[[0, 1]] [[0, 1, 2]]
Moving DynamicSwap_WanTextEncoder to cuda:0 with preserved memory: 35.32333707809448 GB
[[0, 1]] [[0, 1, 2]]
[r31_stage3] GATE1 PASS 0097_A_bird: step[14] == final latent (shape (15, 1, 21, 16, 60, 104))
[ok] 0097_A_bird: 1 steps x 81 frames
Moving DynamicSwap_WanTextEncoder to cuda:0 with preserved memory: 35.379870891571045 GB
[[0, 1, 2]] [[0, 1, 2]]
Moving DynamicSwap_WanTextEncoder to cuda:0 with preserved memory: 35.32333707809448 GB
[[0, 1, 2]] [[0, 1, 2]]
[r31_stage3] GATE1 PASS 0098_A_squirrel: step[14] == final latent (shape (15, 1, 21, 16, 60, 104))
[ok] 0098_A_squirrel: 1 steps x 81 frames
Moving DynamicSwap_WanTextEncoder to cuda:0 with preserved memory: 35.379870891571045 GB
[[0, 1, 2]] [[0, 1, 2]]
Moving DynamicSwap_WanTextEncoder to cuda:0 with preserved memory: 35.32333707809448 GB
[[0, 1, 2]] [[0, 1, 2]]
[r31_stage3] GATE1 PASS 0099_A_jogger: step[14] == final latent (shape (15, 1, 21, 16, 60, 104))
[ok] 0099_A_jogger: 1 steps x 81 frames
Moving DynamicSwap_WanTextEncoder to cuda:0 with preserved memory: 35.379870891571045 GB
[[0, 1, 2]] [[0, 1, 2]]
Moving DynamicSwap_WanTextEncoder to cuda:0 with preserved memory: 35.32333707809448 GB
[[0, 1, 2]] [[0, 1, 2]]
[r31_stage3] GATE1 PASS 0100_A_deer: step[14] == final latent (shape (15, 1, 21, 16, 60, 104))
[ok] 0100_A_deer: 1 steps x 81 frames
[r31_stage3] done edit1: 99/100 ok -> /home/ids/skhairi/Data/dataggen/outputs/five_bench/r35_arms/r35_dino_first2/_manifest_edit1.csv
[r35_stage3] FAILED r35_dino_first2 edit1
--- [r35_stage3] r35_dino_first2 edit2 ---
[r31_stage3] preflight: validating 100 rho fields in /home/ids/skhairi/Data/dataggen/outputs/five_bench/r35_rho/dino_first2
[r31_stage3]   ok 0001_bus: rho (18, 1560) range [2.10, 50.00]
[r31_stage3]   ok 0002_girl-dog: rho (21, 1560) range [2.09, 44.20]
[r31_stage3]   ok 0003_ocean-birds: rho (9, 1560) range [2.19, 50.00]
[r31_stage3]   ok 0004_car-roundabout: rho (18, 1560) range [2.08, 50.00]
[r31_stage3]   ok 0005_breakdance: rho (21, 1560) range [2.03, 50.00]
[r31_stage3]   ok 0006_paragliding: rho (18, 1560) range [2.18, 50.00]
[r31_stage3]   ok 0007_guitar-violin: rho (12, 1560) range [2.31, 50.00]
[r31_stage3]   ok 0008_snowboard-race: rho (18, 1560) range [2.08, 50.00]
[r31_stage3]   ok 0009_bear: rho (21, 1560) range [2.26, 50.00]
[r31_stage3]   ok 0010_giant-slalom: rho (30, 1560) range [2.04, 24.95]
[r31_stage3]   ok 0011_lucia: rho (18, 1560) range [2.20, 50.00]
[r31_stage3]   ok 0012_goat: rho (21, 1560) range [2.16, 50.00]
[r31_stage3]   ok 0013_golf: rho (18, 1560) range [2.11, 50.00]
[r31_stage3]   ok 0014_burnout: rho (18, 1560) range [2.06, 50.00]
[r31_stage3]   ok 0015_car-shadow: rho (9, 1560) range [2.07, 50.00]
[r31_stage3]   ok 0016_horsejump-high: rho (12, 1560) range [2.06, 50.00]
[r31_stage3]   ok 0017_kid-football: rho (15, 1560) range [2.17, 50.00]
[r31_stage3]   ok 0018_breakdance-flare: rho (18, 1560) range [2.14, 50.00]
[r31_stage3]   ok 0019_tennis-vest: rho (18, 1560) range [2.07, 50.00]
[r31_stage3]   ok 0020_monkeys: rho (21, 1560) range [2.21, 50.00]
[r31_stage3]   ok 0021_landing: rho (9, 1560) range [2.10, 50.00]
[r31_stage3]   ok 0022_skate-jump: rho (15, 1560) range [2.04, 36.01]
[r31_stage3]   ok 0023_kayak-race: rho (15, 1560) range [2.13, 50.00]
[r31_stage3]   ok 0024_hockey: rho (18, 1560) range [2.07, 50.00]
[r31_stage3]   ok 0025_baseball: rho (21, 1560) range [2.04, 30.93]
[r31_stage3]   ok 0026_table-tennis: rho (18, 1560) range [2.03, 24.00]
[r31_stage3]   ok 0027_dance-jump: rho (15, 1560) range [2.05, 50.00]
[r31_stage3]   ok 0028_kite-walk: rho (18, 1560) range [2.04, 25.49]
[r31_stage3]   ok 0029_horsejump-stick: rho (15, 1560) range [2.14, 50.00]
[r31_stage3]   ok 0030_rallye: rho (12, 1560) range [2.07, 50.00]
[r31_stage3]   ok 0031_soccerball: rho (12, 1560) range [2.03, 18.27]
[r31_stage3]   ok 0032_mermaid: rho (18, 1560) range [2.12, 17.79]
[r31_stage3]   ok 0033_horsejump-low: rho (15, 1560) range [2.06, 50.00]
[r31_stage3]   ok 0034_cows: rho (24, 1560) range [2.25, 50.00]
[r31_stage3]   ok 0035_helicopter: rho (12, 1560) range [2.05, 50.00]
[r31_stage3]   ok 0036_camel: rho (21, 1560) range [2.08, 50.00]
[r31_stage3]   ok 0037_snowboard-sand: rho (12, 1560) range [2.09, 50.00]
[r31_stage3]   ok 0038_motorbike: rho (9, 1560) range [2.03, 50.00]
[r31_stage3]   ok 0039_chamaleon: rho (21, 1560) range [2.11, 50.00]
[r31_stage3]   ok 0040_tennis: rho (18, 1560) range [2.09, 50.00]
[r31_stage3]   ok 0041_longboard: rho (12, 1560) range [2.05, 16.09]
[r31_stage3]   ok 0042_gym-ball: rho (18, 1560) range [2.08, 50.00]
[r31_stage3]   ok 0043_parkour: rho (24, 1560) range [2.12, 50.00]
[r31_stage3]   ok 0044_snowboard: rho (15, 1560) range [2.22, 50.00]
[r31_stage3]   ok 0045_butterfly: rho (18, 1560) range [2.13, 50.00]
[r31_stage3]   ok 0046_blackswan: rho (12, 1560) range [2.26, 50.00]
[r31_stage3]   ok 0047_judo: rho (9, 1560) range [2.10, 16.32]
[r31_stage3]   ok 0048_hike: rho (18, 1560) range [2.07, 50.00]
[r31_stage3]   ok 0049_speed-skating: rho (21, 1560) range [2.06, 12.85]
[r31_stage3]   ok 0050_slackline: rho (15, 1560) range [2.07, 50.00]
[r31_stage3]   ok 0051_dogs-jump: rho (15, 1560) range [2.10, 50.00]
[r31_stage3]   ok 0052_mallard-fly: rho (18, 1560) range [2.09, 50.00]
[r31_stage3]   ok 0053_swing: rho (15, 1560) range [2.05, 50.00]
[r31_stage3]   ok 0054_train: rho (18, 1560) range [2.04, 18.41]
[r31_stage3]   ok 0055_pigs: rho (18, 1560) range [2.41, 50.00]
[r31_stage3]   ok 0056_kart-turn: rho (21, 1560) range [2.05, 31.04]
[r31_stage3]   ok 0057_dog: rho (15, 1560) range [2.14, 50.00]
[r31_stage3]   ok 0058_boat: rho (18, 1560) range [2.06, 50.00]
[r31_stage3]   ok 0059_drift-straight: rho (12, 1560) range [2.03, 50.00]
[r31_stage3]   ok 0060_motocross-bumps: rho (15, 1560) range [2.11, 50.00]
[r31_stage3]   ok 0061_mbike-santa: rho (15, 1560) range [2.27, 50.00]
[r31_stage3]   ok 0062_elephant: rho (18, 1560) range [2.23, 50.00]
[r31_stage3]   ok 0063_drift-turn: rho (15, 1560) range [2.05, 50.00]
[r31_stage3]   ok 0064_rollerblade: rho (9, 1560) range [2.02, 29.37]
[r31_stage3]   ok 0065_twist-dance: rho (21, 1560) range [2.03, 41.54]
[r31_stage3]   ok 0066_deer: rho (18, 1560) range [2.15, 50.00]
[r31_stage3]   ok 0067_mbike-trick: rho (18, 1560) range [2.04, 50.00]
[r31_stage3]   ok 0068_planes-water: rho (9, 1560) range [2.05, 32.61]
[r31_stage3]   ok 0069_car-turn: rho (18, 1560) range [2.03, 50.00]
[r31_stage3]   ok 0070_dance-twirl: rho (21, 1560) range [2.03, 50.00]
[r31_stage3]   ok 0071_mallard-water: rho (18, 1560) range [2.16, 50.00]
[r31_stage3]   ok 0072_dog-agility: rho (6, 1560) range [2.05, 50.00]
[r31_stage3]   ok 0073_bmx-rider: rho (21, 1560) range [2.04, 22.77]
[r31_stage3]   ok 0074_rhino: rho (21, 1560) range [2.23, 50.00]
[r31_stage3]   ok 0075_A_bicycle: rho (21, 1560) range [2.03, 50.00]
[r31_stage3]   ok 0076_A_rabbit: rho (21, 1560) range [2.23, 50.00]
[r31_stage3]   ok 0077_A_hawk: rho (21, 1560) range [2.16, 50.00]
[r31_stage3]   ok 0078_A_cat: rho (21, 1560) range [2.04, 50.00]
[r31_stage3]   ok 0079_A_bus: rho (21, 1560) range [2.09, 18.29]
[r31_stage3]   ok 0080_A_motorcycle: rho (21, 1560) range [2.05, 27.04]
[r31_stage3]   ok 0081_A_horse: rho (21, 1560) range [2.15, 50.00]
[r31_stage3]   ok 0082_A_tram: rho (21, 1560) range [2.03, 50.00]
[r31_stage3]   ok 0083_A_boat: rho (21, 1560) range [2.07, 50.00]
[r31_stage3]   ok 0084_A_squirrel: rho (21, 1560) range [2.05, 50.00]
[r31_stage3]   ok 0085_A_tram: rho (21, 1560) range [2.02, 50.00]
[r31_stage3]   ok 0086_A_red_sports_car: rho (21, 1560) range [2.10, 50.00]
[r31_stage3]   ok 0087_A_seagull: rho (21, 1560) range [2.05, 50.00]
[r31_stage3]   ok 0088_A_cyclist: rho (21, 1560) range [2.05, 50.00]
[r31_stage3]   ok 0089_A_dog: rho (21, 1560) range [2.08, 50.00]
[r31_stage3]   ok 0090_A_deer: rho (21, 1560) range [2.19, 50.00]
[r31_stage3]   ok 0091_A_hawk: rho (21, 1560) range [2.04, 50.00]
[r31_stage3]   ok 0092_A_fox: rho (21, 1560) range [2.14, 50.00]
[r31_stage3]   ok 0093_A_helicopter: rho (21, 1560) range [2.13, 50.00]
[r31_stage3]   ok 0094_A_swan: rho (21, 1560) range [2.09, 50.00]
[r31_stage3]   ok 0095_A_crow: rho (21, 1560) range [2.14, 50.00]
[r31_stage3]   ok 0096_A_car: rho (21, 1560) range [2.25, 50.00]
[r31_stage3]   ok 0097_A_bird: rho (21, 1560) range [2.11, 50.00]
[r31_stage3]   ok 0098_A_squirrel: rho (21, 1560) range [2.08, 50.00]
[r31_stage3]   ok 0099_A_jogger: rho (21, 1560) range [2.08, 50.00]
[r31_stage3]   ok 0100_A_deer: rho (21, 1560) range [2.07, 50.00]
[r31_stage3] preflight PASS for all 100 clips
Free VRAM 43.969970703125 GB
KV inference with 3 frames per block
[r31_stage3] edit_type=2 method=r35_dino_first2 pairs=100 vp_mode=vp steps=15 dump_steps=1 indices rho_dir=/home/ids/skhairi/Data/dataggen/outputs/five_bench/r35_rho/dino_first2
Moving DynamicSwap_WanTextEncoder to cuda:0 with preserved memory: 35.39565706253052 GB
[[0, 1, 2]] [[0, 1, 2]]
[r31_stage3] GATE1 PASS 0001_bus: step[14] == final latent (shape (15, 1, 18, 16, 60, 104))
[ok] 0001_bus: 1 steps x 69 frames
Moving DynamicSwap_WanTextEncoder to cuda:0 with preserved memory: 35.38042879104614 GB
[[0, 1, 2, 3, 4, 5, 6]] [[0, 1, 2, 3, 4, 5, 6, 7]]
Moving DynamicSwap_WanTextEncoder to cuda:0 with preserved memory: 35.32389497756958 GB
[[0, 1, 2, 3, 4, 5, 6]] [[0, 1, 2, 3, 4, 5, 6, 7]]
[r31_stage3] GATE1 PASS 0002_girl-dog: step[14] == final latent (shape (15, 1, 21, 16, 60, 104))
[ok] 0002_girl-dog: 1 steps x 81 frames
Moving DynamicSwap_WanTextEncoder to cuda:0 with preserved memory: 35.38217210769653 GB
[[0, 1, 2, 3, 4]] [[1, 2]]
[r31_stage3] GATE1 PASS 0003_ocean-birds: step[14] == final latent (shape (15, 1, 9, 16, 60, 104))
[ok] 0003_ocean-birds: 1 steps x 33 frames
Moving DynamicSwap_WanTextEncoder to cuda:0 with preserved memory: 35.38267755508423 GB
[[0, 1, 2, 3]] [[0, 1, 2, 3]]
[r31_stage3] GATE1 PASS 0004_car-roundabout: step[14] == final latent (shape (15, 1, 18, 16, 60, 104))
[ok] 0004_car-roundabout: 1 steps x 69 frames
Moving DynamicSwap_WanTextEncoder to cuda:0 with preserved memory: 35.38042879104614 GB
[[1, 2, 3]] [[0, 1]]
Moving DynamicSwap_WanTextEncoder to cuda:0 with preserved memory: 35.32389497756958 GB
[[1, 2, 3]] [[0, 1]]
[r31_stage3] GATE1 PASS 0005_breakdance: step[14] == final latent (shape (15, 1, 21, 16, 60, 104))
[ok] 0005_breakdance: 1 steps x 81 frames
Moving DynamicSwap_WanTextEncoder to cuda:0 with preserved memory: 35.38044595718384 GB
[[0, 1, 2, 3]] [[0, 1]]
[r31_stage3] GATE1 PASS 0006_paragliding: step[14] == final latent (shape (15, 1, 18, 16, 60, 104))
[ok] 0006_paragliding: 1 steps x 69 frames
Moving DynamicSwap_WanTextEncoder to cuda:0 with preserved memory: 35.38215446472168 GB
[[0, 1]] [[0, 1]]
[r31_stage3] GATE1 PASS 0007_guitar-violin: step[14] == final latent (shape (15, 1, 12, 16, 60, 104))
[ok] 0007_guitar-violin: 1 steps x 45 frames
Moving DynamicSwap_WanTextEncoder to cuda:0 with preserved memory: 35.38211965560913 GB
[[0, 1, 2]] [[0, 1, 2]]
[r31_stage3] GATE1 PASS 0008_snowboard-race: step[14] == final latent (shape (15, 1, 18, 16, 60, 104))
[ok] 0008_snowboard-race: 1 steps x 69 frames
Moving DynamicSwap_WanTextEncoder to cuda:0 with preserved memory: 35.38042879104614 GB
[[0, 1, 2, 3]] [[0, 1, 2]]
Moving DynamicSwap_WanTextEncoder to cuda:0 with preserved memory: 35.32389497756958 GB
[[0, 1, 2, 3]] [[0, 1, 2]]
[r31_stage3] GATE1 PASS 0009_bear: step[14] == final latent (shape (15, 1, 21, 16, 60, 104))
[ok] 0009_bear: 1 steps x 81 frames
Moving DynamicSwap_WanTextEncoder to cuda:0 with preserved memory: 35.37814474105835 GB
[[0, 1, 2]] [[0, 1]]
Moving DynamicSwap_WanTextEncoder to cuda:0 with preserved memory: 35.32161092758179 GB
[[0, 1, 2]] [[0, 1]]
[r31_stage3] GATE1 PASS 0010_giant-slalom: step[14] == final latent (shape (15, 1, 30, 16, 60, 104))
[ok] 0010_giant-slalom: 1 steps x 117 frames
Moving DynamicSwap_WanTextEncoder to cuda:0 with preserved memory: 35.378772258758545 GB
[[0, 1, 2, 3, 4, 5]] [[0, 1, 2]]
[r31_stage3] GATE1 PASS 0011_lucia: step[14] == final latent (shape (15, 1, 18, 16, 60, 104))
[ok] 0011_lucia: 1 steps x 69 frames
Moving DynamicSwap_WanTextEncoder to cuda:0 with preserved memory: 35.38042879104614 GB
[[0, 1, 2, 3]] [[0, 1, 2]]
Moving DynamicSwap_WanTextEncoder to cuda:0 with preserved memory: 35.32389497756958 GB
[[0, 1, 2, 3]] [[0, 1, 2]]
[r31_stage3] GATE1 PASS 0012_goat: step[14] == final latent (shape (15, 1, 21, 16, 60, 104))
[ok] 0012_goat: 1 steps x 81 frames
Moving DynamicSwap_WanTextEncoder to cuda:0 with preserved memory: 35.38044595718384 GB
[[0, 1]] [[0, 1]]
[r31_stage3] GATE1 PASS 0013_golf: step[14] == final latent (shape (15, 1, 18, 16, 60, 104))
[ok] 0013_golf: 1 steps x 69 frames
Moving DynamicSwap_WanTextEncoder to cuda:0 with preserved memory: 35.381003856658936 GB
[[0, 1, 2]] [[0, 1, 2]]
[r31_stage3] GATE1 PASS 0014_burnout: step[14] == final latent (shape (15, 1, 18, 16, 60, 104))
[ok] 0014_burnout: 1 steps x 69 frames
Moving DynamicSwap_WanTextEncoder to cuda:0 with preserved memory: 35.38273000717163 GB
[[0, 1, 2]] [[0, 1, 2, 3]]
[r31_stage3] GATE1 PASS 0015_car-shadow: step[14] == final latent (shape (15, 1, 9, 16, 60, 104))
[ok] 0015_car-shadow: 1 steps x 33 frames
Moving DynamicSwap_WanTextEncoder to cuda:0 with preserved memory: 35.38382816314697 GB
[[0, 1, 2, 3, 4]] [[0, 1, 2, 3]]
[r31_stage3] GATE1 PASS 0016_horsejump-high: step[14] == final latent (shape (15, 1, 12, 16, 60, 104))
[ok] 0016_horsejump-high: 1 steps x 45 frames
Moving DynamicSwap_WanTextEncoder to cuda:0 with preserved memory: 35.38269519805908 GB
[[0, 1, 2]] [[0, 1]]
[r31_stage3] GATE1 PASS 0017_kid-football: step[14] == final latent (shape (15, 1, 15, 16, 60, 104))
[ok] 0017_kid-football: 1 steps x 57 frames
Moving DynamicSwap_WanTextEncoder to cuda:0 with preserved memory: 35.38156175613403 GB
[[0, 1, 2, 3]] [[0, 1]]
[r31_stage3] GATE1 PASS 0018_breakdance-flare: step[14] == final latent (shape (15, 1, 18, 16, 60, 104))
[ok] 0018_breakdance-flare: 1 steps x 69 frames
Moving DynamicSwap_WanTextEncoder to cuda:0 with preserved memory: 35.381003856658936 GB
[[0, 1, 2]] [[0, 1]]
[r31_stage3] GATE1 PASS 0019_tennis-vest: step[14] == final latent (shape (15, 1, 18, 16, 60, 104))
[ok] 0019_tennis-vest: 1 steps x 69 frames
Moving DynamicSwap_WanTextEncoder to cuda:0 with preserved memory: 35.38042879104614 GB
[[0, 1, 2, 3]] [[0, 1, 2]]
Moving DynamicSwap_WanTextEncoder to cuda:0 with preserved memory: 35.32389497756958 GB
[[0, 1, 2, 3]] [[0, 1, 2]]
[r31_stage3] GATE1 PASS 0020_monkeys: step[14] == final latent (shape (15, 1, 21, 16, 60, 104))
[ok] 0020_monkeys: 1 steps x 81 frames
Moving DynamicSwap_WanTextEncoder to cuda:0 with preserved memory: 35.38217210769653 GB
[[1, 2]] [[0, 1]]
[r31_stage3] GATE1 PASS 0021_landing: step[14] == final latent (shape (15, 1, 9, 16, 60, 104))
[ok] 0021_landing: 1 steps x 33 frames
Moving DynamicSwap_WanTextEncoder to cuda:0 with preserved memory: 35.38325309753418 GB
[[0, 1, 2]] [[0, 1]]
[r31_stage3] GATE1 PASS 0022_skate-jump: step[14] == final latent (shape (15, 1, 15, 16, 60, 104))
[ok] 0022_skate-jump: 1 steps x 57 frames
Moving DynamicSwap_WanTextEncoder to cuda:0 with preserved memory: 35.382137298583984 GB
[[0, 1, 2]] [[1, 2, 3]]
[r31_stage3] GATE1 PASS 0023_kayak-race: step[14] == final latent (shape (15, 1, 15, 16, 60, 104))
[ok] 0023_kayak-race: 1 steps x 57 frames
Moving DynamicSwap_WanTextEncoder to cuda:0 with preserved memory: 35.38156175613403 GB
[[0, 1, 2, 3, 4, 5]] [[0, 1]]
[r31_stage3] GATE1 PASS 0024_hockey: step[14] == final latent (shape (15, 1, 18, 16, 60, 104))
[ok] 0024_hockey: 1 steps x 69 frames
Moving DynamicSwap_WanTextEncoder to cuda:0 with preserved memory: 35.38042879104614 GB
[[0, 1, 2]] [[0, 1]]
Moving DynamicSwap_WanTextEncoder to cuda:0 with preserved memory: 35.32389497756958 GB
[[0, 1, 2]] [[0, 1]]
[r31_stage3] GATE1 PASS 0025_baseball: step[14] == final latent (shape (15, 1, 21, 16, 60, 104))
[ok] 0025_baseball: 1 steps x 81 frames
Moving DynamicSwap_WanTextEncoder to cuda:0 with preserved memory: 35.38044595718384 GB
[[0, 1, 2, 3]] [[0, 1, 2, 3]]
[r31_stage3] GATE1 PASS 0026_table-tennis: step[14] == final latent (shape (15, 1, 18, 16, 60, 104))
[ok] 0026_table-tennis: 1 steps x 69 frames
Moving DynamicSwap_WanTextEncoder to cuda:0 with preserved memory: 35.38157939910889 GB
[[0, 1, 2]] [[0, 1, 2, 3]]
[r31_stage3] GATE1 PASS 0027_dance-jump: step[14] == final latent (shape (15, 1, 15, 16, 60, 104))
[ok] 0027_dance-jump: 1 steps x 57 frames
Moving DynamicSwap_WanTextEncoder to cuda:0 with preserved memory: 35.38156175613403 GB
[[0, 1]] [[1, 2]]
[r31_stage3] GATE1 PASS 0028_kite-walk: step[14] == final latent (shape (15, 1, 18, 16, 60, 104))
[ok] 0028_kite-walk: 1 steps x 69 frames
Moving DynamicSwap_WanTextEncoder to cuda:0 with preserved memory: 35.38157939910889 GB
[[0, 1, 2, 3, 4]] [[0, 1, 2]]
[r31_stage3] GATE1 PASS 0029_horsejump-stick: step[14] == final latent (shape (15, 1, 15, 16, 60, 104))
[ok] 0029_horsejump-stick: 1 steps x 57 frames
Moving DynamicSwap_WanTextEncoder to cuda:0 with preserved memory: 35.38271236419678 GB
[[0, 1, 2]] [[0, 1, 2, 3]]
[r31_stage3] GATE1 PASS 0030_rallye: step[14] == final latent (shape (15, 1, 12, 16, 60, 104))
[ok] 0030_rallye: 1 steps x 45 frames
Moving DynamicSwap_WanTextEncoder to cuda:0 with preserved memory: 35.383270263671875 GB
[[0, 1, 2]] [[0, 1]]
[r31_stage3] GATE1 PASS 0031_soccerball: step[14] == final latent (shape (15, 1, 12, 16, 60, 104))
[ok] 0031_soccerball: 1 steps x 45 frames
Moving DynamicSwap_WanTextEncoder to cuda:0 with preserved memory: 35.38211965560913 GB
[[0, 1, 2, 3, 4, 5, 6, 7]] [[0, 1]]
[r31_stage3] GATE1 PASS 0032_mermaid: step[14] == final latent (shape (15, 1, 18, 16, 60, 104))
[ok] 0032_mermaid: 1 steps x 69 frames
Moving DynamicSwap_WanTextEncoder to cuda:0 with preserved memory: 35.38157939910889 GB
[[0, 1, 2, 3, 4, 5]] [[3, 4, 5]]
[r31_stage3] GATE1 PASS 0033_horsejump-low: step[14] == final latent (shape (15, 1, 15, 16, 60, 104))
[ok] 0033_horsejump-low: 1 steps x 57 frames
Moving DynamicSwap_WanTextEncoder to cuda:0 with preserved memory: 35.38041114807129 GB
[[0, 1, 2, 3, 4]] [[0, 1]]
Moving DynamicSwap_WanTextEncoder to cuda:0 with preserved memory: 35.32387733459473 GB
[[0, 1, 2, 3, 4]] [[0, 1]]
[r31_stage3] GATE1 PASS 0034_cows: step[14] == final latent (shape (15, 1, 24, 16, 60, 104))
[ok] 0034_cows: 1 steps x 93 frames
Moving DynamicSwap_WanTextEncoder to cuda:0 with preserved memory: 35.381038665771484 GB
[[0, 1, 2]] [[0, 1, 2]]
[r31_stage3] GATE1 PASS 0035_helicopter: step[14] == final latent (shape (15, 1, 12, 16, 60, 104))
[ok] 0035_helicopter: 1 steps x 45 frames
Moving DynamicSwap_WanTextEncoder to cuda:0 with preserved memory: 35.38154458999634 GB
[[0, 1, 2]] [[0, 1, 2]]
Moving DynamicSwap_WanTextEncoder to cuda:0 with preserved memory: 35.325010776519775 GB
[[0, 1, 2]] [[0, 1, 2]]
[r31_stage3] GATE1 PASS 0036_camel: step[14] == final latent (shape (15, 1, 21, 16, 60, 104))
[ok] 0036_camel: 1 steps x 81 frames
Moving DynamicSwap_WanTextEncoder to cuda:0 with preserved memory: 35.38159656524658 GB
[[0, 1]] [[0, 1]]
[r31_stage3] GATE1 PASS 0037_snowboard-sand: step[14] == final latent (shape (15, 1, 12, 16, 60, 104))
[ok] 0037_snowboard-sand: 1 steps x 45 frames
Moving DynamicSwap_WanTextEncoder to cuda:0 with preserved memory: 35.383845806121826 GB
[[0, 1, 2, 3, 4, 5, 6]] [[0, 1, 2, 3]]
[r31_stage3] GATE1 PASS 0038_motorbike: step[14] == final latent (shape (15, 1, 9, 16, 60, 104))
[ok] 0038_motorbike: 1 steps x 33 frames
Moving DynamicSwap_WanTextEncoder to cuda:0 with preserved memory: 35.382102489471436 GB
[[0, 1, 2, 3, 4]] [[0, 1]]
Moving DynamicSwap_WanTextEncoder to cuda:0 with preserved memory: 35.32556867599487 GB
[[0, 1, 2, 3, 4]] [[0, 1]]
[r31_stage3] GATE1 PASS 0039_chamaleon: step[14] == final latent (shape (15, 1, 21, 16, 60, 104))
[ok] 0039_chamaleon: 1 steps x 81 frames
Moving DynamicSwap_WanTextEncoder to cuda:0 with preserved memory: 35.38044595718384 GB
[[0, 1, 2]] [[0, 1]]
[r31_stage3] GATE1 PASS 0040_tennis: step[14] == final latent (shape (15, 1, 18, 16, 60, 104))
[ok] 0040_tennis: 1 steps x 69 frames
Moving DynamicSwap_WanTextEncoder to cuda:0 with preserved memory: 35.38215446472168 GB
[[0, 1, 2, 3, 4, 5]] [[0, 1, 2]]
[r31_stage3] GATE1 PASS 0041_longboard: step[14] == final latent (shape (15, 1, 12, 16, 60, 104))
[ok] 0041_longboard: 1 steps x 45 frames
Moving DynamicSwap_WanTextEncoder to cuda:0 with preserved memory: 35.38211965560913 GB
[[0, 1]] [[0, 1]]
[r31_stage3] GATE1 PASS 0042_gym-ball: step[14] == final latent (shape (15, 1, 18, 16, 60, 104))
[ok] 0042_gym-ball: 1 steps x 69 frames
Moving DynamicSwap_WanTextEncoder to cuda:0 with preserved memory: 35.37985324859619 GB
[[0, 1]] [[0, 1]]
Moving DynamicSwap_WanTextEncoder to cuda:0 with preserved memory: 35.32331943511963 GB
[[0, 1]] [[0, 1]]
[r31_stage3] GATE1 PASS 0043_parkour: step[14] == final latent (shape (15, 1, 24, 16, 60, 104))
[ok] 0043_parkour: 1 steps x 93 frames
Moving DynamicSwap_WanTextEncoder to cuda:0 with preserved memory: 35.38046360015869 GB
[[0, 1, 2]] [[0, 1, 2, 3]]
[r31_stage3] GATE1 PASS 0044_snowboard: step[14] == final latent (shape (15, 1, 15, 16, 60, 104))
[ok] 0044_snowboard: 1 steps x 57 frames
Moving DynamicSwap_WanTextEncoder to cuda:0 with preserved memory: 35.38156175613403 GB
[[0, 1, 2, 3, 4]] [[3]]
[r31_stage3] GATE1 PASS 0045_butterfly: step[14] == final latent (shape (15, 1, 18, 16, 60, 104))
[ok] 0045_butterfly: 1 steps x 69 frames
Moving DynamicSwap_WanTextEncoder to cuda:0 with preserved memory: 35.38215446472168 GB
[[0, 1, 2, 3]] [[0, 1]]
[r31_stage3] GATE1 PASS 0046_blackswan: step[14] == final latent (shape (15, 1, 12, 16, 60, 104))
[ok] 0046_blackswan: 1 steps x 45 frames
Moving DynamicSwap_WanTextEncoder to cuda:0 with preserved memory: 35.383845806121826 GB
[[1, 2, 3, 4]] [[1]]
[r31_stage3] GATE1 PASS 0047_judo: step[14] == final latent (shape (15, 1, 9, 16, 60, 104))
[ok] 0047_judo: 1 steps x 33 frames
Moving DynamicSwap_WanTextEncoder to cuda:0 with preserved memory: 35.38267755508423 GB
[[0, 1, 2, 3, 4]] [[0, 1]]
[r31_stage3] GATE1 PASS 0048_hike: step[14] == final latent (shape (15, 1, 18, 16, 60, 104))
[ok] 0048_hike: 1 steps x 69 frames
Moving DynamicSwap_WanTextEncoder to cuda:0 with preserved memory: 35.38042879104614 GB
[[0, 1, 2, 3]] [[1]]
Moving DynamicSwap_WanTextEncoder to cuda:0 with preserved memory: 35.32389497756958 GB
[[0, 1, 2, 3]] [[1]]
[r31_stage3] GATE1 PASS 0049_speed-skating: step[14] == final latent (shape (15, 1, 21, 16, 60, 104))
[ok] 0049_speed-skating: 1 steps x 81 frames
Moving DynamicSwap_WanTextEncoder to cuda:0 with preserved memory: 35.38102149963379 GB
[[0, 1]] [[1, 2]]
[r31_stage3] GATE1 PASS 0050_slackline: step[14] == final latent (shape (15, 1, 15, 16, 60, 104))
[ok] 0050_slackline: 1 steps x 57 frames
Moving DynamicSwap_WanTextEncoder to cuda:0 with preserved memory: 35.382137298583984 GB
[[8, 9]] [[0, 1]]
[r31_stage3] GATE1 PASS 0051_dogs-jump: step[14] == final latent (shape (15, 1, 15, 16, 60, 104))
[ok] 0051_dogs-jump: 1 steps x 57 frames
Moving DynamicSwap_WanTextEncoder to cuda:0 with preserved memory: 35.38156175613403 GB
[[0, 1, 2, 3, 4]] [[0, 1, 2]]
[r31_stage3] GATE1 PASS 0052_mallard-fly: step[14] == final latent (shape (15, 1, 18, 16, 60, 104))
[ok] 0052_mallard-fly: 1 steps x 69 frames
Moving DynamicSwap_WanTextEncoder to cuda:0 with preserved memory: 35.38157939910889 GB
[[0, 1]] [[0, 1]]
[r31_stage3] GATE1 PASS 0053_swing: step[14] == final latent (shape (15, 1, 15, 16, 60, 104))
[ok] 0053_swing: 1 steps x 57 frames
Moving DynamicSwap_WanTextEncoder to cuda:0 with preserved memory: 35.38156175613403 GB
[[1, 2]] [[0, 1, 2, 3]]
[r31_stage3] GATE1 PASS 0054_train: step[14] == final latent (shape (15, 1, 18, 16, 60, 104))
[ok] 0054_train: 1 steps x 69 frames
Moving DynamicSwap_WanTextEncoder to cuda:0 with preserved memory: 35.381003856658936 GB
[[0, 1, 2, 3, 4]] [[0, 1, 2, 3, 4, 5]]
[r31_stage3] GATE1 PASS 0055_pigs: step[14] == final latent (shape (15, 1, 18, 16, 60, 104))
[ok] 0055_pigs: 1 steps x 69 frames
Moving DynamicSwap_WanTextEncoder to cuda:0 with preserved memory: 35.38042879104614 GB
[[0, 1, 2, 3, 4]] [[1, 2, 3, 4]]
Moving DynamicSwap_WanTextEncoder to cuda:0 with preserved memory: 35.32389497756958 GB
[[0, 1, 2, 3, 4]] [[1, 2, 3, 4]]
[r31_stage3] GATE1 PASS 0056_kart-turn: step[14] == final latent (shape (15, 1, 21, 16, 60, 104))
[ok] 0056_kart-turn: 1 steps x 81 frames
Moving DynamicSwap_WanTextEncoder to cuda:0 with preserved memory: 35.38102149963379 GB
[[0, 1, 2, 3]] [[0, 1, 2]]
[r31_stage3] GATE1 PASS 0057_dog: step[14] == final latent (shape (15, 1, 15, 16, 60, 104))
[ok] 0057_dog: 1 steps x 57 frames
Moving DynamicSwap_WanTextEncoder to cuda:0 with preserved memory: 35.38156175613403 GB
[[0, 1, 2, 3]] [[0, 1, 2, 3, 4]]
[r31_stage3] GATE1 PASS 0058_boat: step[14] == final latent (shape (15, 1, 18, 16, 60, 104))
[ok] 0058_boat: 1 steps x 69 frames
Moving DynamicSwap_WanTextEncoder to cuda:0 with preserved memory: 35.38215446472168 GB
[[0, 1, 2, 3]] [[0, 1, 2, 3, 4]]
[r31_stage3] GATE1 PASS 0059_drift-straight: step[14] == final latent (shape (15, 1, 12, 16, 60, 104))
[ok] 0059_drift-straight: 1 steps x 45 frames
Moving DynamicSwap_WanTextEncoder to cuda:0 with preserved memory: 35.38269519805908 GB
[[1, 2, 3]] [[0, 1, 2, 3]]
[r31_stage3] GATE1 PASS 0060_motocross-bumps: step[14] == final latent (shape (15, 1, 15, 16, 60, 104))
[ok] 0060_motocross-bumps: 1 steps x 57 frames
Moving DynamicSwap_WanTextEncoder to cuda:0 with preserved memory: 35.382137298583984 GB
[[0, 1, 2, 3, 4, 5, 6, 7, 8]] [[0, 1]]
[r31_stage3] GATE1 PASS 0061_mbike-santa: step[14] == final latent (shape (15, 1, 15, 16, 60, 104))
[ok] 0061_mbike-santa: 1 steps x 57 frames
Moving DynamicSwap_WanTextEncoder to cuda:0 with preserved memory: 35.38156175613403 GB
[[0, 1, 2]] [[0, 1, 2]]
[r31_stage3] GATE1 PASS 0062_elephant: step[14] == final latent (shape (15, 1, 18, 16, 60, 104))
[ok] 0062_elephant: 1 steps x 69 frames
Moving DynamicSwap_WanTextEncoder to cuda:0 with preserved memory: 35.38157939910889 GB
[[0, 1, 2]] [[0, 1, 2, 3]]
[r31_stage3] GATE1 PASS 0063_drift-turn: step[14] == final latent (shape (15, 1, 15, 16, 60, 104))
[ok] 0063_drift-turn: 1 steps x 57 frames
Moving DynamicSwap_WanTextEncoder to cuda:0 with preserved memory: 35.38328790664673 GB
[[0, 1]] [[1, 2]]
[r31_stage3] GATE1 PASS 0064_rollerblade: step[14] == final latent (shape (15, 1, 9, 16, 60, 104))
[ok] 0064_rollerblade: 1 steps x 33 frames
Moving DynamicSwap_WanTextEncoder to cuda:0 with preserved memory: 35.382102489471436 GB
[[0, 1, 2]] [[0, 1]]
Moving DynamicSwap_WanTextEncoder to cuda:0 with preserved memory: 35.32556867599487 GB
[[0, 1, 2]] [[0, 1]]
[r31_stage3] GATE1 PASS 0065_twist-dance: step[14] == final latent (shape (15, 1, 21, 16, 60, 104))
[ok] 0065_twist-dance: 1 steps x 81 frames
Moving DynamicSwap_WanTextEncoder to cuda:0 with preserved memory: 35.38044595718384 GB
[[0, 1, 2]] [[1, 2]]
[r31_stage3] GATE1 PASS 0066_deer: step[14] == final latent (shape (15, 1, 18, 16, 60, 104))
[ok] 0066_deer: 1 steps x 69 frames
Moving DynamicSwap_WanTextEncoder to cuda:0 with preserved memory: 35.381003856658936 GB
[[1, 2, 3]] [[0, 1]]
[r31_stage3] GATE1 PASS 0067_mbike-trick: step[14] == final latent (shape (15, 1, 18, 16, 60, 104))
[ok] 0067_mbike-trick: 1 steps x 69 frames
Moving DynamicSwap_WanTextEncoder to cuda:0 with preserved memory: 35.38273000717163 GB
[[0, 1, 2, 3, 4]] [[0, 1, 2, 3]]
[r31_stage3] GATE1 PASS 0068_planes-water: step[14] == final latent (shape (15, 1, 9, 16, 60, 104))
[ok] 0068_planes-water: 1 steps x 33 frames
Moving DynamicSwap_WanTextEncoder to cuda:0 with preserved memory: 35.38267755508423 GB
[[0, 1, 2]] [[0, 1, 2, 3]]
[r31_stage3] GATE1 PASS 0069_car-turn: step[14] == final latent (shape (15, 1, 18, 16, 60, 104))
[ok] 0069_car-turn: 1 steps x 69 frames
Moving DynamicSwap_WanTextEncoder to cuda:0 with preserved memory: 35.38042879104614 GB
[[0, 1, 2]] [[0, 1]]
Moving DynamicSwap_WanTextEncoder to cuda:0 with preserved memory: 35.32389497756958 GB
[[0, 1, 2]] [[0, 1]]
[r31_stage3] GATE1 PASS 0070_dance-twirl: step[14] == final latent (shape (15, 1, 21, 16, 60, 104))
[ok] 0070_dance-twirl: 1 steps x 81 frames
Moving DynamicSwap_WanTextEncoder to cuda:0 with preserved memory: 35.38044595718384 GB
[[0, 1, 2, 3, 4]] [[0, 1, 2]]
[r31_stage3] GATE1 PASS 0071_mallard-water: step[14] == final latent (shape (15, 1, 18, 16, 60, 104))
[ok] 0071_mallard-water: 1 steps x 69 frames
Moving DynamicSwap_WanTextEncoder to cuda:0 with preserved memory: 35.383305072784424 GB
[[0, 1, 2, 3]] [[0, 1, 2]]
[r31_stage3] GATE1 PASS 0072_dog-agility: step[14] == final latent (shape (15, 1, 6, 16, 60, 104))
[ok] 0072_dog-agility: 1 steps x 21 frames
Moving DynamicSwap_WanTextEncoder to cuda:0 with preserved memory: 35.38266038894653 GB
[[1, 2, 3]] [[0, 1]]
Moving DynamicSwap_WanTextEncoder to cuda:0 with preserved memory: 35.32612657546997 GB
[[1, 2, 3]] [[0, 1]]
[r31_stage3] GATE1 PASS 0073_bmx-rider: step[14] == final latent (shape (15, 1, 21, 16, 60, 104))
[ok] 0073_bmx-rider: 1 steps x 81 frames
Moving DynamicSwap_WanTextEncoder to cuda:0 with preserved memory: 35.379870891571045 GB
[[0, 1, 2, 3, 4]] [[0, 1, 2, 3]]
Moving DynamicSwap_WanTextEncoder to cuda:0 with preserved memory: 35.32333707809448 GB
[[0, 1, 2, 3, 4]] [[0, 1, 2, 3]]
[r31_stage3] GATE1 PASS 0074_rhino: step[14] == final latent (shape (15, 1, 21, 16, 60, 104))
[ok] 0074_rhino: 1 steps x 81 frames
Moving DynamicSwap_WanTextEncoder to cuda:0 with preserved memory: 35.379870891571045 GB
[[0, 1]] [[0, 1]]
Moving DynamicSwap_WanTextEncoder to cuda:0 with preserved memory: 35.32333707809448 GB
[[0, 1]] [[0, 1]]
[r31_stage3] GATE1 PASS 0075_A_bicycle: step[14] == final latent (shape (15, 1, 21, 16, 60, 104))
[ok] 0075_A_bicycle: 1 steps x 81 frames
Moving DynamicSwap_WanTextEncoder to cuda:0 with preserved memory: 35.379870891571045 GB
[[0, 1, 2]] [[0, 1]]
Moving DynamicSwap_WanTextEncoder to cuda:0 with preserved memory: 35.32333707809448 GB
[[0, 1, 2]] [[0, 1]]
[r31_stage3] GATE1 PASS 0076_A_rabbit: step[14] == final latent (shape (15, 1, 21, 16, 60, 104))
[ok] 0076_A_rabbit: 1 steps x 81 frames
Moving DynamicSwap_WanTextEncoder to cuda:0 with preserved memory: 35.379870891571045 GB
[[0, 1, 2]] [[1, 2, 3]]
Moving DynamicSwap_WanTextEncoder to cuda:0 with preserved memory: 35.32333707809448 GB
[[0, 1, 2]] [[1, 2, 3]]
[r31_stage3] GATE1 PASS 0077_A_hawk: step[14] == final latent (shape (15, 1, 21, 16, 60, 104))
[ok] 0077_A_hawk: 1 steps x 81 frames
Moving DynamicSwap_WanTextEncoder to cuda:0 with preserved memory: 35.379870891571045 GB
[[0, 1]] [[0, 1, 2]]
Moving DynamicSwap_WanTextEncoder to cuda:0 with preserved memory: 35.32333707809448 GB
[[0, 1]] [[0, 1, 2]]
[r31_stage3] GATE1 PASS 0078_A_cat: step[14] == final latent (shape (15, 1, 21, 16, 60, 104))
[ok] 0078_A_cat: 1 steps x 81 frames
Moving DynamicSwap_WanTextEncoder to cuda:0 with preserved memory: 35.379870891571045 GB
[[0, 1]] [[0, 1, 2, 3]]
Moving DynamicSwap_WanTextEncoder to cuda:0 with preserved memory: 35.32333707809448 GB
[[0, 1]] [[0, 1, 2, 3]]
[r31_stage3] GATE1 PASS 0079_A_bus: step[14] == final latent (shape (15, 1, 21, 16, 60, 104))
[ok] 0079_A_bus: 1 steps x 81 frames
Moving DynamicSwap_WanTextEncoder to cuda:0 with preserved memory: 35.379870891571045 GB
[[0, 1]] [[0, 1, 2, 3]]
Moving DynamicSwap_WanTextEncoder to cuda:0 with preserved memory: 35.32333707809448 GB
[[0, 1]] [[0, 1, 2, 3]]
[r31_stage3] GATE1 PASS 0080_A_motorcycle: step[14] == final latent (shape (15, 1, 21, 16, 60, 104))
[ok] 0080_A_motorcycle: 1 steps x 81 frames
Moving DynamicSwap_WanTextEncoder to cuda:0 with preserved memory: 35.379870891571045 GB
[[0, 1]] [[0, 1]]
Moving DynamicSwap_WanTextEncoder to cuda:0 with preserved memory: 35.32333707809448 GB
[[0, 1]] [[0, 1]]
[r31_stage3] GATE1 PASS 0081_A_horse: step[14] == final latent (shape (15, 1, 21, 16, 60, 104))
[ok] 0081_A_horse: 1 steps x 81 frames
Moving DynamicSwap_WanTextEncoder to cuda:0 with preserved memory: 35.379870891571045 GB
[[0, 1]] [[0, 1, 2]]
Moving DynamicSwap_WanTextEncoder to cuda:0 with preserved memory: 35.32333707809448 GB
[[0, 1]] [[0, 1, 2]]
[r31_stage3] GATE1 PASS 0082_A_tram: step[14] == final latent (shape (15, 1, 21, 16, 60, 104))
[ok] 0082_A_tram: 1 steps x 81 frames
Moving DynamicSwap_WanTextEncoder to cuda:0 with preserved memory: 35.379870891571045 GB
[[0, 1]] [[0, 1, 2]]
Moving DynamicSwap_WanTextEncoder to cuda:0 with preserved memory: 35.32333707809448 GB
[[0, 1]] [[0, 1, 2]]
[r31_stage3] GATE1 PASS 0083_A_boat: step[14] == final latent (shape (15, 1, 21, 16, 60, 104))
[ok] 0083_A_boat: 1 steps x 81 frames
Moving DynamicSwap_WanTextEncoder to cuda:0 with preserved memory: 35.379870891571045 GB
[[0, 1, 2]] [[0, 1, 2]]
Moving DynamicSwap_WanTextEncoder to cuda:0 with preserved memory: 35.32333707809448 GB
[[0, 1, 2]] [[0, 1, 2]]
[r31_stage3] GATE1 PASS 0084_A_squirrel: step[14] == final latent (shape (15, 1, 21, 16, 60, 104))
[ok] 0084_A_squirrel: 1 steps x 81 frames
Moving DynamicSwap_WanTextEncoder to cuda:0 with preserved memory: 35.379870891571045 GB
[[0, 1]] [[0, 1, 2, 3, 4, 5, 6]]
Moving DynamicSwap_WanTextEncoder to cuda:0 with preserved memory: 35.32333707809448 GB
[[0, 1]] [[0, 1, 2, 3, 4, 5, 6]]
[r31_stage3] GATE1 PASS 0085_A_tram: step[14] == final latent (shape (15, 1, 21, 16, 60, 104))
[ok] 0085_A_tram: 1 steps x 81 frames
Moving DynamicSwap_WanTextEncoder to cuda:0 with preserved memory: 35.379870891571045 GB
[[0, 1, 2, 3]] [[0, 1, 2]]
Moving DynamicSwap_WanTextEncoder to cuda:0 with preserved memory: 35.32333707809448 GB
[[0, 1, 2, 3]] [[0, 1, 2]]
[r31_stage3] GATE1 PASS 0086_A_red_sports_car: step[14] == final latent (shape (15, 1, 21, 16, 60, 104))
[ok] 0086_A_red_sports_car: 1 steps x 81 frames
Moving DynamicSwap_WanTextEncoder to cuda:0 with preserved memory: 35.379870891571045 GB
[[0, 1, 2]] [[0, 1, 2]]
Moving DynamicSwap_WanTextEncoder to cuda:0 with preserved memory: 35.32333707809448 GB
[[0, 1, 2]] [[0, 1, 2]]
[r31_stage3] GATE1 PASS 0087_A_seagull: step[14] == final latent (shape (15, 1, 21, 16, 60, 104))
[ok] 0087_A_seagull: 1 steps x 81 frames
Moving DynamicSwap_WanTextEncoder to cuda:0 with preserved memory: 35.379870891571045 GB
[[0, 1, 2]] [[0, 1, 2, 3]]
Moving DynamicSwap_WanTextEncoder to cuda:0 with preserved memory: 35.32333707809448 GB
[[0, 1, 2]] [[0, 1, 2, 3]]
[r31_stage3] GATE1 PASS 0088_A_cyclist: step[14] == final latent (shape (15, 1, 21, 16, 60, 104))
[ok] 0088_A_cyclist: 1 steps x 81 frames
Moving DynamicSwap_WanTextEncoder to cuda:0 with preserved memory: 35.379870891571045 GB
[[0, 1]] [[0, 1]]
Moving DynamicSwap_WanTextEncoder to cuda:0 with preserved memory: 35.32333707809448 GB
[[0, 1]] [[0, 1]]
[r31_stage3] GATE1 PASS 0089_A_dog: step[14] == final latent (shape (15, 1, 21, 16, 60, 104))
[ok] 0089_A_dog: 1 steps x 81 frames
Moving DynamicSwap_WanTextEncoder to cuda:0 with preserved memory: 35.379870891571045 GB
[[0, 1, 2]] [[0, 1, 2]]
Moving DynamicSwap_WanTextEncoder to cuda:0 with preserved memory: 35.32333707809448 GB
[[0, 1, 2]] [[0, 1, 2]]
[r31_stage3] GATE1 PASS 0090_A_deer: step[14] == final latent (shape (15, 1, 21, 16, 60, 104))
[ok] 0090_A_deer: 1 steps x 81 frames
Moving DynamicSwap_WanTextEncoder to cuda:0 with preserved memory: 35.379870891571045 GB
[[0, 1, 2]] [[0, 1, 2, 3, 4]]
Moving DynamicSwap_WanTextEncoder to cuda:0 with preserved memory: 35.32333707809448 GB
[[0, 1, 2]] [[0, 1, 2, 3, 4]]
[r31_stage3] GATE1 PASS 0091_A_hawk: step[14] == final latent (shape (15, 1, 21, 16, 60, 104))
[ok] 0091_A_hawk: 1 steps x 81 frames
Moving DynamicSwap_WanTextEncoder to cuda:0 with preserved memory: 35.379870891571045 GB
[[0, 1, 2]] [[0, 1]]
Moving DynamicSwap_WanTextEncoder to cuda:0 with preserved memory: 35.32333707809448 GB
[[0, 1, 2]] [[0, 1]]
[r31_stage3] GATE1 PASS 0092_A_fox: step[14] == final latent (shape (15, 1, 21, 16, 60, 104))
[ok] 0092_A_fox: 1 steps x 81 frames
Moving DynamicSwap_WanTextEncoder to cuda:0 with preserved memory: 35.379870891571045 GB
[[0, 1, 2]] [[0, 1, 2]]
Moving DynamicSwap_WanTextEncoder to cuda:0 with preserved memory: 35.32333707809448 GB
[[0, 1, 2]] [[0, 1, 2]]
[r31_stage3] GATE1 PASS 0093_A_helicopter: step[14] == final latent (shape (15, 1, 21, 16, 60, 104))
[ok] 0093_A_helicopter: 1 steps x 81 frames
Moving DynamicSwap_WanTextEncoder to cuda:0 with preserved memory: 35.379870891571045 GB
[[0, 1, 2]] [[0, 1, 2]]
Moving DynamicSwap_WanTextEncoder to cuda:0 with preserved memory: 35.32333707809448 GB
[[0, 1, 2]] [[0, 1, 2]]
[r31_stage3] GATE1 PASS 0094_A_swan: step[14] == final latent (shape (15, 1, 21, 16, 60, 104))
[ok] 0094_A_swan: 1 steps x 81 frames
Moving DynamicSwap_WanTextEncoder to cuda:0 with preserved memory: 35.379870891571045 GB
[[0, 1]] [[0, 1]]
Moving DynamicSwap_WanTextEncoder to cuda:0 with preserved memory: 35.32333707809448 GB
[[0, 1]] [[0, 1]]
[r31_stage3] GATE1 PASS 0095_A_crow: step[14] == final latent (shape (15, 1, 21, 16, 60, 104))
[ok] 0095_A_crow: 1 steps x 81 frames
Moving DynamicSwap_WanTextEncoder to cuda:0 with preserved memory: 35.379870891571045 GB
[[0, 1]] [[0, 1, 2]]
Moving DynamicSwap_WanTextEncoder to cuda:0 with preserved memory: 35.32333707809448 GB
[[0, 1]] [[0, 1, 2]]
[r31_stage3] GATE1 PASS 0096_A_car: step[14] == final latent (shape (15, 1, 21, 16, 60, 104))
[ok] 0096_A_car: 1 steps x 81 frames
Moving DynamicSwap_WanTextEncoder to cuda:0 with preserved memory: 35.379870891571045 GB
[[0, 1]] [[0, 1]]
Moving DynamicSwap_WanTextEncoder to cuda:0 with preserved memory: 35.32333707809448 GB
[[0, 1]] [[0, 1]]
[r31_stage3] GATE1 PASS 0097_A_bird: step[14] == final latent (shape (15, 1, 21, 16, 60, 104))
[ok] 0097_A_bird: 1 steps x 81 frames
Moving DynamicSwap_WanTextEncoder to cuda:0 with preserved memory: 35.379870891571045 GB
[[0, 1, 2]] [[0, 1]]
Moving DynamicSwap_WanTextEncoder to cuda:0 with preserved memory: 35.32333707809448 GB
[[0, 1, 2]] [[0, 1]]
[r31_stage3] GATE1 PASS 0098_A_squirrel: step[14] == final latent (shape (15, 1, 21, 16, 60, 104))
[ok] 0098_A_squirrel: 1 steps x 81 frames
Moving DynamicSwap_WanTextEncoder to cuda:0 with preserved memory: 35.379870891571045 GB
[[0, 1, 2]] [[0, 1]]
Moving DynamicSwap_WanTextEncoder to cuda:0 with preserved memory: 35.32333707809448 GB
[[0, 1, 2]] [[0, 1]]
[r31_stage3] GATE1 PASS 0099_A_jogger: step[14] == final latent (shape (15, 1, 21, 16, 60, 104))
[ok] 0099_A_jogger: 1 steps x 81 frames
Moving DynamicSwap_WanTextEncoder to cuda:0 with preserved memory: 35.379870891571045 GB
[[0, 1, 2]] [[0, 1, 2]]
Moving DynamicSwap_WanTextEncoder to cuda:0 with preserved memory: 35.32333707809448 GB
[[0, 1, 2]] [[0, 1, 2]]
[r31_stage3] GATE1 PASS 0100_A_deer: step[14] == final latent (shape (15, 1, 21, 16, 60, 104))
[ok] 0100_A_deer: 1 steps x 81 frames
[r31_stage3] done edit2: 100/100 ok -> /home/ids/skhairi/Data/dataggen/outputs/five_bench/r35_arms/r35_dino_first2/_manifest_edit2.csv
--- [r35_stage3] r35_dino_first2 edit3 ---
[r31_stage3] preflight: validating 100 rho fields in /home/ids/skhairi/Data/dataggen/outputs/five_bench/r35_rho/dino_first2
[r31_stage3]   ok 0001_bus: rho (18, 1560) range [2.03, 4.57]
[r31_stage3]   ok 0002_girl-dog: rho (21, 1560) range [2.01, 50.00]
[r31_stage3]   ok 0003_ocean-birds: rho (9, 1560) range [2.07, 28.98]
[r31_stage3]   ok 0004_car-roundabout: rho (18, 1560) range [2.03, 17.39]
[r31_stage3]   ok 0005_breakdance: rho (21, 1560) range [2.01, 50.00]
[r31_stage3]   ok 0006_paragliding: rho (18, 1560) range [2.03, 21.65]
[r31_stage3]   ok 0007_guitar-violin: rho (12, 1560) range [2.01, 50.00]
[r31_stage3]   ok 0008_snowboard-race: rho (18, 1560) range [2.02, 43.91]
[r31_stage3]   ok 0009_bear: rho (21, 1560) range [2.06, 50.00]
[r31_stage3]   ok 0010_giant-slalom: rho (30, 1560) range [2.01, 11.44]
[r31_stage3]   ok 0011_lucia: rho (18, 1560) range [2.02, 9.24]
[r31_stage3]   ok 0012_goat: rho (21, 1560) range [2.11, 50.00]
[r31_stage3]   ok 0013_golf: rho (18, 1560) range [2.01, 9.35]
[r31_stage3]   ok 0014_burnout: rho (18, 1560) range [2.02, 29.50]
[r31_stage3]   ok 0015_car-shadow: rho (9, 1560) range [2.02, 50.00]
[r31_stage3]   ok 0016_horsejump-high: rho (12, 1560) range [2.01, 15.90]
[r31_stage3]   ok 0017_kid-football: rho (15, 1560) range [2.02, 10.97]
[r31_stage3]   ok 0018_breakdance-flare: rho (18, 1560) range [2.02, 50.00]
[r31_stage3]   ok 0019_tennis-vest: rho (18, 1560) range [2.01, 11.30]
[r31_stage3]   ok 0020_monkeys: rho (21, 1560) range [2.05, 17.68]
[r31_stage3]   ok 0021_landing: rho (9, 1560) range [2.03, 24.47]
[r31_stage3]   ok 0022_skate-jump: rho (15, 1560) range [2.01, 21.34]
[r31_stage3]   ok 0023_kayak-race: rho (15, 1560) range [2.03, 14.15]
[r31_stage3]   ok 0024_hockey: rho (18, 1560) range [2.02, 25.26]
[r31_stage3]   ok 0025_baseball: rho (21, 1560) range [2.02, 8.79]
[r31_stage3]   ok 0026_table-tennis: rho (18, 1560) range [2.04, 9.23]
[r31_stage3]   ok 0027_dance-jump: rho (15, 1560) range [2.04, 50.00]
[r31_stage3]   ok 0028_kite-walk: rho (18, 1560) range [2.01, 5.21]
[r31_stage3]   ok 0029_horsejump-stick: rho (15, 1560) range [2.04, 50.00]
[r31_stage3]   ok 0030_rallye: rho (12, 1560) range [2.02, 49.85]
[r31_stage3]   ok 0031_soccerball: rho (12, 1560) range [2.01, 10.17]
[r31_stage3]   ok 0032_mermaid: rho (18, 1560) range [2.07, 14.19]
[r31_stage3]   ok 0033_horsejump-low: rho (15, 1560) range [2.03, 50.00]
[r31_stage3]   ok 0034_cows: rho (24, 1560) range [2.04, 50.00]
[r31_stage3]   ok 0035_helicopter: rho (12, 1560) range [2.02, 7.91]
[r31_stage3]   ok 0036_camel: rho (21, 1560) range [2.04, 24.24]
[r31_stage3]   ok 0037_snowboard-sand: rho (12, 1560) range [2.03, 13.83]
[r31_stage3]   ok 0038_motorbike: rho (9, 1560) range [2.03, 9.58]
[r31_stage3]   ok 0039_chamaleon: rho (21, 1560) range [2.05, 27.24]
[r31_stage3]   ok 0040_tennis: rho (18, 1560) range [2.02, 20.41]
[r31_stage3]   ok 0041_longboard: rho (12, 1560) range [2.01, 6.77]
[r31_stage3]   ok 0042_gym-ball: rho (18, 1560) range [2.01, 11.37]
[r31_stage3]   ok 0043_parkour: rho (24, 1560) range [2.02, 26.97]
[r31_stage3]   ok 0044_snowboard: rho (15, 1560) range [2.04, 11.76]
[r31_stage3]   ok 0045_butterfly: rho (18, 1560) range [2.03, 50.00]
[r31_stage3]   ok 0046_blackswan: rho (12, 1560) range [2.07, 29.00]
[r31_stage3]   ok 0047_judo: rho (9, 1560) range [2.02, 10.27]
[r31_stage3]   ok 0048_hike: rho (18, 1560) range [2.03, 13.66]
[r31_stage3]   ok 0049_speed-skating: rho (21, 1560) range [2.03, 11.01]
[r31_stage3]   ok 0050_slackline: rho (15, 1560) range [2.03, 50.00]
[r31_stage3]   ok 0051_dogs-jump: rho (15, 1560) range [2.02, 18.75]
[r31_stage3]   ok 0052_mallard-fly: rho (18, 1560) range [2.06, 50.00]
[r31_stage3]   ok 0053_swing: rho (15, 1560) range [2.02, 38.17]
[r31_stage3]   ok 0054_train: rho (18, 1560) range [2.02, 11.40]
[r31_stage3]   ok 0055_pigs: rho (18, 1560) range [2.06, 20.06]
[r31_stage3]   ok 0056_kart-turn: rho (21, 1560) range [2.02, 14.33]
[r31_stage3]   ok 0057_dog: rho (15, 1560) range [2.09, 50.00]
[r31_stage3]   ok 0058_boat: rho (18, 1560) range [2.02, 17.35]
[r31_stage3]   ok 0059_drift-straight: rho (12, 1560) range [2.01, 50.00]
[r31_stage3]   ok 0060_motocross-bumps: rho (15, 1560) range [2.03, 9.96]
[r31_stage3]   ok 0061_mbike-santa: rho (15, 1560) range [2.07, 33.96]
[r31_stage3]   ok 0062_elephant: rho (18, 1560) range [2.10, 50.00]
[r31_stage3]   ok 0063_drift-turn: rho (15, 1560) range [2.05, 50.00]
[r31_stage3]   ok 0064_rollerblade: rho (9, 1560) range [2.02, 12.03]
[r31_stage3]   ok 0065_twist-dance: rho (21, 1560) range [2.01, 14.47]
[r31_stage3]   ok 0066_deer: rho (18, 1560) range [2.07, 50.00]
[r31_stage3]   ok 0067_mbike-trick: rho (18, 1560) range [2.01, 13.93]
[r31_stage3]   ok 0068_planes-water: rho (9, 1560) range [2.02, 3.71]
[r31_stage3]   ok 0069_car-turn: rho (18, 1560) range [2.01, 13.90]
[r31_stage3]   ok 0070_dance-twirl: rho (21, 1560) range [2.02, 18.46]
[r31_stage3]   ok 0071_mallard-water: rho (18, 1560) range [2.10, 21.39]
[r31_stage3]   ok 0072_dog-agility: rho (6, 1560) range [2.03, 12.38]
[r31_stage3]   ok 0073_bmx-rider: rho (21, 1560) range [2.03, 18.78]
[r31_stage3]   ok 0074_rhino: rho (21, 1560) range [2.04, 12.93]
[r31_stage3]   ok 0075_A_bicycle: rho (21, 1560) range [2.01, 14.20]
[r31_stage3]   ok 0076_A_rabbit: rho (21, 1560) range [2.07, 50.00]
[r31_stage3]   ok 0077_A_hawk: rho (21, 1560) range [2.08, 50.00]
[r31_stage3]   ok 0078_A_cat: rho (21, 1560) range [2.01, 16.51]
[r31_stage3]   ok 0079_A_bus: rho (21, 1560) range [2.03, 7.05]
[r31_stage3]   ok 0080_A_motorcycle: rho (21, 1560) range [2.04, 14.38]
[r31_stage3]   ok 0081_A_horse: rho (21, 1560) range [2.03, 21.12]
[r31_stage3]   ok 0082_A_tram: rho (21, 1560) range [2.01, 29.57]
[r31_stage3]   ok 0083_A_boat: rho (21, 1560) range [2.02, 8.56]
[r31_stage3]   ok 0084_A_squirrel: rho (21, 1560) range [2.03, 26.46]
[r31_stage3]   ok 0085_A_tram: rho (21, 1560) range [2.01, 8.66]
[r31_stage3]   ok 0086_A_red_sports_car: rho (21, 1560) range [2.01, 50.00]
[r31_stage3]   ok 0087_A_seagull: rho (21, 1560) range [2.02, 13.57]
[r31_stage3]   ok 0088_A_cyclist: rho (21, 1560) range [2.01, 11.89]
[r31_stage3]   ok 0089_A_dog: rho (21, 1560) range [2.02, 50.00]
[r31_stage3]   ok 0090_A_deer: rho (21, 1560) range [2.04, 23.50]
[r31_stage3]   ok 0091_A_hawk: rho (21, 1560) range [2.04, 50.00]
[r31_stage3]   ok 0092_A_fox: rho (21, 1560) range [2.04, 42.91]
[r31_stage3]   ok 0093_A_helicopter: rho (21, 1560) range [2.04, 18.97]
[r31_stage3]   ok 0094_A_swan: rho (21, 1560) range [2.05, 18.59]
[r31_stage3]   ok 0095_A_crow: rho (21, 1560) range [2.01, 13.76]
[r31_stage3]   ok 0096_A_car: rho (21, 1560) range [2.02, 49.68]
[r31_stage3]   ok 0097_A_bird: rho (21, 1560) range [2.03, 12.75]
[r31_stage3]   ok 0098_A_squirrel: rho (21, 1560) range [2.01, 15.83]
[r31_stage3]   ok 0099_A_jogger: rho (21, 1560) range [2.02, 10.23]
[r31_stage3]   ok 0100_A_deer: rho (21, 1560) range [2.02, 20.23]
[r31_stage3] preflight PASS for all 100 clips
Free VRAM 43.969970703125 GB
KV inference with 3 frames per block
[r31_stage3] edit_type=3 method=r35_dino_first2 pairs=100 vp_mode=vp steps=15 dump_steps=1 indices rho_dir=/home/ids/skhairi/Data/dataggen/outputs/five_bench/r35_rho/dino_first2
Moving DynamicSwap_WanTextEncoder to cuda:0 with preserved memory: 35.39565706253052 GB
[[0, 1, 2]] [[1, 2, 3]]
[r31_stage3] GATE1 PASS 0001_bus: step[14] == final latent (shape (15, 1, 18, 16, 60, 104))
[ok] 0001_bus: 1 steps x 69 frames
Moving DynamicSwap_WanTextEncoder to cuda:0 with preserved memory: 35.38042879104614 GB
[[22, 23, 24]] [[22, 23, 24]]
Moving DynamicSwap_WanTextEncoder to cuda:0 with preserved memory: 35.32389497756958 GB
[[22, 23, 24]] [[22, 23, 24]]
[r31_stage3] GATE1 PASS 0002_girl-dog: step[14] == final latent (shape (15, 1, 21, 16, 60, 104))
[ok] 0002_girl-dog: 1 steps x 81 frames
Moving DynamicSwap_WanTextEncoder to cuda:0 with preserved memory: 35.38217210769653 GB
[[0, 1, 2, 3, 4]] [[1]]
[r31_stage3] GATE1 PASS 0003_ocean-birds: step[14] == final latent (shape (15, 1, 9, 16, 60, 104))
[ok] 0003_ocean-birds: 1 steps x 33 frames
Moving DynamicSwap_WanTextEncoder to cuda:0 with preserved memory: 35.38267755508423 GB
[[0, 1, 2, 3]] [[0, 1, 2, 3]]
[r31_stage3] GATE1 PASS 0004_car-roundabout: step[14] == final latent (shape (15, 1, 18, 16, 60, 104))
[ok] 0004_car-roundabout: 1 steps x 69 frames
Moving DynamicSwap_WanTextEncoder to cuda:0 with preserved memory: 35.38042879104614 GB
[[1, 2, 3]] [[5, 6, 7, 8]]
Moving DynamicSwap_WanTextEncoder to cuda:0 with preserved memory: 35.32389497756958 GB
[[1, 2, 3]] [[5, 6, 7, 8]]
[r31_stage3] GATE1 PASS 0005_breakdance: step[14] == final latent (shape (15, 1, 21, 16, 60, 104))
[ok] 0005_breakdance: 1 steps x 81 frames
Moving DynamicSwap_WanTextEncoder to cuda:0 with preserved memory: 35.38044595718384 GB
[[0, 1, 2, 3]] [[1]]
[r31_stage3] GATE1 PASS 0006_paragliding: step[14] == final latent (shape (15, 1, 18, 16, 60, 104))
[ok] 0006_paragliding: 1 steps x 69 frames
Moving DynamicSwap_WanTextEncoder to cuda:0 with preserved memory: 35.38215446472168 GB
[[0, 1]] [[0, 1, 2, 3]]
[r31_stage3] GATE1 PASS 0007_guitar-violin: step[14] == final latent (shape (15, 1, 12, 16, 60, 104))
[ok] 0007_guitar-violin: 1 steps x 45 frames
Moving DynamicSwap_WanTextEncoder to cuda:0 with preserved memory: 35.38211965560913 GB
[[0, 1, 2]] [[1]]
[r31_stage3] GATE1 PASS 0008_snowboard-race: step[14] == final latent (shape (15, 1, 18, 16, 60, 104))
[ok] 0008_snowboard-race: 1 steps x 69 frames
Moving DynamicSwap_WanTextEncoder to cuda:0 with preserved memory: 35.38042879104614 GB
[[0, 1, 2, 3]] [[0, 1, 2, 3]]
Moving DynamicSwap_WanTextEncoder to cuda:0 with preserved memory: 35.32389497756958 GB
[[0, 1, 2, 3]] [[0, 1, 2, 3]]
[r31_stage3] GATE1 PASS 0009_bear: step[14] == final latent (shape (15, 1, 21, 16, 60, 104))
[ok] 0009_bear: 1 steps x 81 frames
Moving DynamicSwap_WanTextEncoder to cuda:0 with preserved memory: 35.37814474105835 GB
[[0, 1, 2]] [[0, 1, 2, 3, 4, 5, 6, 7, 8]]
Moving DynamicSwap_WanTextEncoder to cuda:0 with preserved memory: 35.32161092758179 GB
[[0, 1, 2]] [[0, 1, 2, 3, 4, 5, 6, 7, 8]]
[r31_stage3] GATE1 PASS 0010_giant-slalom: step[14] == final latent (shape (15, 1, 30, 16, 60, 104))
[ok] 0010_giant-slalom: 1 steps x 117 frames
Moving DynamicSwap_WanTextEncoder to cuda:0 with preserved memory: 35.378772258758545 GB
[[0, 1, 2, 3, 4, 5]] [[0, 1, 2, 3, 4, 5]]
[r31_stage3] GATE1 PASS 0011_lucia: step[14] == final latent (shape (15, 1, 18, 16, 60, 104))
[ok] 0011_lucia: 1 steps x 69 frames
Moving DynamicSwap_WanTextEncoder to cuda:0 with preserved memory: 35.38042879104614 GB
[[0, 1, 2, 3]] [[1]]
Moving DynamicSwap_WanTextEncoder to cuda:0 with preserved memory: 35.32389497756958 GB
[[0, 1, 2, 3]] [[1]]
[r31_stage3] GATE1 PASS 0012_goat: step[14] == final latent (shape (15, 1, 21, 16, 60, 104))
[ok] 0012_goat: 1 steps x 81 frames
Moving DynamicSwap_WanTextEncoder to cuda:0 with preserved memory: 35.38044595718384 GB
[[0, 1]] [[0, 1, 2, 3, 4, 5]]
[r31_stage3] GATE1 PASS 0013_golf: step[14] == final latent (shape (15, 1, 18, 16, 60, 104))
[ok] 0013_golf: 1 steps x 69 frames
Moving DynamicSwap_WanTextEncoder to cuda:0 with preserved memory: 35.381003856658936 GB
[[0, 1, 2]] [[0, 1, 2]]
[r31_stage3] GATE1 PASS 0014_burnout: step[14] == final latent (shape (15, 1, 18, 16, 60, 104))
[ok] 0014_burnout: 1 steps x 69 frames
Moving DynamicSwap_WanTextEncoder to cuda:0 with preserved memory: 35.38273000717163 GB
[[0, 1, 2]] [[0, 1, 2]]
[r31_stage3] GATE1 PASS 0015_car-shadow: step[14] == final latent (shape (15, 1, 9, 16, 60, 104))
[ok] 0015_car-shadow: 1 steps x 33 frames
Moving DynamicSwap_WanTextEncoder to cuda:0 with preserved memory: 35.38382816314697 GB
[[0, 1, 2, 3, 4]] [[0, 1, 2]]
[r31_stage3] GATE1 PASS 0016_horsejump-high: step[14] == final latent (shape (15, 1, 12, 16, 60, 104))
[ok] 0016_horsejump-high: 1 steps x 45 frames
Moving DynamicSwap_WanTextEncoder to cuda:0 with preserved memory: 35.38269519805908 GB
[[0, 1, 2]] [[4, 5, 6]]
[r31_stage3] GATE1 PASS 0017_kid-football: step[14] == final latent (shape (15, 1, 15, 16, 60, 104))
[ok] 0017_kid-football: 1 steps x 57 frames
Moving DynamicSwap_WanTextEncoder to cuda:0 with preserved memory: 35.38156175613403 GB
[[0, 1, 2, 3]] [[0, 1, 2, 3, 4, 5, 6]]
[r31_stage3] GATE1 PASS 0018_breakdance-flare: step[14] == final latent (shape (15, 1, 18, 16, 60, 104))
[ok] 0018_breakdance-flare: 1 steps x 69 frames
Moving DynamicSwap_WanTextEncoder to cuda:0 with preserved memory: 35.381003856658936 GB
[[0, 1, 2]] [[9, 10]]
[r31_stage3] GATE1 PASS 0019_tennis-vest: step[14] == final latent (shape (15, 1, 18, 16, 60, 104))
[ok] 0019_tennis-vest: 1 steps x 69 frames
Moving DynamicSwap_WanTextEncoder to cuda:0 with preserved memory: 35.38042879104614 GB
[[0, 1, 2, 3]] [[2]]
Moving DynamicSwap_WanTextEncoder to cuda:0 with preserved memory: 35.32389497756958 GB
[[0, 1, 2, 3]] [[2]]
[r31_stage3] GATE1 PASS 0020_monkeys: step[14] == final latent (shape (15, 1, 21, 16, 60, 104))
[ok] 0020_monkeys: 1 steps x 81 frames
Moving DynamicSwap_WanTextEncoder to cuda:0 with preserved memory: 35.38217210769653 GB
[[1, 2]] [[0, 1, 2, 3]]
[r31_stage3] GATE1 PASS 0021_landing: step[14] == final latent (shape (15, 1, 9, 16, 60, 104))
[ok] 0021_landing: 1 steps x 33 frames
Moving DynamicSwap_WanTextEncoder to cuda:0 with preserved memory: 35.38325309753418 GB
[[0, 1, 2]] [[0, 1, 2, 3, 4]]
[r31_stage3] GATE1 PASS 0022_skate-jump: step[14] == final latent (shape (15, 1, 15, 16, 60, 104))
[ok] 0022_skate-jump: 1 steps x 57 frames
Moving DynamicSwap_WanTextEncoder to cuda:0 with preserved memory: 35.382137298583984 GB
[[0, 1, 2]] [[3, 4]]
[r31_stage3] GATE1 PASS 0023_kayak-race: step[14] == final latent (shape (15, 1, 15, 16, 60, 104))
[ok] 0023_kayak-race: 1 steps x 57 frames
Moving DynamicSwap_WanTextEncoder to cuda:0 with preserved memory: 35.38156175613403 GB
[[0, 1, 2, 3, 4, 5]] [[2, 3]]
[r31_stage3] GATE1 PASS 0024_hockey: step[14] == final latent (shape (15, 1, 18, 16, 60, 104))
[ok] 0024_hockey: 1 steps x 69 frames
Moving DynamicSwap_WanTextEncoder to cuda:0 with preserved memory: 35.38042879104614 GB
[[1, 2]] [[0, 1, 2, 3, 4]]
Moving DynamicSwap_WanTextEncoder to cuda:0 with preserved memory: 35.32389497756958 GB
[[1, 2]] [[0, 1, 2, 3, 4]]
[r31_stage3] GATE1 PASS 0025_baseball: step[14] == final latent (shape (15, 1, 21, 16, 60, 104))
[ok] 0025_baseball: 1 steps x 81 frames
Moving DynamicSwap_WanTextEncoder to cuda:0 with preserved memory: 35.38044595718384 GB
[[0, 1, 2, 3]] [[52, 53, 54]]
[r31_stage3] GATE1 PASS 0026_table-tennis: step[14] == final latent (shape (15, 1, 18, 16, 60, 104))
[ok] 0026_table-tennis: 1 steps x 69 frames
Moving DynamicSwap_WanTextEncoder to cuda:0 with preserved memory: 35.38157939910889 GB
[[0, 1, 2]] [[4, 5, 6, 7, 8, 9, 10]]
[r31_stage3] GATE1 PASS 0027_dance-jump: step[14] == final latent (shape (15, 1, 15, 16, 60, 104))
[ok] 0027_dance-jump: 1 steps x 57 frames
Moving DynamicSwap_WanTextEncoder to cuda:0 with preserved memory: 35.38156175613403 GB
[[0, 1]] [[3, 4, 5, 6]]
[r31_stage3] GATE1 PASS 0028_kite-walk: step[14] == final latent (shape (15, 1, 18, 16, 60, 104))
[ok] 0028_kite-walk: 1 steps x 69 frames
Moving DynamicSwap_WanTextEncoder to cuda:0 with preserved memory: 35.38157939910889 GB
[[0, 1, 2, 3, 4]] [[1]]
[r31_stage3] GATE1 PASS 0029_horsejump-stick: step[14] == final latent (shape (15, 1, 15, 16, 60, 104))
[ok] 0029_horsejump-stick: 1 steps x 57 frames
Moving DynamicSwap_WanTextEncoder to cuda:0 with preserved memory: 35.38271236419678 GB
[[0, 1, 2]] [[0, 1]]
[r31_stage3] GATE1 PASS 0030_rallye: step[14] == final latent (shape (15, 1, 12, 16, 60, 104))
[ok] 0030_rallye: 1 steps x 45 frames
Moving DynamicSwap_WanTextEncoder to cuda:0 with preserved memory: 35.383270263671875 GB
[[0, 1, 2]] [[0, 1, 2, 3]]
[r31_stage3] GATE1 PASS 0031_soccerball: step[14] == final latent (shape (15, 1, 12, 16, 60, 104))
[ok] 0031_soccerball: 1 steps x 45 frames
Moving DynamicSwap_WanTextEncoder to cuda:0 with preserved memory: 35.38211965560913 GB
[[0, 1, 2, 3, 4, 5, 6, 7]] [[2, 3]]
[r31_stage3] GATE1 PASS 0032_mermaid: step[14] == final latent (shape (15, 1, 18, 16, 60, 104))
[ok] 0032_mermaid: 1 steps x 69 frames
Moving DynamicSwap_WanTextEncoder to cuda:0 with preserved memory: 35.38157939910889 GB
[[0, 1, 2, 3, 4, 5]] [[3, 4, 5]]
[r31_stage3] GATE1 PASS 0033_horsejump-low: step[14] == final latent (shape (15, 1, 15, 16, 60, 104))
[ok] 0033_horsejump-low: 1 steps x 57 frames
Moving DynamicSwap_WanTextEncoder to cuda:0 with preserved memory: 35.38041114807129 GB
[[0, 1, 2, 3, 4]] [[0, 1, 2, 3, 4]]
Moving DynamicSwap_WanTextEncoder to cuda:0 with preserved memory: 35.32387733459473 GB
[[0, 1, 2, 3, 4]] [[0, 1, 2, 3, 4]]
[r31_stage3] GATE1 PASS 0034_cows: step[14] == final latent (shape (15, 1, 24, 16, 60, 104))
[ok] 0034_cows: 1 steps x 93 frames
Moving DynamicSwap_WanTextEncoder to cuda:0 with preserved memory: 35.381038665771484 GB
[[0, 1, 2]] [[0, 1, 2, 3]]
[r31_stage3] GATE1 PASS 0035_helicopter: step[14] == final latent (shape (15, 1, 12, 16, 60, 104))
[ok] 0035_helicopter: 1 steps x 45 frames
Moving DynamicSwap_WanTextEncoder to cuda:0 with preserved memory: 35.38154458999634 GB
[[0, 1, 2]] [[0, 1]]
Moving DynamicSwap_WanTextEncoder to cuda:0 with preserved memory: 35.325010776519775 GB
[[0, 1, 2]] [[0, 1]]
[r31_stage3] GATE1 PASS 0036_camel: step[14] == final latent (shape (15, 1, 21, 16, 60, 104))
[ok] 0036_camel: 1 steps x 81 frames
Moving DynamicSwap_WanTextEncoder to cuda:0 with preserved memory: 35.38159656524658 GB
[[0, 1]] [[2, 3]]
[r31_stage3] GATE1 PASS 0037_snowboard-sand: step[14] == final latent (shape (15, 1, 12, 16, 60, 104))
[ok] 0037_snowboard-sand: 1 steps x 45 frames
Moving DynamicSwap_WanTextEncoder to cuda:0 with preserved memory: 35.383845806121826 GB
[[0, 1, 2, 3, 4, 5, 6]] [[0, 1, 2, 3]]
[r31_stage3] GATE1 PASS 0038_motorbike: step[14] == final latent (shape (15, 1, 9, 16, 60, 104))
[ok] 0038_motorbike: 1 steps x 33 frames
Moving DynamicSwap_WanTextEncoder to cuda:0 with preserved memory: 35.382102489471436 GB
[[0, 1, 2, 3, 4]] [[0, 1, 2, 3, 4]]
Moving DynamicSwap_WanTextEncoder to cuda:0 with preserved memory: 35.32556867599487 GB
[[0, 1, 2, 3, 4]] [[0, 1, 2, 3, 4]]
[r31_stage3] GATE1 PASS 0039_chamaleon: step[14] == final latent (shape (15, 1, 21, 16, 60, 104))
[ok] 0039_chamaleon: 1 steps x 81 frames
Moving DynamicSwap_WanTextEncoder to cuda:0 with preserved memory: 35.38044595718384 GB
[[0, 1, 2]] [[0, 1, 2, 3, 4, 5, 6, 7, 8, 9]]
[r31_stage3] GATE1 PASS 0040_tennis: step[14] == final latent (shape (15, 1, 18, 16, 60, 104))
[ok] 0040_tennis: 1 steps x 69 frames
Moving DynamicSwap_WanTextEncoder to cuda:0 with preserved memory: 35.38215446472168 GB
[[0, 1, 2, 3, 4, 5]] [[0, 1, 2, 3, 4, 5]]
[r31_stage3] GATE1 PASS 0041_longboard: step[14] == final latent (shape (15, 1, 12, 16, 60, 104))
[ok] 0041_longboard: 1 steps x 45 frames
Moving DynamicSwap_WanTextEncoder to cuda:0 with preserved memory: 35.38211965560913 GB
[[0, 1]] [[0, 1, 2, 3]]
[r31_stage3] GATE1 PASS 0042_gym-ball: step[14] == final latent (shape (15, 1, 18, 16, 60, 104))
[ok] 0042_gym-ball: 1 steps x 69 frames
Moving DynamicSwap_WanTextEncoder to cuda:0 with preserved memory: 35.37985324859619 GB
[[0, 1]] [[0, 1, 2, 3]]
Moving DynamicSwap_WanTextEncoder to cuda:0 with preserved memory: 35.32331943511963 GB
[[0, 1]] [[0, 1, 2, 3]]
[r31_stage3] GATE1 PASS 0043_parkour: step[14] == final latent (shape (15, 1, 24, 16, 60, 104))
[ok] 0043_parkour: 1 steps x 93 frames
Moving DynamicSwap_WanTextEncoder to cuda:0 with preserved memory: 35.38046360015869 GB
[[0, 1, 2]] [[3, 4]]
[r31_stage3] GATE1 PASS 0044_snowboard: step[14] == final latent (shape (15, 1, 15, 16, 60, 104))
[ok] 0044_snowboard: 1 steps x 57 frames
Moving DynamicSwap_WanTextEncoder to cuda:0 with preserved memory: 35.38156175613403 GB
[[0, 1, 2, 3, 4]] [[0, 1, 2, 3, 4]]
[r31_stage3] GATE1 PASS 0045_butterfly: step[14] == final latent (shape (15, 1, 18, 16, 60, 104))
[ok] 0045_butterfly: 1 steps x 69 frames
Moving DynamicSwap_WanTextEncoder to cuda:0 with preserved memory: 35.38215446472168 GB
[[0, 1, 2, 3]] [[0, 1, 2, 3]]
[r31_stage3] GATE1 PASS 0046_blackswan: step[14] == final latent (shape (15, 1, 12, 16, 60, 104))
[ok] 0046_blackswan: 1 steps x 45 frames
Moving DynamicSwap_WanTextEncoder to cuda:0 with preserved memory: 35.383845806121826 GB
[[1, 2, 3, 4]] [[3, 4, 5, 6]]
[r31_stage3] GATE1 PASS 0047_judo: step[14] == final latent (shape (15, 1, 9, 16, 60, 104))
[ok] 0047_judo: 1 steps x 33 frames
Moving DynamicSwap_WanTextEncoder to cuda:0 with preserved memory: 35.38267755508423 GB
[[0, 1, 2, 3, 4]] [[0, 1, 2, 3]]
[r31_stage3] GATE1 PASS 0048_hike: step[14] == final latent (shape (15, 1, 18, 16, 60, 104))
[ok] 0048_hike: 1 steps x 69 frames
Moving DynamicSwap_WanTextEncoder to cuda:0 with preserved memory: 35.38042879104614 GB
[[0, 1, 2, 3]] [[5]]
Moving DynamicSwap_WanTextEncoder to cuda:0 with preserved memory: 35.32389497756958 GB
[[0, 1, 2, 3]] [[5]]
[r31_stage3] GATE1 PASS 0049_speed-skating: step[14] == final latent (shape (15, 1, 21, 16, 60, 104))
[ok] 0049_speed-skating: 1 steps x 81 frames
Moving DynamicSwap_WanTextEncoder to cuda:0 with preserved memory: 35.38102149963379 GB
[[0, 1]] [[2, 3]]
[r31_stage3] GATE1 PASS 0050_slackline: step[14] == final latent (shape (15, 1, 15, 16, 60, 104))
[ok] 0050_slackline: 1 steps x 57 frames
Moving DynamicSwap_WanTextEncoder to cuda:0 with preserved memory: 35.382137298583984 GB
[[8, 9]] [[0, 1, 2, 3, 4, 5]]
[r31_stage3] GATE1 PASS 0051_dogs-jump: step[14] == final latent (shape (15, 1, 15, 16, 60, 104))
[ok] 0051_dogs-jump: 1 steps x 57 frames
Moving DynamicSwap_WanTextEncoder to cuda:0 with preserved memory: 35.38156175613403 GB
[[0, 1, 2, 3, 4]] [[1]]
[r31_stage3] GATE1 PASS 0052_mallard-fly: step[14] == final latent (shape (15, 1, 18, 16, 60, 104))
[ok] 0052_mallard-fly: 1 steps x 69 frames
Moving DynamicSwap_WanTextEncoder to cuda:0 with preserved memory: 35.38157939910889 GB
[[0, 1]] [[0, 1, 2, 3]]
[r31_stage3] GATE1 PASS 0053_swing: step[14] == final latent (shape (15, 1, 15, 16, 60, 104))
[ok] 0053_swing: 1 steps x 57 frames
Moving DynamicSwap_WanTextEncoder to cuda:0 with preserved memory: 35.38156175613403 GB
[[1, 2]] [[0, 1, 2, 3, 4, 5, 6, 7, 8, 9, 10, 11, 12]]
[r31_stage3] GATE1 PASS 0054_train: step[14] == final latent (shape (15, 1, 18, 16, 60, 104))
[ok] 0054_train: 1 steps x 69 frames
Moving DynamicSwap_WanTextEncoder to cuda:0 with preserved memory: 35.381003856658936 GB
[[0, 1, 2, 3, 4]] [[3]]
[r31_stage3] GATE1 PASS 0055_pigs: step[14] == final latent (shape (15, 1, 18, 16, 60, 104))
[ok] 0055_pigs: 1 steps x 69 frames
Moving DynamicSwap_WanTextEncoder to cuda:0 with preserved memory: 35.38042879104614 GB
[[0, 1, 2, 3, 4]] [[0, 1, 2, 3, 4, 5]]
Moving DynamicSwap_WanTextEncoder to cuda:0 with preserved memory: 35.32389497756958 GB
[[0, 1, 2, 3, 4]] [[0, 1, 2, 3, 4, 5]]
[r31_stage3] GATE1 PASS 0056_kart-turn: step[14] == final latent (shape (15, 1, 21, 16, 60, 104))
[ok] 0056_kart-turn: 1 steps x 81 frames
Moving DynamicSwap_WanTextEncoder to cuda:0 with preserved memory: 35.38102149963379 GB
[[0, 1, 2, 3]] [[0, 1, 2, 3]]
[r31_stage3] GATE1 PASS 0057_dog: step[14] == final latent (shape (15, 1, 15, 16, 60, 104))
[ok] 0057_dog: 1 steps x 57 frames
Moving DynamicSwap_WanTextEncoder to cuda:0 with preserved memory: 35.38156175613403 GB
[[0, 1, 2, 3]] [[0, 1, 2, 3]]
[r31_stage3] GATE1 PASS 0058_boat: step[14] == final latent (shape (15, 1, 18, 16, 60, 104))
[ok] 0058_boat: 1 steps x 69 frames
Moving DynamicSwap_WanTextEncoder to cuda:0 with preserved memory: 35.38215446472168 GB
[[0, 1, 2, 3]] [[0, 1, 2, 3]]
[r31_stage3] GATE1 PASS 0059_drift-straight: step[14] == final latent (shape (15, 1, 12, 16, 60, 104))
[ok] 0059_drift-straight: 1 steps x 45 frames
Moving DynamicSwap_WanTextEncoder to cuda:0 with preserved memory: 35.38269519805908 GB
[[1, 2, 3]] [[0, 1]]
[r31_stage3] GATE1 PASS 0060_motocross-bumps: step[14] == final latent (shape (15, 1, 15, 16, 60, 104))
[ok] 0060_motocross-bumps: 1 steps x 57 frames
Moving DynamicSwap_WanTextEncoder to cuda:0 with preserved memory: 35.382137298583984 GB
[[0, 1, 2, 3, 4, 5, 6, 7, 8]] [[0, 1, 2, 3, 4, 5, 6, 7, 8, 9]]
[r31_stage3] GATE1 PASS 0061_mbike-santa: step[14] == final latent (shape (15, 1, 15, 16, 60, 104))
[ok] 0061_mbike-santa: 1 steps x 57 frames
Moving DynamicSwap_WanTextEncoder to cuda:0 with preserved memory: 35.38156175613403 GB
[[0, 1, 2]] [[0, 1, 2, 3]]
[r31_stage3] GATE1 PASS 0062_elephant: step[14] == final latent (shape (15, 1, 18, 16, 60, 104))
[ok] 0062_elephant: 1 steps x 69 frames
Moving DynamicSwap_WanTextEncoder to cuda:0 with preserved memory: 35.38157939910889 GB
[[0, 1, 2]] [[0, 1, 2, 3]]
[r31_stage3] GATE1 PASS 0063_drift-turn: step[14] == final latent (shape (15, 1, 15, 16, 60, 104))
[ok] 0063_drift-turn: 1 steps x 57 frames
Moving DynamicSwap_WanTextEncoder to cuda:0 with preserved memory: 35.38328790664673 GB
[[0, 1]] [[2, 3]]
[r31_stage3] GATE1 PASS 0064_rollerblade: step[14] == final latent (shape (15, 1, 9, 16, 60, 104))
[ok] 0064_rollerblade: 1 steps x 33 frames
Moving DynamicSwap_WanTextEncoder to cuda:0 with preserved memory: 35.382102489471436 GB
[[0, 1, 2]] [[5, 6, 7, 8, 9, 10]]
Moving DynamicSwap_WanTextEncoder to cuda:0 with preserved memory: 35.32556867599487 GB
[[0, 1, 2]] [[5, 6, 7, 8, 9, 10]]
[r31_stage3] GATE1 PASS 0065_twist-dance: step[14] == final latent (shape (15, 1, 21, 16, 60, 104))
[ok] 0065_twist-dance: 1 steps x 81 frames
Moving DynamicSwap_WanTextEncoder to cuda:0 with preserved memory: 35.38044595718384 GB
[[0, 1, 2]] [[1]]
[r31_stage3] GATE1 PASS 0066_deer: step[14] == final latent (shape (15, 1, 18, 16, 60, 104))
[ok] 0066_deer: 1 steps x 69 frames
Moving DynamicSwap_WanTextEncoder to cuda:0 with preserved memory: 35.381003856658936 GB
[[1, 2, 3]] [[4, 5]]
[r31_stage3] GATE1 PASS 0067_mbike-trick: step[14] == final latent (shape (15, 1, 18, 16, 60, 104))
[ok] 0067_mbike-trick: 1 steps x 69 frames
Moving DynamicSwap_WanTextEncoder to cuda:0 with preserved memory: 35.38273000717163 GB
[[0, 1, 2, 3, 4]] [[1]]
[r31_stage3] GATE1 PASS 0068_planes-water: step[14] == final latent (shape (15, 1, 9, 16, 60, 104))
[ok] 0068_planes-water: 1 steps x 33 frames
Moving DynamicSwap_WanTextEncoder to cuda:0 with preserved memory: 35.38267755508423 GB
[[0, 1, 2]] [[0, 1, 2]]
[r31_stage3] GATE1 PASS 0069_car-turn: step[14] == final latent (shape (15, 1, 18, 16, 60, 104))
[ok] 0069_car-turn: 1 steps x 69 frames
Moving DynamicSwap_WanTextEncoder to cuda:0 with preserved memory: 35.38042879104614 GB
[[0, 1, 2, 3, 4, 5, 6, 7, 8]] [[0, 1, 2, 3, 4, 5, 6]]
Moving DynamicSwap_WanTextEncoder to cuda:0 with preserved memory: 35.32389497756958 GB
[[0, 1, 2, 3, 4, 5, 6, 7, 8]] [[0, 1, 2, 3, 4, 5, 6]]
[r31_stage3] GATE1 PASS 0070_dance-twirl: step[14] == final latent (shape (15, 1, 21, 16, 60, 104))
[ok] 0070_dance-twirl: 1 steps x 81 frames
Moving DynamicSwap_WanTextEncoder to cuda:0 with preserved memory: 35.38044595718384 GB
[[0, 1, 2, 3, 4]] [[1]]
[r31_stage3] GATE1 PASS 0071_mallard-water: step[14] == final latent (shape (15, 1, 18, 16, 60, 104))
[ok] 0071_mallard-water: 1 steps x 69 frames
Moving DynamicSwap_WanTextEncoder to cuda:0 with preserved memory: 35.383305072784424 GB
[[0, 1, 2, 3]] [[0, 1, 2, 3, 4]]
[r31_stage3] GATE1 PASS 0072_dog-agility: step[14] == final latent (shape (15, 1, 6, 16, 60, 104))
[ok] 0072_dog-agility: 1 steps x 21 frames
Moving DynamicSwap_WanTextEncoder to cuda:0 with preserved memory: 35.38266038894653 GB
[[1, 2, 3]] [[0, 1, 2, 3, 4, 5]]
Moving DynamicSwap_WanTextEncoder to cuda:0 with preserved memory: 35.32612657546997 GB
[[1, 2, 3]] [[0, 1, 2, 3, 4, 5]]
[r31_stage3] GATE1 PASS 0073_bmx-rider: step[14] == final latent (shape (15, 1, 21, 16, 60, 104))
[ok] 0073_bmx-rider: 1 steps x 81 frames
Moving DynamicSwap_WanTextEncoder to cuda:0 with preserved memory: 35.379870891571045 GB
[[0, 1, 2, 3, 4]] [[2]]
Moving DynamicSwap_WanTextEncoder to cuda:0 with preserved memory: 35.32333707809448 GB
[[0, 1, 2, 3, 4]] [[2]]
[r31_stage3] GATE1 PASS 0074_rhino: step[14] == final latent (shape (15, 1, 21, 16, 60, 104))
[ok] 0074_rhino: 1 steps x 81 frames
Moving DynamicSwap_WanTextEncoder to cuda:0 with preserved memory: 35.379870891571045 GB
[[0, 1]] [[0, 1, 2]]
Moving DynamicSwap_WanTextEncoder to cuda:0 with preserved memory: 35.32333707809448 GB
[[0, 1]] [[0, 1, 2]]
[r31_stage3] GATE1 PASS 0075_A_bicycle: step[14] == final latent (shape (15, 1, 21, 16, 60, 104))
[ok] 0075_A_bicycle: 1 steps x 81 frames
Moving DynamicSwap_WanTextEncoder to cuda:0 with preserved memory: 35.379870891571045 GB
[[0, 1, 2]] [[0, 1, 2, 3, 4, 5]]
Moving DynamicSwap_WanTextEncoder to cuda:0 with preserved memory: 35.32333707809448 GB
[[0, 1, 2]] [[0, 1, 2, 3, 4, 5]]
[r31_stage3] GATE1 PASS 0076_A_rabbit: step[14] == final latent (shape (15, 1, 21, 16, 60, 104))
[ok] 0076_A_rabbit: 1 steps x 81 frames
Moving DynamicSwap_WanTextEncoder to cuda:0 with preserved memory: 35.379870891571045 GB
[[0, 1, 2]] [[0, 1, 2, 3]]
Moving DynamicSwap_WanTextEncoder to cuda:0 with preserved memory: 35.32333707809448 GB
[[0, 1, 2]] [[0, 1, 2, 3]]
[r31_stage3] GATE1 PASS 0077_A_hawk: step[14] == final latent (shape (15, 1, 21, 16, 60, 104))
[ok] 0077_A_hawk: 1 steps x 81 frames
Moving DynamicSwap_WanTextEncoder to cuda:0 with preserved memory: 35.379870891571045 GB
[[0, 1]] [[1]]
Moving DynamicSwap_WanTextEncoder to cuda:0 with preserved memory: 35.32333707809448 GB
[[0, 1]] [[1]]
[r31_stage3] GATE1 PASS 0078_A_cat: step[14] == final latent (shape (15, 1, 21, 16, 60, 104))
[ok] 0078_A_cat: 1 steps x 81 frames
Moving DynamicSwap_WanTextEncoder to cuda:0 with preserved memory: 35.379870891571045 GB
[[0, 1]] [[0, 1, 2, 3]]
Moving DynamicSwap_WanTextEncoder to cuda:0 with preserved memory: 35.32333707809448 GB
[[0, 1]] [[0, 1, 2, 3]]
[r31_stage3] GATE1 PASS 0079_A_bus: step[14] == final latent (shape (15, 1, 21, 16, 60, 104))
[ok] 0079_A_bus: 1 steps x 81 frames
Moving DynamicSwap_WanTextEncoder to cuda:0 with preserved memory: 35.379870891571045 GB
[[0, 1]] [[0, 1, 2]]
Moving DynamicSwap_WanTextEncoder to cuda:0 with preserved memory: 35.32333707809448 GB
[[0, 1]] [[0, 1, 2]]
[r31_stage3] GATE1 PASS 0080_A_motorcycle: step[14] == final latent (shape (15, 1, 21, 16, 60, 104))
[ok] 0080_A_motorcycle: 1 steps x 81 frames
Moving DynamicSwap_WanTextEncoder to cuda:0 with preserved memory: 35.379870891571045 GB
[[0, 1]] [[1]]
Moving DynamicSwap_WanTextEncoder to cuda:0 with preserved memory: 35.32333707809448 GB
[[0, 1]] [[1]]
[r31_stage3] GATE1 PASS 0081_A_horse: step[14] == final latent (shape (15, 1, 21, 16, 60, 104))
[ok] 0081_A_horse: 1 steps x 81 frames
Moving DynamicSwap_WanTextEncoder to cuda:0 with preserved memory: 35.379870891571045 GB
[[0, 1]] [[0, 1, 2]]
Moving DynamicSwap_WanTextEncoder to cuda:0 with preserved memory: 35.32333707809448 GB
[[0, 1]] [[0, 1, 2]]
[r31_stage3] GATE1 PASS 0082_A_tram: step[14] == final latent (shape (15, 1, 21, 16, 60, 104))
[ok] 0082_A_tram: 1 steps x 81 frames
Moving DynamicSwap_WanTextEncoder to cuda:0 with preserved memory: 35.379870891571045 GB
[[0, 1]] [[0, 1, 2, 3]]
Moving DynamicSwap_WanTextEncoder to cuda:0 with preserved memory: 35.32333707809448 GB
[[0, 1]] [[0, 1, 2, 3]]
[r31_stage3] GATE1 PASS 0083_A_boat: step[14] == final latent (shape (15, 1, 21, 16, 60, 104))
[ok] 0083_A_boat: 1 steps x 81 frames
Moving DynamicSwap_WanTextEncoder to cuda:0 with preserved memory: 35.379870891571045 GB
[[0, 1, 2]] [[0, 1, 2, 3, 4]]
Moving DynamicSwap_WanTextEncoder to cuda:0 with preserved memory: 35.32333707809448 GB
[[0, 1, 2]] [[0, 1, 2, 3, 4]]
[r31_stage3] GATE1 PASS 0084_A_squirrel: step[14] == final latent (shape (15, 1, 21, 16, 60, 104))
[ok] 0084_A_squirrel: 1 steps x 81 frames
Moving DynamicSwap_WanTextEncoder to cuda:0 with preserved memory: 35.379870891571045 GB
[[0, 1]] [[0, 1, 2]]
Moving DynamicSwap_WanTextEncoder to cuda:0 with preserved memory: 35.32333707809448 GB
[[0, 1]] [[0, 1, 2]]
[r31_stage3] GATE1 PASS 0085_A_tram: step[14] == final latent (shape (15, 1, 21, 16, 60, 104))
[ok] 0085_A_tram: 1 steps x 81 frames
Moving DynamicSwap_WanTextEncoder to cuda:0 with preserved memory: 35.379870891571045 GB
[[0, 1, 2, 3]] [[0, 1, 2, 3, 4]]
Moving DynamicSwap_WanTextEncoder to cuda:0 with preserved memory: 35.32333707809448 GB
[[0, 1, 2, 3]] [[0, 1, 2, 3, 4]]
[r31_stage3] GATE1 PASS 0086_A_red_sports_car: step[14] == final latent (shape (15, 1, 21, 16, 60, 104))
[ok] 0086_A_red_sports_car: 1 steps x 81 frames
Moving DynamicSwap_WanTextEncoder to cuda:0 with preserved memory: 35.379870891571045 GB
[[0, 1, 2]] [[1]]
Moving DynamicSwap_WanTextEncoder to cuda:0 with preserved memory: 35.32333707809448 GB
[[0, 1, 2]] [[1]]
[r31_stage3] GATE1 PASS 0087_A_seagull: step[14] == final latent (shape (15, 1, 21, 16, 60, 104))
[ok] 0087_A_seagull: 1 steps x 81 frames
Moving DynamicSwap_WanTextEncoder to cuda:0 with preserved memory: 35.379870891571045 GB
[[0, 1, 2]] [[1, 2]]
Moving DynamicSwap_WanTextEncoder to cuda:0 with preserved memory: 35.32333707809448 GB
[[0, 1, 2]] [[1, 2]]
[r31_stage3] GATE1 PASS 0088_A_cyclist: step[14] == final latent (shape (15, 1, 21, 16, 60, 104))
[ok] 0088_A_cyclist: 1 steps x 81 frames
Moving DynamicSwap_WanTextEncoder to cuda:0 with preserved memory: 35.379870891571045 GB
[[0, 1]] [[0, 1, 2]]
Moving DynamicSwap_WanTextEncoder to cuda:0 with preserved memory: 35.32333707809448 GB
[[0, 1]] [[0, 1, 2]]
[r31_stage3] GATE1 PASS 0089_A_dog: step[14] == final latent (shape (15, 1, 21, 16, 60, 104))
[ok] 0089_A_dog: 1 steps x 81 frames
Moving DynamicSwap_WanTextEncoder to cuda:0 with preserved memory: 35.379870891571045 GB
[[0, 1, 2]] [[0, 1, 2, 3]]
Moving DynamicSwap_WanTextEncoder to cuda:0 with preserved memory: 35.32333707809448 GB
[[0, 1, 2]] [[0, 1, 2, 3]]
[r31_stage3] GATE1 PASS 0090_A_deer: step[14] == final latent (shape (15, 1, 21, 16, 60, 104))
[ok] 0090_A_deer: 1 steps x 81 frames
Moving DynamicSwap_WanTextEncoder to cuda:0 with preserved memory: 35.379870891571045 GB
[[0, 1, 2]] [[0, 1, 2, 3, 4]]
Moving DynamicSwap_WanTextEncoder to cuda:0 with preserved memory: 35.32333707809448 GB
[[0, 1, 2]] [[0, 1, 2, 3, 4]]
[r31_stage3] GATE1 PASS 0091_A_hawk: step[14] == final latent (shape (15, 1, 21, 16, 60, 104))
[ok] 0091_A_hawk: 1 steps x 81 frames
Moving DynamicSwap_WanTextEncoder to cuda:0 with preserved memory: 35.379870891571045 GB
[[0, 1, 2]] [[0, 1, 2, 3, 4]]
Moving DynamicSwap_WanTextEncoder to cuda:0 with preserved memory: 35.32333707809448 GB
[[0, 1, 2]] [[0, 1, 2, 3, 4]]
[r31_stage3] GATE1 PASS 0092_A_fox: step[14] == final latent (shape (15, 1, 21, 16, 60, 104))
[ok] 0092_A_fox: 1 steps x 81 frames
Moving DynamicSwap_WanTextEncoder to cuda:0 with preserved memory: 35.379870891571045 GB
[[0, 1, 2]] [[0, 1, 2, 3]]
Moving DynamicSwap_WanTextEncoder to cuda:0 with preserved memory: 35.32333707809448 GB
[[0, 1, 2]] [[0, 1, 2, 3]]
[r31_stage3] GATE1 PASS 0093_A_helicopter: step[14] == final latent (shape (15, 1, 21, 16, 60, 104))
[ok] 0093_A_helicopter: 1 steps x 81 frames
Moving DynamicSwap_WanTextEncoder to cuda:0 with preserved memory: 35.379870891571045 GB
[[0, 1, 2]] [[1]]
Moving DynamicSwap_WanTextEncoder to cuda:0 with preserved memory: 35.32333707809448 GB
[[0, 1, 2]] [[1]]
[r31_stage3] GATE1 PASS 0094_A_swan: step[14] == final latent (shape (15, 1, 21, 16, 60, 104))
[ok] 0094_A_swan: 1 steps x 81 frames
Moving DynamicSwap_WanTextEncoder to cuda:0 with preserved memory: 35.379870891571045 GB
[[0, 1]] [[1, 2]]
Moving DynamicSwap_WanTextEncoder to cuda:0 with preserved memory: 35.32333707809448 GB
[[0, 1]] [[1, 2]]
[r31_stage3] GATE1 PASS 0095_A_crow: step[14] == final latent (shape (15, 1, 21, 16, 60, 104))
[ok] 0095_A_crow: 1 steps x 81 frames
Moving DynamicSwap_WanTextEncoder to cuda:0 with preserved memory: 35.379870891571045 GB
[[0, 1]] [[1, 2]]
Moving DynamicSwap_WanTextEncoder to cuda:0 with preserved memory: 35.32333707809448 GB
[[0, 1]] [[1, 2]]
[r31_stage3] GATE1 PASS 0096_A_car: step[14] == final latent (shape (15, 1, 21, 16, 60, 104))
[ok] 0096_A_car: 1 steps x 81 frames
Moving DynamicSwap_WanTextEncoder to cuda:0 with preserved memory: 35.379870891571045 GB
[[0, 1]] [[0, 1, 2]]
Moving DynamicSwap_WanTextEncoder to cuda:0 with preserved memory: 35.32333707809448 GB
[[0, 1]] [[0, 1, 2]]
[r31_stage3] GATE1 PASS 0097_A_bird: step[14] == final latent (shape (15, 1, 21, 16, 60, 104))
[ok] 0097_A_bird: 1 steps x 81 frames
Moving DynamicSwap_WanTextEncoder to cuda:0 with preserved memory: 35.379870891571045 GB
[[0, 1, 2]] [[1]]
Moving DynamicSwap_WanTextEncoder to cuda:0 with preserved memory: 35.32333707809448 GB
[[0, 1, 2]] [[1]]
[r31_stage3] GATE1 PASS 0098_A_squirrel: step[14] == final latent (shape (15, 1, 21, 16, 60, 104))
[ok] 0098_A_squirrel: 1 steps x 81 frames
Moving DynamicSwap_WanTextEncoder to cuda:0 with preserved memory: 35.379870891571045 GB
[[0, 1, 2]] [[1, 2]]
Moving DynamicSwap_WanTextEncoder to cuda:0 with preserved memory: 35.32333707809448 GB
[[0, 1, 2]] [[1, 2]]
[r31_stage3] GATE1 PASS 0099_A_jogger: step[14] == final latent (shape (15, 1, 21, 16, 60, 104))
[ok] 0099_A_jogger: 1 steps x 81 frames
Moving DynamicSwap_WanTextEncoder to cuda:0 with preserved memory: 35.379870891571045 GB
[[0, 1, 2]] [[1, 2, 3]]
Moving DynamicSwap_WanTextEncoder to cuda:0 with preserved memory: 35.32333707809448 GB
[[0, 1, 2]] [[1, 2, 3]]
[r31_stage3] GATE1 PASS 0100_A_deer: step[14] == final latent (shape (15, 1, 21, 16, 60, 104))
[ok] 0100_A_deer: 1 steps x 81 frames
[r31_stage3] done edit3: 100/100 ok -> /home/ids/skhairi/Data/dataggen/outputs/five_bench/r35_arms/r35_dino_first2/_manifest_edit3.csv
--- [r35_stage3] r35_dino_first2 edit4 ---
[r31_stage3] preflight: validating 100 rho fields in /home/ids/skhairi/Data/dataggen/outputs/five_bench/r35_rho/dino_first2
[r31_stage3]   ok 0001_bus: rho (18, 1560) range [2.05, 11.29]
[r31_stage3]   ok 0002_girl-dog: rho (21, 1560) range [2.01, 13.54]
[r31_stage3]   ok 0003_ocean-birds: rho (9, 1560) range [2.06, 22.61]
[r31_stage3]   ok 0004_car-roundabout: rho (18, 1560) range [2.04, 17.93]
[r31_stage3]   ok 0005_breakdance: rho (21, 1560) range [2.02, 50.00]
[r31_stage3]   ok 0006_paragliding: rho (18, 1560) range [2.03, 22.55]
[r31_stage3]   ok 0007_guitar-violin: rho (12, 1560) range [2.05, 50.00]
[r31_stage3]   ok 0008_snowboard-race: rho (18, 1560) range [2.06, 50.00]
[r31_stage3]   ok 0009_bear: rho (21, 1560) range [2.05, 11.66]
[r31_stage3]   ok 0010_giant-slalom: rho (30, 1560) range [2.04, 15.72]
[r31_stage3]   ok 0011_lucia: rho (18, 1560) range [2.04, 20.17]
[r31_stage3]   ok 0012_goat: rho (21, 1560) range [2.11, 50.00]
[r31_stage3]   ok 0013_golf: rho (18, 1560) range [2.01, 13.10]
[r31_stage3]   ok 0014_burnout: rho (18, 1560) range [2.01, 46.17]
[r31_stage3]   ok 0015_car-shadow: rho (9, 1560) range [2.05, 50.00]
[r31_stage3]   ok 0016_horsejump-high: rho (12, 1560) range [2.02, 14.79]
[r31_stage3]   ok 0017_kid-football: rho (15, 1560) range [2.04, 10.97]
[r31_stage3]   ok 0018_breakdance-flare: rho (18, 1560) range [2.03, 50.00]
[r31_stage3]   ok 0019_tennis-vest: rho (18, 1560) range [2.01, 8.99]
[r31_stage3]   ok 0020_monkeys: rho (21, 1560) range [2.07, 26.46]
[r31_stage3]   ok 0021_landing: rho (9, 1560) range [2.03, 50.00]
[r31_stage3]   ok 0022_skate-jump: rho (15, 1560) range [2.02, 14.81]
[r31_stage3]   ok 0023_kayak-race: rho (15, 1560) range [2.07, 28.49]
[r31_stage3]   ok 0024_hockey: rho (18, 1560) range [2.01, 13.93]
[r31_stage3]   ok 0025_baseball: rho (21, 1560) range [2.03, 11.16]
[r31_stage3]   ok 0026_table-tennis: rho (18, 1560) range [2.02, 14.91]
[r31_stage3]   ok 0027_dance-jump: rho (15, 1560) range [2.04, 29.72]
[r31_stage3]   ok 0028_kite-walk: rho (18, 1560) range [2.04, 12.67]
[r31_stage3]   ok 0029_horsejump-stick: rho (15, 1560) range [2.04, 50.00]
[r31_stage3]   ok 0030_rallye: rho (12, 1560) range [2.04, 50.00]
[r31_stage3]   ok 0031_soccerball: rho (12, 1560) range [2.01, 13.54]
[r31_stage3]   ok 0032_mermaid: rho (18, 1560) range [2.12, 25.30]
[r31_stage3]   ok 0033_horsejump-low: rho (15, 1560) range [2.02, 50.00]
[r31_stage3]   ok 0034_cows: rho (24, 1560) range [2.03, 50.00]
[r31_stage3]   ok 0035_helicopter: rho (12, 1560) range [2.02, 16.20]
[r31_stage3]   ok 0036_camel: rho (21, 1560) range [2.09, 32.42]
[r31_stage3]   ok 0037_snowboard-sand: rho (12, 1560) range [2.11, 13.53]
[r31_stage3]   ok 0038_motorbike: rho (9, 1560) range [2.02, 17.46]
[r31_stage3]   ok 0039_chamaleon: rho (21, 1560) range [2.05, 34.19]
[r31_stage3]   ok 0040_tennis: rho (18, 1560) range [2.02, 17.20]
[r31_stage3]   ok 0041_longboard: rho (12, 1560) range [2.06, 50.00]
[r31_stage3]   ok 0042_gym-ball: rho (18, 1560) range [2.04, 19.93]
[r31_stage3]   ok 0043_parkour: rho (24, 1560) range [2.03, 42.82]
[r31_stage3]   ok 0044_snowboard: rho (15, 1560) range [2.04, 10.61]
[r31_stage3]   ok 0045_butterfly: rho (18, 1560) range [2.06, 50.00]
[r31_stage3]   ok 0046_blackswan: rho (12, 1560) range [2.05, 16.24]
[r31_stage3]   ok 0047_judo: rho (9, 1560) range [2.05, 12.41]
[r31_stage3]   ok 0048_hike: rho (18, 1560) range [2.06, 21.03]
[r31_stage3]   ok 0049_speed-skating: rho (21, 1560) range [2.03, 12.01]
[r31_stage3]   ok 0050_slackline: rho (15, 1560) range [2.05, 17.32]
[r31_stage3]   ok 0051_dogs-jump: rho (15, 1560) range [2.06, 50.00]
[r31_stage3]   ok 0052_mallard-fly: rho (18, 1560) range [2.03, 50.00]
[r31_stage3]   ok 0053_swing: rho (15, 1560) range [2.04, 30.79]
[r31_stage3]   ok 0054_train: rho (18, 1560) range [2.04, 13.40]
[r31_stage3]   ok 0055_pigs: rho (18, 1560) range [2.06, 38.26]
[r31_stage3]   ok 0056_kart-turn: rho (21, 1560) range [2.02, 15.97]
[r31_stage3]   ok 0057_dog: rho (15, 1560) range [2.11, 50.00]
[r31_stage3]   ok 0058_boat: rho (18, 1560) range [2.02, 14.50]
[r31_stage3]   ok 0059_drift-straight: rho (12, 1560) range [2.15, 50.00]
[r31_stage3]   ok 0060_motocross-bumps: rho (15, 1560) range [2.07, 17.08]
[r31_stage3]   ok 0061_mbike-santa: rho (15, 1560) range [2.20, 50.00]
[r31_stage3]   ok 0062_elephant: rho (18, 1560) range [2.16, 50.00]
[r31_stage3]   ok 0063_drift-turn: rho (15, 1560) range [2.07, 50.00]
[r31_stage3]   ok 0064_rollerblade: rho (9, 1560) range [2.03, 20.51]
[r31_stage3]   ok 0065_twist-dance: rho (21, 1560) range [2.02, 16.83]
[r31_stage3]   ok 0066_deer: rho (18, 1560) range [2.09, 50.00]
[r31_stage3]   ok 0067_mbike-trick: rho (18, 1560) range [2.02, 22.50]
[r31_stage3]   ok 0068_planes-water: rho (9, 1560) range [2.04, 4.80]
[r31_stage3]   ok 0069_car-turn: rho (18, 1560) range [2.02, 14.58]
[r31_stage3]   ok 0070_dance-twirl: rho (21, 1560) range [2.03, 50.00]
[r31_stage3]   ok 0071_mallard-water: rho (18, 1560) range [2.06, 19.90]
[r31_stage3]   ok 0072_dog-agility: rho (6, 1560) range [2.02, 15.34]
[r31_stage3]   ok 0073_bmx-rider: rho (21, 1560) range [2.03, 14.48]
[r31_stage3]   ok 0074_rhino: rho (21, 1560) range [2.04, 10.92]
[r31_stage3]   ok 0075_A_bicycle: rho (21, 1560) range [2.01, 14.66]
[r31_stage3]   ok 0076_A_rabbit: rho (21, 1560) range [2.07, 50.00]
[r31_stage3]   ok 0077_A_hawk: rho (21, 1560) range [2.10, 50.00]
[r31_stage3]   ok 0078_A_cat: rho (21, 1560) range [2.01, 22.57]
[r31_stage3]   ok 0079_A_bus: rho (21, 1560) range [2.04, 13.68]
[r31_stage3]   ok 0080_A_motorcycle: rho (21, 1560) range [2.06, 15.45]
[r31_stage3]   ok 0081_A_horse: rho (21, 1560) range [2.03, 50.00]
[r31_stage3]   ok 0082_A_tram: rho (21, 1560) range [2.01, 14.43]
[r31_stage3]   ok 0083_A_boat: rho (21, 1560) range [2.03, 9.98]
[r31_stage3]   ok 0084_A_squirrel: rho (21, 1560) range [2.04, 50.00]
[r31_stage3]   ok 0085_A_tram: rho (21, 1560) range [2.01, 23.85]
[r31_stage3]   ok 0086_A_red_sports_car: rho (21, 1560) range [2.01, 8.42]
[r31_stage3]   ok 0087_A_seagull: rho (21, 1560) range [2.02, 12.24]
[r31_stage3]   ok 0088_A_cyclist: rho (21, 1560) range [2.06, 12.43]
[r31_stage3]   ok 0089_A_dog: rho (21, 1560) range [2.05, 50.00]
[r31_stage3]   ok 0090_A_deer: rho (21, 1560) range [2.04, 12.83]
[r31_stage3]   ok 0091_A_hawk: rho (21, 1560) range [2.04, 50.00]
[r31_stage3]   ok 0092_A_fox: rho (21, 1560) range [2.02, 23.22]
[r31_stage3]   ok 0093_A_helicopter: rho (21, 1560) range [2.02, 14.98]
[r31_stage3]   ok 0094_A_swan: rho (21, 1560) range [2.01, 17.07]
[r31_stage3]   ok 0095_A_crow: rho (21, 1560) range [2.05, 50.00]
[r31_stage3]   ok 0096_A_car: rho (21, 1560) range [2.02, 34.91]
[r31_stage3]   ok 0097_A_bird: rho (21, 1560) range [2.01, 7.87]
[r31_stage3]   ok 0098_A_squirrel: rho (21, 1560) range [2.02, 14.56]
[r31_stage3]   ok 0099_A_jogger: rho (21, 1560) range [2.08, 50.00]
[r31_stage3]   ok 0100_A_deer: rho (21, 1560) range [2.03, 22.54]
[r31_stage3] preflight PASS for all 100 clips
Free VRAM 43.969970703125 GB
KV inference with 3 frames per block
[r31_stage3] edit_type=4 method=r35_dino_first2 pairs=100 vp_mode=vp steps=15 dump_steps=1 indices rho_dir=/home/ids/skhairi/Data/dataggen/outputs/five_bench/r35_rho/dino_first2
Moving DynamicSwap_WanTextEncoder to cuda:0 with preserved memory: 35.39565706253052 GB
[[0, 1, 2]] [[0, 1, 2, 3]]
[r31_stage3] GATE1 PASS 0001_bus: step[14] == final latent (shape (15, 1, 18, 16, 60, 104))
[ok] 0001_bus: 1 steps x 69 frames
Moving DynamicSwap_WanTextEncoder to cuda:0 with preserved memory: 35.38042879104614 GB
[[4, 5, 6]] [[4, 5, 6, 7]]
Moving DynamicSwap_WanTextEncoder to cuda:0 with preserved memory: 35.32389497756958 GB
[[4, 5, 6]] [[4, 5, 6, 7]]
[r31_stage3] GATE1 PASS 0002_girl-dog: step[14] == final latent (shape (15, 1, 21, 16, 60, 104))
[ok] 0002_girl-dog: 1 steps x 81 frames
Moving DynamicSwap_WanTextEncoder to cuda:0 with preserved memory: 35.38217210769653 GB
[[0, 1, 2, 3, 4]] [[0, 1, 2]]
[r31_stage3] GATE1 PASS 0003_ocean-birds: step[14] == final latent (shape (15, 1, 9, 16, 60, 104))
[ok] 0003_ocean-birds: 1 steps x 33 frames
Moving DynamicSwap_WanTextEncoder to cuda:0 with preserved memory: 35.38267755508423 GB
[[0, 1, 2, 3]] [[1]]
[r31_stage3] GATE1 PASS 0004_car-roundabout: step[14] == final latent (shape (15, 1, 18, 16, 60, 104))
[ok] 0004_car-roundabout: 1 steps x 69 frames
Moving DynamicSwap_WanTextEncoder to cuda:0 with preserved memory: 35.38042879104614 GB
[[1, 2, 3]] [[1, 2]]
Moving DynamicSwap_WanTextEncoder to cuda:0 with preserved memory: 35.32389497756958 GB
[[1, 2, 3]] [[1, 2]]
[r31_stage3] GATE1 PASS 0005_breakdance: step[14] == final latent (shape (15, 1, 21, 16, 60, 104))
[ok] 0005_breakdance: 1 steps x 81 frames
Moving DynamicSwap_WanTextEncoder to cuda:0 with preserved memory: 35.38044595718384 GB
[[0, 1, 2, 3]] [[1]]
[r31_stage3] GATE1 PASS 0006_paragliding: step[14] == final latent (shape (15, 1, 18, 16, 60, 104))
[ok] 0006_paragliding: 1 steps x 69 frames
Moving DynamicSwap_WanTextEncoder to cuda:0 with preserved memory: 35.38215446472168 GB
[[0, 1]] [[0, 1, 2]]
[r31_stage3] GATE1 PASS 0007_guitar-violin: step[14] == final latent (shape (15, 1, 12, 16, 60, 104))
[ok] 0007_guitar-violin: 1 steps x 45 frames
Moving DynamicSwap_WanTextEncoder to cuda:0 with preserved memory: 35.38211965560913 GB
[[0, 1, 2]] [[0, 1, 2, 3]]
[r31_stage3] GATE1 PASS 0008_snowboard-race: step[14] == final latent (shape (15, 1, 18, 16, 60, 104))
[ok] 0008_snowboard-race: 1 steps x 69 frames
Moving DynamicSwap_WanTextEncoder to cuda:0 with preserved memory: 35.38042879104614 GB
[[0, 1, 2, 3]] [[2]]
Moving DynamicSwap_WanTextEncoder to cuda:0 with preserved memory: 35.32389497756958 GB
[[0, 1, 2, 3]] [[2]]
[r31_stage3] GATE1 PASS 0009_bear: step[14] == final latent (shape (15, 1, 21, 16, 60, 104))
[ok] 0009_bear: 1 steps x 81 frames
Moving DynamicSwap_WanTextEncoder to cuda:0 with preserved memory: 35.37814474105835 GB
[[0, 1, 2]] [[1]]
Moving DynamicSwap_WanTextEncoder to cuda:0 with preserved memory: 35.32161092758179 GB
[[0, 1, 2]] [[1]]
[r31_stage3] GATE1 PASS 0010_giant-slalom: step[14] == final latent (shape (15, 1, 30, 16, 60, 104))
[ok] 0010_giant-slalom: 1 steps x 117 frames
Moving DynamicSwap_WanTextEncoder to cuda:0 with preserved memory: 35.378772258758545 GB
[[0, 1, 2, 3, 4, 5]] [[0, 1, 2]]
[r31_stage3] GATE1 PASS 0011_lucia: step[14] == final latent (shape (15, 1, 18, 16, 60, 104))
[ok] 0011_lucia: 1 steps x 69 frames
Moving DynamicSwap_WanTextEncoder to cuda:0 with preserved memory: 35.38042879104614 GB
[[0, 1, 2, 3]] [[1]]
Moving DynamicSwap_WanTextEncoder to cuda:0 with preserved memory: 35.32389497756958 GB
[[0, 1, 2, 3]] [[1]]
[r31_stage3] GATE1 PASS 0012_goat: step[14] == final latent (shape (15, 1, 21, 16, 60, 104))
[ok] 0012_goat: 1 steps x 81 frames
Moving DynamicSwap_WanTextEncoder to cuda:0 with preserved memory: 35.38044595718384 GB
[[0, 1]] [[0, 1, 2]]
[r31_stage3] GATE1 PASS 0013_golf: step[14] == final latent (shape (15, 1, 18, 16, 60, 104))
[ok] 0013_golf: 1 steps x 69 frames
Moving DynamicSwap_WanTextEncoder to cuda:0 with preserved memory: 35.381003856658936 GB
[[0, 1, 2]] [[1, 2, 3]]
[r31_stage3] GATE1 PASS 0014_burnout: step[14] == final latent (shape (15, 1, 18, 16, 60, 104))
[ok] 0014_burnout: 1 steps x 69 frames
Moving DynamicSwap_WanTextEncoder to cuda:0 with preserved memory: 35.38273000717163 GB
[[0, 1, 2]] [[2, 3]]
[r31_stage3] GATE1 PASS 0015_car-shadow: step[14] == final latent (shape (15, 1, 9, 16, 60, 104))
[ok] 0015_car-shadow: 1 steps x 33 frames
Moving DynamicSwap_WanTextEncoder to cuda:0 with preserved memory: 35.38382816314697 GB
[[0, 1, 2, 3, 4]] [[0, 1, 2]]
[r31_stage3] GATE1 PASS 0016_horsejump-high: step[14] == final latent (shape (15, 1, 12, 16, 60, 104))
[ok] 0016_horsejump-high: 1 steps x 45 frames
Moving DynamicSwap_WanTextEncoder to cuda:0 with preserved memory: 35.38269519805908 GB
[[0, 1, 2]] [[1]]
[r31_stage3] GATE1 PASS 0017_kid-football: step[14] == final latent (shape (15, 1, 15, 16, 60, 104))
[ok] 0017_kid-football: 1 steps x 57 frames
Moving DynamicSwap_WanTextEncoder to cuda:0 with preserved memory: 35.38156175613403 GB
[[0, 1, 2, 3]] [[0, 1]]
[r31_stage3] GATE1 PASS 0018_breakdance-flare: step[14] == final latent (shape (15, 1, 18, 16, 60, 104))
[ok] 0018_breakdance-flare: 1 steps x 69 frames
Moving DynamicSwap_WanTextEncoder to cuda:0 with preserved memory: 35.381003856658936 GB
[[0, 1, 2]] [[1, 2]]
[r31_stage3] GATE1 PASS 0019_tennis-vest: step[14] == final latent (shape (15, 1, 18, 16, 60, 104))
[ok] 0019_tennis-vest: 1 steps x 69 frames
Moving DynamicSwap_WanTextEncoder to cuda:0 with preserved memory: 35.38042879104614 GB
[[0, 1, 2, 3]] [[2, 3, 4, 5]]
Moving DynamicSwap_WanTextEncoder to cuda:0 with preserved memory: 35.32389497756958 GB
[[0, 1, 2, 3]] [[2, 3, 4, 5]]
[r31_stage3] GATE1 PASS 0020_monkeys: step[14] == final latent (shape (15, 1, 21, 16, 60, 104))
[ok] 0020_monkeys: 1 steps x 81 frames
Moving DynamicSwap_WanTextEncoder to cuda:0 with preserved memory: 35.38217210769653 GB
[[1, 2]] [[0, 1, 2, 3]]
[r31_stage3] GATE1 PASS 0021_landing: step[14] == final latent (shape (15, 1, 9, 16, 60, 104))
[ok] 0021_landing: 1 steps x 33 frames
Moving DynamicSwap_WanTextEncoder to cuda:0 with preserved memory: 35.38325309753418 GB
[[0, 1, 2]] [[1, 2]]
[r31_stage3] GATE1 PASS 0022_skate-jump: step[14] == final latent (shape (15, 1, 15, 16, 60, 104))
[ok] 0022_skate-jump: 1 steps x 57 frames
Moving DynamicSwap_WanTextEncoder to cuda:0 with preserved memory: 35.382137298583984 GB
[[0, 1, 2]] [[1]]
[r31_stage3] GATE1 PASS 0023_kayak-race: step[14] == final latent (shape (15, 1, 15, 16, 60, 104))
[ok] 0023_kayak-race: 1 steps x 57 frames
Moving DynamicSwap_WanTextEncoder to cuda:0 with preserved memory: 35.38156175613403 GB
[[0, 1, 2, 3, 4, 5]] [[4, 5, 6]]
[r31_stage3] GATE1 PASS 0024_hockey: step[14] == final latent (shape (15, 1, 18, 16, 60, 104))
[ok] 0024_hockey: 1 steps x 69 frames
Moving DynamicSwap_WanTextEncoder to cuda:0 with preserved memory: 35.38042879104614 GB
[[1, 2]] [[1, 2]]
Moving DynamicSwap_WanTextEncoder to cuda:0 with preserved memory: 35.32389497756958 GB
[[1, 2]] [[1, 2]]
[r31_stage3] GATE1 PASS 0025_baseball: step[14] == final latent (shape (15, 1, 21, 16, 60, 104))
[ok] 0025_baseball: 1 steps x 81 frames
Moving DynamicSwap_WanTextEncoder to cuda:0 with preserved memory: 35.38044595718384 GB
[[0, 1, 2, 3]] [[1]]
[r31_stage3] GATE1 PASS 0026_table-tennis: step[14] == final latent (shape (15, 1, 18, 16, 60, 104))
[ok] 0026_table-tennis: 1 steps x 69 frames
Moving DynamicSwap_WanTextEncoder to cuda:0 with preserved memory: 35.38157939910889 GB
[[0, 1, 2]] [[2]]
[r31_stage3] GATE1 PASS 0027_dance-jump: step[14] == final latent (shape (15, 1, 15, 16, 60, 104))
[ok] 0027_dance-jump: 1 steps x 57 frames
Moving DynamicSwap_WanTextEncoder to cuda:0 with preserved memory: 35.38156175613403 GB
[[0, 1]] [[0, 1, 2]]
[r31_stage3] GATE1 PASS 0028_kite-walk: step[14] == final latent (shape (15, 1, 18, 16, 60, 104))
[ok] 0028_kite-walk: 1 steps x 69 frames
Moving DynamicSwap_WanTextEncoder to cuda:0 with preserved memory: 35.38157939910889 GB
[[0, 1, 2, 3, 4]] [[0, 1, 2]]
[r31_stage3] GATE1 PASS 0029_horsejump-stick: step[14] == final latent (shape (15, 1, 15, 16, 60, 104))
[ok] 0029_horsejump-stick: 1 steps x 57 frames
Moving DynamicSwap_WanTextEncoder to cuda:0 with preserved memory: 35.38271236419678 GB
[[0, 1, 2]] [[0, 1, 2]]
[r31_stage3] GATE1 PASS 0030_rallye: step[14] == final latent (shape (15, 1, 12, 16, 60, 104))
[ok] 0030_rallye: 1 steps x 45 frames
Moving DynamicSwap_WanTextEncoder to cuda:0 with preserved memory: 35.383270263671875 GB
[[0, 1, 2]] [[0, 1]]
[r31_stage3] GATE1 PASS 0031_soccerball: step[14] == final latent (shape (15, 1, 12, 16, 60, 104))
[ok] 0031_soccerball: 1 steps x 45 frames
Moving DynamicSwap_WanTextEncoder to cuda:0 with preserved memory: 35.38211965560913 GB
[[0, 1, 2, 3, 4, 5, 6, 7]] [[6]]
[r31_stage3] GATE1 PASS 0032_mermaid: step[14] == final latent (shape (15, 1, 18, 16, 60, 104))
[ok] 0032_mermaid: 1 steps x 69 frames
Moving DynamicSwap_WanTextEncoder to cuda:0 with preserved memory: 35.38157939910889 GB
[[0, 1, 2, 3, 4, 5]] [[3, 4, 5, 6]]
[r31_stage3] GATE1 PASS 0033_horsejump-low: step[14] == final latent (shape (15, 1, 15, 16, 60, 104))
[ok] 0033_horsejump-low: 1 steps x 57 frames
Moving DynamicSwap_WanTextEncoder to cuda:0 with preserved memory: 35.38041114807129 GB
[[0, 1, 2, 3, 4]] [[1, 2]]
Moving DynamicSwap_WanTextEncoder to cuda:0 with preserved memory: 35.32387733459473 GB
[[0, 1, 2, 3, 4]] [[1, 2]]
[r31_stage3] GATE1 PASS 0034_cows: step[14] == final latent (shape (15, 1, 24, 16, 60, 104))
[ok] 0034_cows: 1 steps x 93 frames
Moving DynamicSwap_WanTextEncoder to cuda:0 with preserved memory: 35.381038665771484 GB
[[0, 1, 2]] [[0, 1, 2, 3]]
[r31_stage3] GATE1 PASS 0035_helicopter: step[14] == final latent (shape (15, 1, 12, 16, 60, 104))
[ok] 0035_helicopter: 1 steps x 45 frames
Moving DynamicSwap_WanTextEncoder to cuda:0 with preserved memory: 35.38154458999634 GB
[[0, 1, 2]] [[0, 1, 2, 3]]
Moving DynamicSwap_WanTextEncoder to cuda:0 with preserved memory: 35.325010776519775 GB
[[0, 1, 2]] [[0, 1, 2, 3]]
[r31_stage3] GATE1 PASS 0036_camel: step[14] == final latent (shape (15, 1, 21, 16, 60, 104))
[ok] 0036_camel: 1 steps x 81 frames
Moving DynamicSwap_WanTextEncoder to cuda:0 with preserved memory: 35.38159656524658 GB
[[0, 1]] [[0, 1, 2, 3]]
[r31_stage3] GATE1 PASS 0037_snowboard-sand: step[14] == final latent (shape (15, 1, 12, 16, 60, 104))
[ok] 0037_snowboard-sand: 1 steps x 45 frames
Moving DynamicSwap_WanTextEncoder to cuda:0 with preserved memory: 35.383845806121826 GB
[[0, 1, 2, 3, 4, 5, 6]] [[0, 1, 2, 3]]
[r31_stage3] GATE1 PASS 0038_motorbike: step[14] == final latent (shape (15, 1, 9, 16, 60, 104))
[ok] 0038_motorbike: 1 steps x 33 frames
Moving DynamicSwap_WanTextEncoder to cuda:0 with preserved memory: 35.382102489471436 GB
[[0, 1, 2, 3, 4]] [[1]]
Moving DynamicSwap_WanTextEncoder to cuda:0 with preserved memory: 35.32556867599487 GB
[[0, 1, 2, 3, 4]] [[1]]
[r31_stage3] GATE1 PASS 0039_chamaleon: step[14] == final latent (shape (15, 1, 21, 16, 60, 104))
[ok] 0039_chamaleon: 1 steps x 81 frames
Moving DynamicSwap_WanTextEncoder to cuda:0 with preserved memory: 35.38044595718384 GB
[[0, 1, 2]] [[1, 2]]
[r31_stage3] GATE1 PASS 0040_tennis: step[14] == final latent (shape (15, 1, 18, 16, 60, 104))
[ok] 0040_tennis: 1 steps x 69 frames
Moving DynamicSwap_WanTextEncoder to cuda:0 with preserved memory: 35.38215446472168 GB
[[0, 1]] [[0, 1, 2]]
[r31_stage3] GATE1 PASS 0041_longboard: step[14] == final latent (shape (15, 1, 12, 16, 60, 104))
[ok] 0041_longboard: 1 steps x 45 frames
Moving DynamicSwap_WanTextEncoder to cuda:0 with preserved memory: 35.38211965560913 GB
[[0, 1]] [[0, 1, 2]]
[r31_stage3] GATE1 PASS 0042_gym-ball: step[14] == final latent (shape (15, 1, 18, 16, 60, 104))
[ok] 0042_gym-ball: 1 steps x 69 frames
Moving DynamicSwap_WanTextEncoder to cuda:0 with preserved memory: 35.37985324859619 GB
[[0, 1]] [[1, 2]]
Moving DynamicSwap_WanTextEncoder to cuda:0 with preserved memory: 35.32331943511963 GB
[[0, 1]] [[1, 2]]
[r31_stage3] GATE1 PASS 0043_parkour: step[14] == final latent (shape (15, 1, 24, 16, 60, 104))
[ok] 0043_parkour: 1 steps x 93 frames
Moving DynamicSwap_WanTextEncoder to cuda:0 with preserved memory: 35.38046360015869 GB
[[0, 1, 2]] [[0, 1]]
[r31_stage3] GATE1 PASS 0044_snowboard: step[14] == final latent (shape (15, 1, 15, 16, 60, 104))
[ok] 0044_snowboard: 1 steps x 57 frames
Moving DynamicSwap_WanTextEncoder to cuda:0 with preserved memory: 35.38156175613403 GB
[[0, 1, 2, 3, 4]] [[2]]
[r31_stage3] GATE1 PASS 0045_butterfly: step[14] == final latent (shape (15, 1, 18, 16, 60, 104))
[ok] 0045_butterfly: 1 steps x 69 frames
Moving DynamicSwap_WanTextEncoder to cuda:0 with preserved memory: 35.38215446472168 GB
[[0, 1, 2, 3]] [[1, 2]]
[r31_stage3] GATE1 PASS 0046_blackswan: step[14] == final latent (shape (15, 1, 12, 16, 60, 104))
[ok] 0046_blackswan: 1 steps x 45 frames
Moving DynamicSwap_WanTextEncoder to cuda:0 with preserved memory: 35.383845806121826 GB
[[1, 2, 3, 4]] [[1]]
[r31_stage3] GATE1 PASS 0047_judo: step[14] == final latent (shape (15, 1, 9, 16, 60, 104))
[ok] 0047_judo: 1 steps x 33 frames
Moving DynamicSwap_WanTextEncoder to cuda:0 with preserved memory: 35.38267755508423 GB
[[0, 1, 2, 3, 4]] [[0, 1, 2]]
[r31_stage3] GATE1 PASS 0048_hike: step[14] == final latent (shape (15, 1, 18, 16, 60, 104))
[ok] 0048_hike: 1 steps x 69 frames
Moving DynamicSwap_WanTextEncoder to cuda:0 with preserved memory: 35.38042879104614 GB
[[0, 1, 2, 3]] [[1]]
Moving DynamicSwap_WanTextEncoder to cuda:0 with preserved memory: 35.32389497756958 GB
[[0, 1, 2, 3]] [[1]]
[r31_stage3] GATE1 PASS 0049_speed-skating: step[14] == final latent (shape (15, 1, 21, 16, 60, 104))
[ok] 0049_speed-skating: 1 steps x 81 frames
Moving DynamicSwap_WanTextEncoder to cuda:0 with preserved memory: 35.38102149963379 GB
[[0, 1]] [[0, 1, 2]]
[r31_stage3] GATE1 PASS 0050_slackline: step[14] == final latent (shape (15, 1, 15, 16, 60, 104))
[ok] 0050_slackline: 1 steps x 57 frames
Moving DynamicSwap_WanTextEncoder to cuda:0 with preserved memory: 35.382137298583984 GB
[[8, 9]] [[9, 10]]
[r31_stage3] GATE1 PASS 0051_dogs-jump: step[14] == final latent (shape (15, 1, 15, 16, 60, 104))
[ok] 0051_dogs-jump: 1 steps x 57 frames
Moving DynamicSwap_WanTextEncoder to cuda:0 with preserved memory: 35.38156175613403 GB
[[0, 1, 2, 3, 4]] [[1]]
[r31_stage3] GATE1 PASS 0052_mallard-fly: step[14] == final latent (shape (15, 1, 18, 16, 60, 104))
[ok] 0052_mallard-fly: 1 steps x 69 frames
Moving DynamicSwap_WanTextEncoder to cuda:0 with preserved memory: 35.38157939910889 GB
[[0, 1]] [[0, 1, 2]]
[r31_stage3] GATE1 PASS 0053_swing: step[14] == final latent (shape (15, 1, 15, 16, 60, 104))
[ok] 0053_swing: 1 steps x 57 frames
Moving DynamicSwap_WanTextEncoder to cuda:0 with preserved memory: 35.38156175613403 GB
[[1, 2]] [[1]]
[r31_stage3] GATE1 PASS 0054_train: step[14] == final latent (shape (15, 1, 18, 16, 60, 104))
[ok] 0054_train: 1 steps x 69 frames
Moving DynamicSwap_WanTextEncoder to cuda:0 with preserved memory: 35.381003856658936 GB
[[0, 1, 2, 3, 4]] [[3, 4]]
[r31_stage3] GATE1 PASS 0055_pigs: step[14] == final latent (shape (15, 1, 18, 16, 60, 104))
[ok] 0055_pigs: 1 steps x 69 frames
Moving DynamicSwap_WanTextEncoder to cuda:0 with preserved memory: 35.38042879104614 GB
[[0, 1, 2, 3, 4]] [[0, 1, 2, 3, 4, 5]]
Moving DynamicSwap_WanTextEncoder to cuda:0 with preserved memory: 35.32389497756958 GB
[[0, 1, 2, 3, 4]] [[0, 1, 2, 3, 4, 5]]
[r31_stage3] GATE1 PASS 0056_kart-turn: step[14] == final latent (shape (15, 1, 21, 16, 60, 104))
[ok] 0056_kart-turn: 1 steps x 81 frames
Moving DynamicSwap_WanTextEncoder to cuda:0 with preserved memory: 35.38102149963379 GB
[[0, 1, 2, 3]] [[1, 2]]
[r31_stage3] GATE1 PASS 0057_dog: step[14] == final latent (shape (15, 1, 15, 16, 60, 104))
[ok] 0057_dog: 1 steps x 57 frames
Moving DynamicSwap_WanTextEncoder to cuda:0 with preserved memory: 35.38156175613403 GB
[[0, 1, 2, 3]] [[0, 1, 2]]
[r31_stage3] GATE1 PASS 0058_boat: step[14] == final latent (shape (15, 1, 18, 16, 60, 104))
[ok] 0058_boat: 1 steps x 69 frames
Moving DynamicSwap_WanTextEncoder to cuda:0 with preserved memory: 35.38215446472168 GB
[[0, 1, 2, 3]] [[1, 2]]
[r31_stage3] GATE1 PASS 0059_drift-straight: step[14] == final latent (shape (15, 1, 12, 16, 60, 104))
[ok] 0059_drift-straight: 1 steps x 45 frames
Moving DynamicSwap_WanTextEncoder to cuda:0 with preserved memory: 35.38269519805908 GB
[[1, 2, 3]] [[1, 2]]
[r31_stage3] GATE1 PASS 0060_motocross-bumps: step[14] == final latent (shape (15, 1, 15, 16, 60, 104))
[ok] 0060_motocross-bumps: 1 steps x 57 frames
Moving DynamicSwap_WanTextEncoder to cuda:0 with preserved memory: 35.382137298583984 GB
[[0, 1, 2, 3, 4, 5, 6, 7, 8]] [[0, 1, 2]]
[r31_stage3] GATE1 PASS 0061_mbike-santa: step[14] == final latent (shape (15, 1, 15, 16, 60, 104))
[ok] 0061_mbike-santa: 1 steps x 57 frames
Moving DynamicSwap_WanTextEncoder to cuda:0 with preserved memory: 35.38156175613403 GB
[[0, 1, 2]] [[0, 1, 2, 3]]
[r31_stage3] GATE1 PASS 0062_elephant: step[14] == final latent (shape (15, 1, 18, 16, 60, 104))
[ok] 0062_elephant: 1 steps x 69 frames
Moving DynamicSwap_WanTextEncoder to cuda:0 with preserved memory: 35.38157939910889 GB
[[0, 1, 2]] [[1, 2, 3, 4]]
[r31_stage3] GATE1 PASS 0063_drift-turn: step[14] == final latent (shape (15, 1, 15, 16, 60, 104))
[ok] 0063_drift-turn: 1 steps x 57 frames
Moving DynamicSwap_WanTextEncoder to cuda:0 with preserved memory: 35.38328790664673 GB
[[0, 1]] [[1, 2]]
[r31_stage3] GATE1 PASS 0064_rollerblade: step[14] == final latent (shape (15, 1, 9, 16, 60, 104))
[ok] 0064_rollerblade: 1 steps x 33 frames
Moving DynamicSwap_WanTextEncoder to cuda:0 with preserved memory: 35.382102489471436 GB
[[0, 1, 2]] [[1, 2, 3, 4]]
Moving DynamicSwap_WanTextEncoder to cuda:0 with preserved memory: 35.32556867599487 GB
[[0, 1, 2]] [[1, 2, 3, 4]]
[r31_stage3] GATE1 PASS 0065_twist-dance: step[14] == final latent (shape (15, 1, 21, 16, 60, 104))
[ok] 0065_twist-dance: 1 steps x 81 frames
Moving DynamicSwap_WanTextEncoder to cuda:0 with preserved memory: 35.38044595718384 GB
[[0, 1, 2]] [[1]]
[r31_stage3] GATE1 PASS 0066_deer: step[14] == final latent (shape (15, 1, 18, 16, 60, 104))
[ok] 0066_deer: 1 steps x 69 frames
Moving DynamicSwap_WanTextEncoder to cuda:0 with preserved memory: 35.381003856658936 GB
[[1, 2, 3]] [[1, 2, 3, 4, 5]]
[r31_stage3] GATE1 PASS 0067_mbike-trick: step[14] == final latent (shape (15, 1, 18, 16, 60, 104))
[ok] 0067_mbike-trick: 1 steps x 69 frames
Moving DynamicSwap_WanTextEncoder to cuda:0 with preserved memory: 35.38273000717163 GB
[[0, 1, 2, 3, 4]] [[1]]
[r31_stage3] GATE1 PASS 0068_planes-water: step[14] == final latent (shape (15, 1, 9, 16, 60, 104))
[ok] 0068_planes-water: 1 steps x 33 frames
Moving DynamicSwap_WanTextEncoder to cuda:0 with preserved memory: 35.38267755508423 GB
[[0, 1, 2]] [[2, 3]]
[r31_stage3] GATE1 PASS 0069_car-turn: step[14] == final latent (shape (15, 1, 18, 16, 60, 104))
[ok] 0069_car-turn: 1 steps x 69 frames
Moving DynamicSwap_WanTextEncoder to cuda:0 with preserved memory: 35.38042879104614 GB
[[0, 1, 2]] [[0, 1, 2, 3, 4]]
Moving DynamicSwap_WanTextEncoder to cuda:0 with preserved memory: 35.32389497756958 GB
[[0, 1, 2]] [[0, 1, 2, 3, 4]]
[r31_stage3] GATE1 PASS 0070_dance-twirl: step[14] == final latent (shape (15, 1, 21, 16, 60, 104))
[ok] 0070_dance-twirl: 1 steps x 81 frames
Moving DynamicSwap_WanTextEncoder to cuda:0 with preserved memory: 35.38044595718384 GB
[[0, 1, 2, 3, 4]] [[1]]
[r31_stage3] GATE1 PASS 0071_mallard-water: step[14] == final latent (shape (15, 1, 18, 16, 60, 104))
[ok] 0071_mallard-water: 1 steps x 69 frames
Moving DynamicSwap_WanTextEncoder to cuda:0 with preserved memory: 35.383305072784424 GB
[[0, 1, 2, 3]] [[1, 2]]
[r31_stage3] GATE1 PASS 0072_dog-agility: step[14] == final latent (shape (15, 1, 6, 16, 60, 104))
[ok] 0072_dog-agility: 1 steps x 21 frames
Moving DynamicSwap_WanTextEncoder to cuda:0 with preserved memory: 35.38266038894653 GB
[[1, 2, 3]] [[0, 1, 2]]
Moving DynamicSwap_WanTextEncoder to cuda:0 with preserved memory: 35.32612657546997 GB
[[1, 2, 3]] [[0, 1, 2]]
[r31_stage3] GATE1 PASS 0073_bmx-rider: step[14] == final latent (shape (15, 1, 21, 16, 60, 104))
[ok] 0073_bmx-rider: 1 steps x 81 frames
Moving DynamicSwap_WanTextEncoder to cuda:0 with preserved memory: 35.379870891571045 GB
[[0, 1, 2, 3, 4]] [[1]]
Moving DynamicSwap_WanTextEncoder to cuda:0 with preserved memory: 35.32333707809448 GB
[[0, 1, 2, 3, 4]] [[1]]
[r31_stage3] GATE1 PASS 0074_rhino: step[14] == final latent (shape (15, 1, 21, 16, 60, 104))
[ok] 0074_rhino: 1 steps x 81 frames
Moving DynamicSwap_WanTextEncoder to cuda:0 with preserved memory: 35.379870891571045 GB
[[0, 1]] [[0, 1]]
Moving DynamicSwap_WanTextEncoder to cuda:0 with preserved memory: 35.32333707809448 GB
[[0, 1]] [[0, 1]]
[r31_stage3] GATE1 PASS 0075_A_bicycle: step[14] == final latent (shape (15, 1, 21, 16, 60, 104))
[ok] 0075_A_bicycle: 1 steps x 81 frames
Moving DynamicSwap_WanTextEncoder to cuda:0 with preserved memory: 35.379870891571045 GB
[[0, 1, 2]] [[0, 1, 2, 3, 4]]
Moving DynamicSwap_WanTextEncoder to cuda:0 with preserved memory: 35.32333707809448 GB
[[0, 1, 2]] [[0, 1, 2, 3, 4]]
[r31_stage3] GATE1 PASS 0076_A_rabbit: step[14] == final latent (shape (15, 1, 21, 16, 60, 104))
[ok] 0076_A_rabbit: 1 steps x 81 frames
Moving DynamicSwap_WanTextEncoder to cuda:0 with preserved memory: 35.379870891571045 GB
[[0, 1, 2]] [[0, 1, 2, 3]]
Moving DynamicSwap_WanTextEncoder to cuda:0 with preserved memory: 35.32333707809448 GB
[[0, 1, 2]] [[0, 1, 2, 3]]
[r31_stage3] GATE1 PASS 0077_A_hawk: step[14] == final latent (shape (15, 1, 21, 16, 60, 104))
[ok] 0077_A_hawk: 1 steps x 81 frames
Moving DynamicSwap_WanTextEncoder to cuda:0 with preserved memory: 35.379870891571045 GB
[[0, 1]] [[0, 1, 2, 3, 4]]
Moving DynamicSwap_WanTextEncoder to cuda:0 with preserved memory: 35.32333707809448 GB
[[0, 1]] [[0, 1, 2, 3, 4]]
[r31_stage3] GATE1 PASS 0078_A_cat: step[14] == final latent (shape (15, 1, 21, 16, 60, 104))
[ok] 0078_A_cat: 1 steps x 81 frames
Moving DynamicSwap_WanTextEncoder to cuda:0 with preserved memory: 35.379870891571045 GB
[[0, 1]] [[0, 1, 2]]
Moving DynamicSwap_WanTextEncoder to cuda:0 with preserved memory: 35.32333707809448 GB
[[0, 1]] [[0, 1, 2]]
[r31_stage3] GATE1 PASS 0079_A_bus: step[14] == final latent (shape (15, 1, 21, 16, 60, 104))
[ok] 0079_A_bus: 1 steps x 81 frames
Moving DynamicSwap_WanTextEncoder to cuda:0 with preserved memory: 35.379870891571045 GB
[[0, 1]] [[1, 2]]
Moving DynamicSwap_WanTextEncoder to cuda:0 with preserved memory: 35.32333707809448 GB
[[0, 1]] [[1, 2]]
[r31_stage3] GATE1 PASS 0080_A_motorcycle: step[14] == final latent (shape (15, 1, 21, 16, 60, 104))
[ok] 0080_A_motorcycle: 1 steps x 81 frames
Moving DynamicSwap_WanTextEncoder to cuda:0 with preserved memory: 35.379870891571045 GB
[[0, 1]] [[0, 1, 2]]
Moving DynamicSwap_WanTextEncoder to cuda:0 with preserved memory: 35.32333707809448 GB
[[0, 1]] [[0, 1, 2]]
[r31_stage3] GATE1 PASS 0081_A_horse: step[14] == final latent (shape (15, 1, 21, 16, 60, 104))
[ok] 0081_A_horse: 1 steps x 81 frames
Moving DynamicSwap_WanTextEncoder to cuda:0 with preserved memory: 35.379870891571045 GB
[[0, 1]] [[0, 1]]
Moving DynamicSwap_WanTextEncoder to cuda:0 with preserved memory: 35.32333707809448 GB
[[0, 1]] [[0, 1]]
[r31_stage3] GATE1 PASS 0082_A_tram: step[14] == final latent (shape (15, 1, 21, 16, 60, 104))
[ok] 0082_A_tram: 1 steps x 81 frames
Moving DynamicSwap_WanTextEncoder to cuda:0 with preserved memory: 35.379870891571045 GB
[[0, 1]] [[0, 1, 2, 3]]
Moving DynamicSwap_WanTextEncoder to cuda:0 with preserved memory: 35.32333707809448 GB
[[0, 1]] [[0, 1, 2, 3]]
[r31_stage3] GATE1 PASS 0083_A_boat: step[14] == final latent (shape (15, 1, 21, 16, 60, 104))
[ok] 0083_A_boat: 1 steps x 81 frames
Moving DynamicSwap_WanTextEncoder to cuda:0 with preserved memory: 35.379870891571045 GB
[[0, 1, 2]] [[1, 2]]
Moving DynamicSwap_WanTextEncoder to cuda:0 with preserved memory: 35.32333707809448 GB
[[0, 1, 2]] [[1, 2]]
[r31_stage3] GATE1 PASS 0084_A_squirrel: step[14] == final latent (shape (15, 1, 21, 16, 60, 104))
[ok] 0084_A_squirrel: 1 steps x 81 frames
Moving DynamicSwap_WanTextEncoder to cuda:0 with preserved memory: 35.379870891571045 GB
[[0, 1]] [[1]]
Moving DynamicSwap_WanTextEncoder to cuda:0 with preserved memory: 35.32333707809448 GB
[[0, 1]] [[1]]
[r31_stage3] GATE1 PASS 0085_A_tram: step[14] == final latent (shape (15, 1, 21, 16, 60, 104))
[ok] 0085_A_tram: 1 steps x 81 frames
Moving DynamicSwap_WanTextEncoder to cuda:0 with preserved memory: 35.379870891571045 GB
[[0, 1, 2, 3]] [[0, 1, 2, 3, 4, 5]]
Moving DynamicSwap_WanTextEncoder to cuda:0 with preserved memory: 35.32333707809448 GB
[[0, 1, 2, 3]] [[0, 1, 2, 3, 4, 5]]
[r31_stage3] GATE1 PASS 0086_A_red_sports_car: step[14] == final latent (shape (15, 1, 21, 16, 60, 104))
[ok] 0086_A_red_sports_car: 1 steps x 81 frames
Moving DynamicSwap_WanTextEncoder to cuda:0 with preserved memory: 35.379870891571045 GB
[[0, 1, 2]] [[0, 1, 2, 3]]
Moving DynamicSwap_WanTextEncoder to cuda:0 with preserved memory: 35.32333707809448 GB
[[0, 1, 2]] [[0, 1, 2, 3]]
[r31_stage3] GATE1 PASS 0087_A_seagull: step[14] == final latent (shape (15, 1, 21, 16, 60, 104))
[ok] 0087_A_seagull: 1 steps x 81 frames
Moving DynamicSwap_WanTextEncoder to cuda:0 with preserved memory: 35.379870891571045 GB
[[0, 1, 2]] [[1, 2]]
Moving DynamicSwap_WanTextEncoder to cuda:0 with preserved memory: 35.32333707809448 GB
[[0, 1, 2]] [[1, 2]]
[r31_stage3] GATE1 PASS 0088_A_cyclist: step[14] == final latent (shape (15, 1, 21, 16, 60, 104))
[ok] 0088_A_cyclist: 1 steps x 81 frames
Moving DynamicSwap_WanTextEncoder to cuda:0 with preserved memory: 35.379870891571045 GB
[[0, 1]] [[1, 2]]
Moving DynamicSwap_WanTextEncoder to cuda:0 with preserved memory: 35.32333707809448 GB
[[0, 1]] [[1, 2]]
[r31_stage3] GATE1 PASS 0089_A_dog: step[14] == final latent (shape (15, 1, 21, 16, 60, 104))
[ok] 0089_A_dog: 1 steps x 81 frames
Moving DynamicSwap_WanTextEncoder to cuda:0 with preserved memory: 35.379870891571045 GB
[[0, 1, 2]] [[1]]
Moving DynamicSwap_WanTextEncoder to cuda:0 with preserved memory: 35.32333707809448 GB
[[0, 1, 2]] [[1]]
[r31_stage3] GATE1 PASS 0090_A_deer: step[14] == final latent (shape (15, 1, 21, 16, 60, 104))
[ok] 0090_A_deer: 1 steps x 81 frames
Moving DynamicSwap_WanTextEncoder to cuda:0 with preserved memory: 35.379870891571045 GB
[[0, 1, 2]] [[0, 1, 2, 3]]
Moving DynamicSwap_WanTextEncoder to cuda:0 with preserved memory: 35.32333707809448 GB
[[0, 1, 2]] [[0, 1, 2, 3]]
[r31_stage3] GATE1 PASS 0091_A_hawk: step[14] == final latent (shape (15, 1, 21, 16, 60, 104))
[ok] 0091_A_hawk: 1 steps x 81 frames
Moving DynamicSwap_WanTextEncoder to cuda:0 with preserved memory: 35.379870891571045 GB
[[0, 1, 2]] [[0, 1, 2, 3, 4]]
Moving DynamicSwap_WanTextEncoder to cuda:0 with preserved memory: 35.32333707809448 GB
[[0, 1, 2]] [[0, 1, 2, 3, 4]]
[r31_stage3] GATE1 PASS 0092_A_fox: step[14] == final latent (shape (15, 1, 21, 16, 60, 104))
[ok] 0092_A_fox: 1 steps x 81 frames
Moving DynamicSwap_WanTextEncoder to cuda:0 with preserved memory: 35.379870891571045 GB
[[0, 1, 2]] [[0, 1]]
Moving DynamicSwap_WanTextEncoder to cuda:0 with preserved memory: 35.32333707809448 GB
[[0, 1, 2]] [[0, 1]]
[r31_stage3] GATE1 PASS 0093_A_helicopter: step[14] == final latent (shape (15, 1, 21, 16, 60, 104))
[ok] 0093_A_helicopter: 1 steps x 81 frames
Moving DynamicSwap_WanTextEncoder to cuda:0 with preserved memory: 35.379870891571045 GB
[[0, 1, 2]] [[0, 1]]
Moving DynamicSwap_WanTextEncoder to cuda:0 with preserved memory: 35.32333707809448 GB
[[0, 1, 2]] [[0, 1]]
[r31_stage3] GATE1 PASS 0094_A_swan: step[14] == final latent (shape (15, 1, 21, 16, 60, 104))
[ok] 0094_A_swan: 1 steps x 81 frames
Moving DynamicSwap_WanTextEncoder to cuda:0 with preserved memory: 35.379870891571045 GB
[[0, 1]] [[0, 1, 2]]
Moving DynamicSwap_WanTextEncoder to cuda:0 with preserved memory: 35.32333707809448 GB
[[0, 1]] [[0, 1, 2]]
[r31_stage3] GATE1 PASS 0095_A_crow: step[14] == final latent (shape (15, 1, 21, 16, 60, 104))
[ok] 0095_A_crow: 1 steps x 81 frames
Moving DynamicSwap_WanTextEncoder to cuda:0 with preserved memory: 35.379870891571045 GB
[[0, 1]] [[1]]
Moving DynamicSwap_WanTextEncoder to cuda:0 with preserved memory: 35.32333707809448 GB
[[0, 1]] [[1]]
[r31_stage3] GATE1 PASS 0096_A_car: step[14] == final latent (shape (15, 1, 21, 16, 60, 104))
[ok] 0096_A_car: 1 steps x 81 frames
Moving DynamicSwap_WanTextEncoder to cuda:0 with preserved memory: 35.379870891571045 GB
[[0, 1]] [[1, 2, 3]]
Moving DynamicSwap_WanTextEncoder to cuda:0 with preserved memory: 35.32333707809448 GB
[[0, 1]] [[1, 2, 3]]
[r31_stage3] GATE1 PASS 0097_A_bird: step[14] == final latent (shape (15, 1, 21, 16, 60, 104))
[ok] 0097_A_bird: 1 steps x 81 frames
Moving DynamicSwap_WanTextEncoder to cuda:0 with preserved memory: 35.379870891571045 GB
[[0, 1, 2]] [[0, 1, 2, 3, 4]]
Moving DynamicSwap_WanTextEncoder to cuda:0 with preserved memory: 35.32333707809448 GB
[[0, 1, 2]] [[0, 1, 2, 3, 4]]
[r31_stage3] GATE1 PASS 0098_A_squirrel: step[14] == final latent (shape (15, 1, 21, 16, 60, 104))
[ok] 0098_A_squirrel: 1 steps x 81 frames
Moving DynamicSwap_WanTextEncoder to cuda:0 with preserved memory: 35.379870891571045 GB
[[0, 1, 2]] [[0, 1, 2, 3]]
Moving DynamicSwap_WanTextEncoder to cuda:0 with preserved memory: 35.32333707809448 GB
[[0, 1, 2]] [[0, 1, 2, 3]]
[r31_stage3] GATE1 PASS 0099_A_jogger: step[14] == final latent (shape (15, 1, 21, 16, 60, 104))
[ok] 0099_A_jogger: 1 steps x 81 frames
Moving DynamicSwap_WanTextEncoder to cuda:0 with preserved memory: 35.379870891571045 GB
[[0, 1, 2]] [[0, 1, 2, 3]]
Moving DynamicSwap_WanTextEncoder to cuda:0 with preserved memory: 35.32333707809448 GB
[[0, 1, 2]] [[0, 1, 2, 3]]
[r31_stage3] GATE1 PASS 0100_A_deer: step[14] == final latent (shape (15, 1, 21, 16, 60, 104))
[ok] 0100_A_deer: 1 steps x 81 frames
[r31_stage3] done edit4: 100/100 ok -> /home/ids/skhairi/Data/dataggen/outputs/five_bench/r35_arms/r35_dino_first2/_manifest_edit4.csv
--- [r35_stage3] r35_dino_first2 edit5 ---
[r31_stage3] preflight: validating 9 rho fields in /home/ids/skhairi/Data/dataggen/outputs/five_bench/r35_rho/dino_first2
[r31_stage3]   ok 0007_guitar-violin: rho (12, 1560) range [2.02, 24.06]
[r31_stage3]   ok 0009_bear: rho (21, 1560) range [2.05, 50.00]
[r31_stage3]   ok 0011_lucia: rho (18, 1560) range [2.05, 50.00]
[r31_stage3]   ok 0019_tennis-vest: rho (18, 1560) range [2.03, 47.75]
[r31_stage3]   ok 0034_cows: rho (24, 1560) range [2.04, 50.00]
[r31_stage3]   ok 0036_camel: rho (21, 1560) range [2.05, 50.00]
[r31_stage3]   ok 0057_dog: rho (15, 1560) range [2.09, 50.00]
[r31_stage3]   ok 0069_car-turn: rho (18, 1560) range [2.02, 50.00]
[r31_stage3]   ok 0089_A_dog: rho (21, 1560) range [2.01, 17.11]
[r31_stage3] preflight PASS for all 9 clips
Free VRAM 43.969970703125 GB
KV inference with 3 frames per block
[r31_stage3] edit_type=5 method=r35_dino_first2 pairs=9 vp_mode=vp steps=15 dump_steps=1 indices rho_dir=/home/ids/skhairi/Data/dataggen/outputs/five_bench/r35_rho/dino_first2
Moving DynamicSwap_WanTextEncoder to cuda:0 with preserved memory: 35.39680767059326 GB
[[0, 1]] [[0, 1, 2, 3, 4]]
[r31_stage3] GATE1 PASS 0007_guitar-violin: step[14] == final latent (shape (15, 1, 12, 16, 60, 104))
[ok] 0007_guitar-violin: 1 steps x 45 frames
Moving DynamicSwap_WanTextEncoder to cuda:0 with preserved memory: 35.38154458999634 GB
[[0, 1, 2, 3]] [[0, 1, 2, 3, 4, 5, 6]]
Moving DynamicSwap_WanTextEncoder to cuda:0 with preserved memory: 35.325010776519775 GB
[[0, 1, 2, 3]] [[0, 1, 2, 3, 4, 5, 6]]
[r31_stage3] GATE1 PASS 0009_bear: step[14] == final latent (shape (15, 1, 21, 16, 60, 104))
[ok] 0009_bear: 1 steps x 81 frames
Moving DynamicSwap_WanTextEncoder to cuda:0 with preserved memory: 35.38044595718384 GB
[[0, 1, 2, 3, 4, 5]] [[7, 8, 9, 10, 11]]
[r31_stage3] GATE1 PASS 0011_lucia: step[14] == final latent (shape (15, 1, 18, 16, 60, 104))
[ok] 0011_lucia: 1 steps x 69 frames
Moving DynamicSwap_WanTextEncoder to cuda:0 with preserved memory: 35.381003856658936 GB
[[0, 1, 2]] [[12, 13, 14, 15, 16, 17]]
[r31_stage3] GATE1 PASS 0019_tennis-vest: step[14] == final latent (shape (15, 1, 18, 16, 60, 104))
[ok] 0019_tennis-vest: 1 steps x 69 frames
Moving DynamicSwap_WanTextEncoder to cuda:0 with preserved memory: 35.37985324859619 GB
[[0, 1, 2, 3, 4]] [[0, 1, 2, 3, 4, 5, 6, 7, 8, 9]]
Moving DynamicSwap_WanTextEncoder to cuda:0 with preserved memory: 35.32331943511963 GB
[[0, 1, 2, 3, 4]] [[0, 1, 2, 3, 4, 5, 6, 7, 8, 9]]
[r31_stage3] GATE1 PASS 0034_cows: step[14] == final latent (shape (15, 1, 24, 16, 60, 104))
[ok] 0034_cows: 1 steps x 93 frames
Moving DynamicSwap_WanTextEncoder to cuda:0 with preserved memory: 35.37931299209595 GB
[[0, 1, 2]] [[0, 1, 2, 3, 4, 5, 6]]
Moving DynamicSwap_WanTextEncoder to cuda:0 with preserved memory: 35.322779178619385 GB
[[0, 1, 2]] [[0, 1, 2, 3, 4, 5, 6]]
[r31_stage3] GATE1 PASS 0036_camel: step[14] == final latent (shape (15, 1, 21, 16, 60, 104))
[ok] 0036_camel: 1 steps x 81 frames
Moving DynamicSwap_WanTextEncoder to cuda:0 with preserved memory: 35.38102149963379 GB
[[0, 1, 2, 3]] [[0, 1, 2, 3, 4, 5, 6, 7]]
[r31_stage3] GATE1 PASS 0057_dog: step[14] == final latent (shape (15, 1, 15, 16, 60, 104))
[ok] 0057_dog: 1 steps x 57 frames
Moving DynamicSwap_WanTextEncoder to cuda:0 with preserved memory: 35.38156175613403 GB
[[0, 1, 2]] [[4, 5, 6, 7, 8, 9, 10]]
[r31_stage3] GATE1 PASS 0069_car-turn: step[14] == final latent (shape (15, 1, 18, 16, 60, 104))
[ok] 0069_car-turn: 1 steps x 69 frames
Moving DynamicSwap_WanTextEncoder to cuda:0 with preserved memory: 35.38042879104614 GB
[[0, 1]] [[2, 3, 4]]
Moving DynamicSwap_WanTextEncoder to cuda:0 with preserved memory: 35.32389497756958 GB
[[0, 1]] [[2, 3, 4]]
[r31_stage3] GATE1 PASS 0089_A_dog: step[14] == final latent (shape (15, 1, 21, 16, 60, 104))
[ok] 0089_A_dog: 1 steps x 81 frames
[r31_stage3] done edit5: 9/9 ok -> /home/ids/skhairi/Data/dataggen/outputs/five_bench/r35_arms/r35_dino_first2/_manifest_edit5.csv
--- [r35_stage3] r35_dino_first2 edit6 ---
[r31_stage3] preflight: validating 10 rho fields in /home/ids/skhairi/Data/dataggen/outputs/five_bench/r35_rho/dino_first2
[r31_stage3]   ok 0002_girl-dog: rho (21, 1560) range [2.01, 50.00]
[r31_stage3]   ok 0017_kid-football: rho (15, 1560) range [2.02, 13.85]
[r31_stage3]   ok 0025_baseball: rho (21, 1560) range [2.02, 9.09]
[r31_stage3]   ok 0041_longboard: rho (12, 1560) range [2.02, 18.46]
[r31_stage3]   ok 0042_gym-ball: rho (18, 1560) range [2.02, 11.26]
[r31_stage3]   ok 0048_hike: rho (18, 1560) range [2.02, 20.71]
[r31_stage3]   ok 0051_dogs-jump: rho (15, 1560) range [2.03, 50.00]
[r31_stage3]   ok 0055_pigs: rho (18, 1560) range [2.05, 23.48]
[r31_stage3]   ok 0078_A_cat: rho (21, 1560) range [2.01, 33.63]
[r31_stage3]   ok 0088_A_cyclist: rho (21, 1560) range [2.01, 8.08]
[r31_stage3] preflight PASS for all 10 clips
Free VRAM 43.969970703125 GB
KV inference with 3 frames per block
[r31_stage3] edit_type=6 method=r35_dino_first2 pairs=10 vp_mode=vp steps=15 dump_steps=1 indices rho_dir=/home/ids/skhairi/Data/dataggen/outputs/five_bench/r35_rho/dino_first2
Moving DynamicSwap_WanTextEncoder to cuda:0 with preserved memory: 35.395081996917725 GB
[[20, 21, 22, 23, 24, 25, 26, 27]] [[20, 21, 22, 23, 24, 25, 26, 27, 28]]
Moving DynamicSwap_WanTextEncoder to cuda:0 with preserved memory: 35.329195499420166 GB
[[20, 21, 22, 23, 24, 25, 26, 27]] [[20, 21, 22, 23, 24, 25, 26, 27, 28]]
[r31_stage3] GATE1 PASS 0002_girl-dog: step[14] == final latent (shape (15, 1, 21, 16, 60, 104))
[ok] 0002_girl-dog: 1 steps x 81 frames
Moving DynamicSwap_WanTextEncoder to cuda:0 with preserved memory: 35.38102149963379 GB
[[0, 1, 2]] [[23, 24, 25]]
[r31_stage3] GATE1 PASS 0017_kid-football: step[14] == final latent (shape (15, 1, 15, 16, 60, 104))
[ok] 0017_kid-football: 1 steps x 57 frames
Moving DynamicSwap_WanTextEncoder to cuda:0 with preserved memory: 35.38098669052124 GB
[[1, 2]] [[8, 9, 10, 11, 12]]
Moving DynamicSwap_WanTextEncoder to cuda:0 with preserved memory: 35.32445287704468 GB
[[1, 2]] [[8, 9, 10, 11, 12]]
[r31_stage3] GATE1 PASS 0025_baseball: step[14] == final latent (shape (15, 1, 21, 16, 60, 104))
[ok] 0025_baseball: 1 steps x 81 frames
Moving DynamicSwap_WanTextEncoder to cuda:0 with preserved memory: 35.38159656524658 GB
[[0, 1, 2, 3, 4, 5]] [[9]]
[r31_stage3] GATE1 PASS 0041_longboard: step[14] == final latent (shape (15, 1, 12, 16, 60, 104))
[ok] 0041_longboard: 1 steps x 45 frames
Moving DynamicSwap_WanTextEncoder to cuda:0 with preserved memory: 35.38211965560913 GB
[[0, 1]] [[6, 7, 8, 9, 10]]
[r31_stage3] GATE1 PASS 0042_gym-ball: step[14] == final latent (shape (15, 1, 18, 16, 60, 104))
[ok] 0042_gym-ball: 1 steps x 69 frames
Moving DynamicSwap_WanTextEncoder to cuda:0 with preserved memory: 35.381003856658936 GB
[[0, 1, 2, 3, 4]] [[4]]
[r31_stage3] GATE1 PASS 0048_hike: step[14] == final latent (shape (15, 1, 18, 16, 60, 104))
[ok] 0048_hike: 1 steps x 69 frames
Moving DynamicSwap_WanTextEncoder to cuda:0 with preserved memory: 35.38157939910889 GB
[[8, 9]] [[8, 9, 10]]
[r31_stage3] GATE1 PASS 0051_dogs-jump: step[14] == final latent (shape (15, 1, 15, 16, 60, 104))
[ok] 0051_dogs-jump: 1 steps x 57 frames
Moving DynamicSwap_WanTextEncoder to cuda:0 with preserved memory: 35.38156175613403 GB
[[0, 1, 2, 3, 4, 5, 6, 7, 8, 9, 10, 11]] [[0, 1, 2, 3, 4, 5, 6, 7, 8, 9, 10, 11, 12, 13, 14, 15]]
[r31_stage3] GATE1 PASS 0055_pigs: step[14] == final latent (shape (15, 1, 18, 16, 60, 104))
[ok] 0055_pigs: 1 steps x 69 frames
Moving DynamicSwap_WanTextEncoder to cuda:0 with preserved memory: 35.38042879104614 GB
[[0, 1]] [[8, 9]]
Moving DynamicSwap_WanTextEncoder to cuda:0 with preserved memory: 35.32389497756958 GB
[[0, 1]] [[8, 9]]
[r31_stage3] GATE1 PASS 0078_A_cat: step[14] == final latent (shape (15, 1, 21, 16, 60, 104))
[ok] 0078_A_cat: 1 steps x 81 frames
Moving DynamicSwap_WanTextEncoder to cuda:0 with preserved memory: 35.379870891571045 GB
[[0, 1, 2]] [[6, 7]]
Moving DynamicSwap_WanTextEncoder to cuda:0 with preserved memory: 35.32333707809448 GB
[[0, 1, 2]] [[6, 7]]
[r31_stage3] GATE1 PASS 0088_A_cyclist: step[14] == final latent (shape (15, 1, 21, 16, 60, 104))
[ok] 0088_A_cyclist: 1 steps x 81 frames
[r31_stage3] done edit6: 10/10 ok -> /home/ids/skhairi/Data/dataggen/outputs/five_bench/r35_arms/r35_dino_first2/_manifest_edit6.csv
[r35_stage3] r35_dino_first2 edit1: 100 step14 dirs -- ok
[r35_stage3] r35_dino_first2 edit2: 100 step14 dirs -- ok
[r35_stage3] r35_dino_first2 edit3: 100 step14 dirs -- ok
[r35_stage3] r35_dino_first2 edit4: 100 step14 dirs -- ok
[r35_stage3] r35_dino_first2 edit5: 9 step14 dirs -- ok
[r35_stage3] r35_dino_first2 edit6: 10 step14 dirs -- ok
[r35_stage3] r35_dino_first2: 419 step14 dirs total (expect 419)
[r35_stage3] r35_dino_first2: non-ok manifest rows: 6
[r35_stage3] failures: 2
