[r35_absnorm] job=1007672 node=nodecpu10 combos=lpips_unblended lpips_first2
[r35_absnorm] div=/home/ids/skhairi/Data/dataggen/outputs/five_bench/r35_div -> div_abs=/home/ids/skhairi/Data/dataggen/outputs/five_bench/r35_div_abs, rho=/home/ids/skhairi/Data/dataggen/outputs/five_bench/r35_rho
=== [r35_absnorm] lpips_unblended  (div_max=1.0) ===
[r35_absnorm] lpips_unblended: 419 stage-2 npz found (expect 419)

[r31_div_abs] arm=lpips_unblended absolute range [0, 1] (419 clips) -> /home/ids/skhairi/Data/dataggen/outputs/five_bench/r35_div_abs/lpips_unblended
[ok] lpips_unblended/edit1/0001_bus: d_max_clip=1.0097 -> m_abs_max=1.0000 mean=0.2597 clipped=0.0142% frac(m>0.5)=0.223
[ok] lpips_unblended/edit1/0002_girl-dog: d_max_clip=1.1499 -> m_abs_max=1.0000 mean=0.2214 clipped=0.0855% frac(m>0.5)=0.130
[ok] lpips_unblended/edit1/0003_ocean-birds: d_max_clip=1.1064 -> m_abs_max=1.0000 mean=0.3376 clipped=0.1496% frac(m>0.5)=0.332
[ok] lpips_unblended/edit1/0004_car-roundabout: d_max_clip=0.9984 -> m_abs_max=0.9984 mean=0.2040 clipped=0.0000% frac(m>0.5)=0.150
[ok] lpips_unblended/edit1/0005_breakdance: d_max_clip=1.1380 -> m_abs_max=1.0000 mean=0.2443 clipped=0.0611% frac(m>0.5)=0.190
[ok] lpips_unblended/edit1/0006_paragliding: d_max_clip=1.3118 -> m_abs_max=1.0000 mean=0.1865 clipped=0.1460% frac(m>0.5)=0.127
[ok] lpips_unblended/edit1/0007_guitar-violin: d_max_clip=1.2912 -> m_abs_max=1.0000 mean=0.4384 clipped=2.1528% frac(m>0.5)=0.491
[ok] lpips_unblended/edit1/0008_snowboard-race: d_max_clip=1.2849 -> m_abs_max=1.0000 mean=0.4423 clipped=0.5840% frac(m>0.5)=0.493
[ok] lpips_unblended/edit1/0009_bear: d_max_clip=1.2429 -> m_abs_max=1.0000 mean=0.4280 clipped=0.3480% frac(m>0.5)=0.450
[ok] lpips_unblended/edit1/0010_giant-slalom: d_max_clip=1.2439 -> m_abs_max=1.0000 mean=0.1189 clipped=0.6432% frac(m>0.5)=0.093
[ok] lpips_unblended/edit1/0011_lucia: d_max_clip=0.8585 -> m_abs_max=0.8585 mean=0.1466 clipped=0.0000% frac(m>0.5)=0.040
[ok] lpips_unblended/edit1/0012_goat: d_max_clip=1.1236 -> m_abs_max=1.0000 mean=0.3565 clipped=0.3968% frac(m>0.5)=0.315
[ok] lpips_unblended/edit1/0013_golf: d_max_clip=1.2799 -> m_abs_max=1.0000 mean=0.2490 clipped=0.3917% frac(m>0.5)=0.176
[ok] lpips_unblended/edit1/0014_burnout: d_max_clip=1.1602 -> m_abs_max=1.0000 mean=0.3207 clipped=0.3917% frac(m>0.5)=0.263
[ok] lpips_unblended/edit1/0015_car-shadow: d_max_clip=1.0632 -> m_abs_max=1.0000 mean=0.1859 clipped=0.0427% frac(m>0.5)=0.153
[ok] lpips_unblended/edit1/0016_horsejump-high: d_max_clip=1.2308 -> m_abs_max=1.0000 mean=0.2499 clipped=0.2190% frac(m>0.5)=0.215
[ok] lpips_unblended/edit1/0017_kid-football: d_max_clip=1.2068 -> m_abs_max=1.0000 mean=0.2364 clipped=0.4829% frac(m>0.5)=0.219
[ok] lpips_unblended/edit1/0018_breakdance-flare: d_max_clip=1.3402 -> m_abs_max=1.0000 mean=0.3563 clipped=0.9758% frac(m>0.5)=0.354
[ok] lpips_unblended/edit1/0019_tennis-vest: d_max_clip=1.2593 -> m_abs_max=1.0000 mean=0.1911 clipped=0.5698% frac(m>0.5)=0.154
[ok] lpips_unblended/edit1/0020_monkeys: d_max_clip=1.2106 -> m_abs_max=1.0000 mean=0.3123 clipped=0.2289% frac(m>0.5)=0.283
[ok] lpips_unblended/edit1/0021_landing: d_max_clip=1.1888 -> m_abs_max=1.0000 mean=0.4117 clipped=1.1752% frac(m>0.5)=0.420
[ok] lpips_unblended/edit1/0022_skate-jump: d_max_clip=0.8955 -> m_abs_max=0.8955 mean=0.0730 clipped=0.0000% frac(m>0.5)=0.036
[ok] lpips_unblended/edit1/0023_kayak-race: d_max_clip=1.0279 -> m_abs_max=1.0000 mean=0.2426 clipped=0.0128% frac(m>0.5)=0.157
[ok] lpips_unblended/edit1/0024_hockey: d_max_clip=1.1078 -> m_abs_max=1.0000 mean=0.1720 clipped=0.0534% frac(m>0.5)=0.150
[ok] lpips_unblended/edit1/0025_baseball: d_max_clip=1.3350 -> m_abs_max=1.0000 mean=0.3856 clipped=3.6874% frac(m>0.5)=0.366
[ok] lpips_unblended/edit1/0026_table-tennis: d_max_clip=0.9841 -> m_abs_max=0.9841 mean=0.1352 clipped=0.0000% frac(m>0.5)=0.094
[ok] lpips_unblended/edit1/0027_dance-jump: d_max_clip=1.2810 -> m_abs_max=1.0000 mean=0.2778 clipped=0.3162% frac(m>0.5)=0.219
[ok] lpips_unblended/edit1/0028_kite-walk: d_max_clip=1.2278 -> m_abs_max=1.0000 mean=0.1184 clipped=0.3312% frac(m>0.5)=0.086
[ok] lpips_unblended/edit1/0029_horsejump-stick: d_max_clip=1.1636 -> m_abs_max=1.0000 mean=0.2939 clipped=0.1239% frac(m>0.5)=0.184
[ok] lpips_unblended/edit1/0030_rallye: d_max_clip=1.4818 -> m_abs_max=1.0000 mean=0.3721 clipped=5.5823% frac(m>0.5)=0.374
[ok] lpips_unblended/edit1/0031_soccerball: d_max_clip=1.2142 -> m_abs_max=1.0000 mean=0.2651 clipped=1.6346% frac(m>0.5)=0.169
[ok] lpips_unblended/edit1/0032_mermaid: d_max_clip=1.3474 -> m_abs_max=1.0000 mean=0.3994 clipped=1.8162% frac(m>0.5)=0.383
[ok] lpips_unblended/edit1/0033_horsejump-low: d_max_clip=1.0430 -> m_abs_max=1.0000 mean=0.2761 clipped=0.0214% frac(m>0.5)=0.177
[ok] lpips_unblended/edit1/0034_cows: d_max_clip=1.1273 -> m_abs_max=1.0000 mean=0.4363 clipped=0.0694% frac(m>0.5)=0.389
[ok] lpips_unblended/edit1/0035_helicopter: d_max_clip=1.1181 -> m_abs_max=1.0000 mean=0.1862 clipped=0.3312% frac(m>0.5)=0.152
[ok] lpips_unblended/edit1/0036_camel: d_max_clip=1.1129 -> m_abs_max=1.0000 mean=0.2778 clipped=0.2808% frac(m>0.5)=0.242
[ok] lpips_unblended/edit1/0037_snowboard-sand: d_max_clip=1.2404 -> m_abs_max=1.0000 mean=0.1782 clipped=0.3900% frac(m>0.5)=0.161
[ok] lpips_unblended/edit1/0038_motorbike: d_max_clip=1.0177 -> m_abs_max=1.0000 mean=0.2129 clipped=0.0214% frac(m>0.5)=0.146
[ok] lpips_unblended/edit1/0039_chamaleon: d_max_clip=1.2459 -> m_abs_max=1.0000 mean=0.2197 clipped=0.4090% frac(m>0.5)=0.196
[ok] lpips_unblended/edit1/0040_tennis: d_max_clip=1.2360 -> m_abs_max=1.0000 mean=0.1991 clipped=0.3276% frac(m>0.5)=0.163
[ok] lpips_unblended/edit1/0041_longboard: d_max_clip=1.2558 -> m_abs_max=1.0000 mean=0.3279 clipped=0.5182% frac(m>0.5)=0.289
[ok] lpips_unblended/edit1/0042_gym-ball: d_max_clip=1.3020 -> m_abs_max=1.0000 mean=0.2202 clipped=1.0114% frac(m>0.5)=0.237
[ok] lpips_unblended/edit1/0043_parkour: d_max_clip=1.2640 -> m_abs_max=1.0000 mean=0.3428 clipped=0.8494% frac(m>0.5)=0.310
[ok] lpips_unblended/edit1/0044_snowboard: d_max_clip=1.2293 -> m_abs_max=1.0000 mean=0.4156 clipped=0.4103% frac(m>0.5)=0.393
[ok] lpips_unblended/edit1/0045_butterfly: d_max_clip=1.1812 -> m_abs_max=1.0000 mean=0.1518 clipped=0.1496% frac(m>0.5)=0.142
[ok] lpips_unblended/edit1/0046_blackswan: d_max_clip=0.9785 -> m_abs_max=0.9785 mean=0.2329 clipped=0.0000% frac(m>0.5)=0.185
[ok] lpips_unblended/edit1/0047_judo: d_max_clip=1.1876 -> m_abs_max=1.0000 mean=0.2555 clipped=0.3775% frac(m>0.5)=0.234
[ok] lpips_unblended/edit1/0048_hike: d_max_clip=0.9275 -> m_abs_max=0.9275 mean=0.1447 clipped=0.0000% frac(m>0.5)=0.065
[ok] lpips_unblended/edit1/0049_speed-skating: d_max_clip=1.3271 -> m_abs_max=1.0000 mean=0.3407 clipped=2.4969% frac(m>0.5)=0.348
[ok] lpips_unblended/edit1/0050_slackline: d_max_clip=1.2691 -> m_abs_max=1.0000 mean=0.2077 clipped=0.5342% frac(m>0.5)=0.159
[ok] lpips_unblended/edit1/0051_dogs-jump: d_max_clip=1.0554 -> m_abs_max=1.0000 mean=0.1674 clipped=0.0769% frac(m>0.5)=0.132
[ok] lpips_unblended/edit1/0052_mallard-fly: d_max_clip=1.2367 -> m_abs_max=1.0000 mean=0.2821 clipped=1.9053% frac(m>0.5)=0.209
[ok] lpips_unblended/edit1/0053_swing: d_max_clip=1.3222 -> m_abs_max=1.0000 mean=0.2678 clipped=0.3547% frac(m>0.5)=0.188
[ok] lpips_unblended/edit1/0054_train: d_max_clip=1.2590 -> m_abs_max=1.0000 mean=0.2068 clipped=0.2600% frac(m>0.5)=0.168
[ok] lpips_unblended/edit1/0055_pigs: d_max_clip=1.0965 -> m_abs_max=1.0000 mean=0.3202 clipped=0.0890% frac(m>0.5)=0.323
[ok] lpips_unblended/edit1/0056_kart-turn: d_max_clip=1.1662 -> m_abs_max=1.0000 mean=0.3928 clipped=0.3755% frac(m>0.5)=0.413
[ok] lpips_unblended/edit1/0057_dog: d_max_clip=1.0875 -> m_abs_max=1.0000 mean=0.2798 clipped=0.3419% frac(m>0.5)=0.208
[ok] lpips_unblended/edit1/0058_boat: d_max_clip=0.9647 -> m_abs_max=0.9647 mean=0.1669 clipped=0.0000% frac(m>0.5)=0.138
[ok] lpips_unblended/edit1/0059_drift-straight: d_max_clip=1.2009 -> m_abs_max=1.0000 mean=0.3288 clipped=0.8654% frac(m>0.5)=0.325
[ok] lpips_unblended/edit1/0060_motocross-bumps: d_max_clip=1.0806 -> m_abs_max=1.0000 mean=0.2623 clipped=0.0983% frac(m>0.5)=0.204
[ok] lpips_unblended/edit1/0061_mbike-santa: d_max_clip=1.1236 -> m_abs_max=1.0000 mean=0.5894 clipped=0.6880% frac(m>0.5)=0.710
[ok] lpips_unblended/edit1/0062_elephant: d_max_clip=1.1735 -> m_abs_max=1.0000 mean=0.2931 clipped=0.5449% frac(m>0.5)=0.291
[ok] lpips_unblended/edit1/0063_drift-turn: d_max_clip=1.2540 -> m_abs_max=1.0000 mean=0.4650 clipped=0.7863% frac(m>0.5)=0.518
[ok] lpips_unblended/edit1/0064_rollerblade: d_max_clip=1.2117 -> m_abs_max=1.0000 mean=0.1659 clipped=0.2350% frac(m>0.5)=0.121
[ok] lpips_unblended/edit1/0065_twist-dance: d_max_clip=1.0610 -> m_abs_max=1.0000 mean=0.1257 clipped=0.0458% frac(m>0.5)=0.123
[ok] lpips_unblended/edit1/0066_deer: d_max_clip=1.1297 -> m_abs_max=1.0000 mean=0.3401 clipped=0.1425% frac(m>0.5)=0.351
[ok] lpips_unblended/edit1/0067_mbike-trick: d_max_clip=1.2264 -> m_abs_max=1.0000 mean=0.1181 clipped=0.2813% frac(m>0.5)=0.091
[ok] lpips_unblended/edit1/0068_planes-water: d_max_clip=0.9252 -> m_abs_max=0.9252 mean=0.1346 clipped=0.0000% frac(m>0.5)=0.071
[ok] lpips_unblended/edit1/0069_car-turn: d_max_clip=1.0988 -> m_abs_max=1.0000 mean=0.2106 clipped=0.1567% frac(m>0.5)=0.163
[ok] lpips_unblended/edit1/0070_dance-twirl: d_max_clip=1.1863 -> m_abs_max=1.0000 mean=0.2230 clipped=0.1160% frac(m>0.5)=0.150
[ok] lpips_unblended/edit1/0071_mallard-water: d_max_clip=1.1631 -> m_abs_max=1.0000 mean=0.2719 clipped=0.2564% frac(m>0.5)=0.223
[ok] lpips_unblended/edit1/0072_dog-agility: d_max_clip=1.0786 -> m_abs_max=1.0000 mean=0.2330 clipped=0.1496% frac(m>0.5)=0.196
[ok] lpips_unblended/edit1/0073_bmx-rider: d_max_clip=1.1755 -> m_abs_max=1.0000 mean=0.1692 clipped=0.2534% frac(m>0.5)=0.103
[ok] lpips_unblended/edit1/0074_rhino: d_max_clip=1.1578 -> m_abs_max=1.0000 mean=0.2918 clipped=0.4182% frac(m>0.5)=0.298
[ok] lpips_unblended/edit1/0075_A_bicycle: d_max_clip=1.0403 -> m_abs_max=1.0000 mean=0.1708 clipped=0.0244% frac(m>0.5)=0.137
[ok] lpips_unblended/edit1/0076_A_rabbit: d_max_clip=1.1924 -> m_abs_max=1.0000 mean=0.3253 clipped=1.0714% frac(m>0.5)=0.328
[ok] lpips_unblended/edit1/0077_A_hawk: d_max_clip=1.4654 -> m_abs_max=1.0000 mean=0.2845 clipped=3.7637% frac(m>0.5)=0.220
[ok] lpips_unblended/edit1/0078_A_cat: d_max_clip=1.1678 -> m_abs_max=1.0000 mean=0.2101 clipped=0.6166% frac(m>0.5)=0.215
[ok] lpips_unblended/edit1/0079_A_bus: d_max_clip=1.2959 -> m_abs_max=1.0000 mean=0.3783 clipped=0.9188% frac(m>0.5)=0.356
[ok] lpips_unblended/edit1/0080_A_motorcycle: d_max_clip=1.2049 -> m_abs_max=1.0000 mean=0.4797 clipped=0.3938% frac(m>0.5)=0.480
[ok] lpips_unblended/edit1/0081_A_horse: d_max_clip=1.3193 -> m_abs_max=1.0000 mean=0.2654 clipped=0.6716% frac(m>0.5)=0.236
[ok] lpips_unblended/edit1/0082_A_tram: d_max_clip=1.2500 -> m_abs_max=1.0000 mean=0.2762 clipped=0.2228% frac(m>0.5)=0.301
[ok] lpips_unblended/edit1/0083_A_boat: d_max_clip=1.2898 -> m_abs_max=1.0000 mean=0.2827 clipped=1.0653% frac(m>0.5)=0.257
[ok] lpips_unblended/edit1/0084_A_squirrel: d_max_clip=1.2870 -> m_abs_max=1.0000 mean=0.4936 clipped=1.8407% frac(m>0.5)=0.521
[ok] lpips_unblended/edit1/0085_A_tram: d_max_clip=1.1531 -> m_abs_max=1.0000 mean=0.2503 clipped=0.0305% frac(m>0.5)=0.216
[ok] lpips_unblended/edit1/0086_A_red_sports_car: d_max_clip=1.3002 -> m_abs_max=1.0000 mean=0.3378 clipped=1.5690% frac(m>0.5)=0.330
[ok] lpips_unblended/edit1/0087_A_seagull: d_max_clip=1.3909 -> m_abs_max=1.0000 mean=0.1926 clipped=1.9261% frac(m>0.5)=0.161
[ok] lpips_unblended/edit1/0088_A_cyclist: d_max_clip=1.1937 -> m_abs_max=1.0000 mean=0.3447 clipped=0.6441% frac(m>0.5)=0.319
[ok] lpips_unblended/edit1/0089_A_dog: d_max_clip=1.2075 -> m_abs_max=1.0000 mean=0.2789 clipped=0.8486% frac(m>0.5)=0.303
[ok] lpips_unblended/edit1/0090_A_deer: d_max_clip=1.1107 -> m_abs_max=1.0000 mean=0.2109 clipped=0.1190% frac(m>0.5)=0.197
[ok] lpips_unblended/edit1/0091_A_hawk: d_max_clip=1.2075 -> m_abs_max=1.0000 mean=0.1236 clipped=0.1465% frac(m>0.5)=0.083
[ok] lpips_unblended/edit1/0092_A_fox: d_max_clip=1.2153 -> m_abs_max=1.0000 mean=0.1704 clipped=0.1435% frac(m>0.5)=0.130
[ok] lpips_unblended/edit1/0093_A_helicopter: d_max_clip=1.1601 -> m_abs_max=1.0000 mean=0.2855 clipped=0.2686% frac(m>0.5)=0.282
[ok] lpips_unblended/edit1/0094_A_swan: d_max_clip=1.0553 -> m_abs_max=1.0000 mean=0.1438 clipped=0.0519% frac(m>0.5)=0.136
[ok] lpips_unblended/edit1/0095_A_crow: d_max_clip=1.2293 -> m_abs_max=1.0000 mean=0.2823 clipped=1.1325% frac(m>0.5)=0.298
[ok] lpips_unblended/edit1/0096_A_car: d_max_clip=1.1955 -> m_abs_max=1.0000 mean=0.2897 clipped=0.9646% frac(m>0.5)=0.284
[ok] lpips_unblended/edit1/0097_A_bird: d_max_clip=1.1454 -> m_abs_max=1.0000 mean=0.1365 clipped=0.2015% frac(m>0.5)=0.109
[ok] lpips_unblended/edit1/0098_A_squirrel: d_max_clip=1.1771 -> m_abs_max=1.0000 mean=0.2386 clipped=0.8059% frac(m>0.5)=0.248
[ok] lpips_unblended/edit1/0099_A_jogger: d_max_clip=1.2133 -> m_abs_max=1.0000 mean=0.1493 clipped=0.0519% frac(m>0.5)=0.112
[ok] lpips_unblended/edit1/0100_A_deer: d_max_clip=0.9950 -> m_abs_max=0.9950 mean=0.2090 clipped=0.0000% frac(m>0.5)=0.168
[ok] lpips_unblended/edit2/0001_bus: d_max_clip=1.2487 -> m_abs_max=1.0000 mean=0.3158 clipped=0.6588% frac(m>0.5)=0.308
[ok] lpips_unblended/edit2/0002_girl-dog: d_max_clip=1.0194 -> m_abs_max=1.0000 mean=0.2786 clipped=0.0031% frac(m>0.5)=0.246
[ok] lpips_unblended/edit2/0003_ocean-birds: d_max_clip=1.0819 -> m_abs_max=1.0000 mean=0.3390 clipped=0.2564% frac(m>0.5)=0.334
[ok] lpips_unblended/edit2/0004_car-roundabout: d_max_clip=1.0750 -> m_abs_max=1.0000 mean=0.2376 clipped=0.1068% frac(m>0.5)=0.200
[ok] lpips_unblended/edit2/0005_breakdance: d_max_clip=1.1962 -> m_abs_max=1.0000 mean=0.2812 clipped=0.3114% frac(m>0.5)=0.244
[ok] lpips_unblended/edit2/0006_paragliding: d_max_clip=1.2362 -> m_abs_max=1.0000 mean=0.3722 clipped=1.0150% frac(m>0.5)=0.367
[ok] lpips_unblended/edit2/0007_guitar-violin: d_max_clip=1.4550 -> m_abs_max=1.0000 mean=0.5342 clipped=3.5951% frac(m>0.5)=0.640
[ok] lpips_unblended/edit2/0008_snowboard-race: d_max_clip=1.2319 -> m_abs_max=1.0000 mean=0.3678 clipped=0.3276% frac(m>0.5)=0.347
[ok] lpips_unblended/edit2/0009_bear: d_max_clip=1.0980 -> m_abs_max=1.0000 mean=0.3059 clipped=0.1190% frac(m>0.5)=0.303
[ok] lpips_unblended/edit2/0010_giant-slalom: d_max_clip=1.2375 -> m_abs_max=1.0000 mean=0.1156 clipped=0.3184% frac(m>0.5)=0.089
[ok] lpips_unblended/edit2/0011_lucia: d_max_clip=1.2942 -> m_abs_max=1.0000 mean=0.3088 clipped=2.0869% frac(m>0.5)=0.273
[ok] lpips_unblended/edit2/0012_goat: d_max_clip=1.0986 -> m_abs_max=1.0000 mean=0.2888 clipped=0.2167% frac(m>0.5)=0.212
[ok] lpips_unblended/edit2/0013_golf: d_max_clip=1.3029 -> m_abs_max=1.0000 mean=0.3134 clipped=2.4288% frac(m>0.5)=0.272
[ok] lpips_unblended/edit2/0014_burnout: d_max_clip=1.0711 -> m_abs_max=1.0000 mean=0.3888 clipped=0.1246% frac(m>0.5)=0.381
[ok] lpips_unblended/edit2/0015_car-shadow: d_max_clip=0.9878 -> m_abs_max=0.9878 mean=0.1867 clipped=0.0000% frac(m>0.5)=0.155
[ok] lpips_unblended/edit2/0016_horsejump-high: d_max_clip=1.0780 -> m_abs_max=1.0000 mean=0.1902 clipped=0.0374% frac(m>0.5)=0.142
[ok] lpips_unblended/edit2/0017_kid-football: d_max_clip=1.4174 -> m_abs_max=1.0000 mean=0.4066 clipped=3.9145% frac(m>0.5)=0.444
[ok] lpips_unblended/edit2/0018_breakdance-flare: d_max_clip=1.2090 -> m_abs_max=1.0000 mean=0.4016 clipped=0.3419% frac(m>0.5)=0.417
[ok] lpips_unblended/edit2/0019_tennis-vest: d_max_clip=1.1782 -> m_abs_max=1.0000 mean=0.2144 clipped=0.4202% frac(m>0.5)=0.191
[ok] lpips_unblended/edit2/0020_monkeys: d_max_clip=1.2124 -> m_abs_max=1.0000 mean=0.3401 clipped=0.2442% frac(m>0.5)=0.332
[ok] lpips_unblended/edit2/0021_landing: d_max_clip=1.5009 -> m_abs_max=1.0000 mean=0.4831 clipped=5.7265% frac(m>0.5)=0.501
[ok] lpips_unblended/edit2/0022_skate-jump: d_max_clip=1.0973 -> m_abs_max=1.0000 mean=0.1088 clipped=0.0342% frac(m>0.5)=0.080
[ok] lpips_unblended/edit2/0023_kayak-race: d_max_clip=1.2551 -> m_abs_max=1.0000 mean=0.3033 clipped=0.6068% frac(m>0.5)=0.271
[ok] lpips_unblended/edit2/0024_hockey: d_max_clip=1.2977 -> m_abs_max=1.0000 mean=0.2813 clipped=0.2742% frac(m>0.5)=0.259
[ok] lpips_unblended/edit2/0025_baseball: d_max_clip=1.2866 -> m_abs_max=1.0000 mean=0.4037 clipped=2.3046% frac(m>0.5)=0.392
[ok] lpips_unblended/edit2/0026_table-tennis: d_max_clip=1.0367 -> m_abs_max=1.0000 mean=0.1686 clipped=0.0107% frac(m>0.5)=0.139
[ok] lpips_unblended/edit2/0027_dance-jump: d_max_clip=1.1535 -> m_abs_max=1.0000 mean=0.2400 clipped=0.1368% frac(m>0.5)=0.190
[ok] lpips_unblended/edit2/0028_kite-walk: d_max_clip=1.3566 -> m_abs_max=1.0000 mean=0.1824 clipped=0.9972% frac(m>0.5)=0.156
[ok] lpips_unblended/edit2/0029_horsejump-stick: d_max_clip=1.0620 -> m_abs_max=1.0000 mean=0.2847 clipped=0.0214% frac(m>0.5)=0.175
[ok] lpips_unblended/edit2/0030_rallye: d_max_clip=1.4268 -> m_abs_max=1.0000 mean=0.2995 clipped=2.4359% frac(m>0.5)=0.286
[ok] lpips_unblended/edit2/0031_soccerball: d_max_clip=1.2189 -> m_abs_max=1.0000 mean=0.4060 clipped=1.1058% frac(m>0.5)=0.377
[ok] lpips_unblended/edit2/0032_mermaid: d_max_clip=1.3829 -> m_abs_max=1.0000 mean=0.4199 clipped=1.5598% frac(m>0.5)=0.408
[ok] lpips_unblended/edit2/0033_horsejump-low: d_max_clip=1.0652 -> m_abs_max=1.0000 mean=0.3163 clipped=0.0342% frac(m>0.5)=0.241
[ok] lpips_unblended/edit2/0034_cows: d_max_clip=1.3630 -> m_abs_max=1.0000 mean=0.4674 clipped=1.3141% frac(m>0.5)=0.469
[ok] lpips_unblended/edit2/0035_helicopter: d_max_clip=1.0822 -> m_abs_max=1.0000 mean=0.2323 clipped=0.1068% frac(m>0.5)=0.205
[ok] lpips_unblended/edit2/0036_camel: d_max_clip=1.1529 -> m_abs_max=1.0000 mean=0.2889 clipped=0.2015% frac(m>0.5)=0.258
[ok] lpips_unblended/edit2/0037_snowboard-sand: d_max_clip=1.1218 -> m_abs_max=1.0000 mean=0.2223 clipped=0.4594% frac(m>0.5)=0.192
[ok] lpips_unblended/edit2/0038_motorbike: d_max_clip=1.0290 -> m_abs_max=1.0000 mean=0.2052 clipped=0.0214% frac(m>0.5)=0.125
[ok] lpips_unblended/edit2/0039_chamaleon: d_max_clip=1.1514 -> m_abs_max=1.0000 mean=0.2645 clipped=0.2778% frac(m>0.5)=0.230
[ok] lpips_unblended/edit2/0040_tennis: d_max_clip=1.3147 -> m_abs_max=1.0000 mean=0.3312 clipped=0.8654% frac(m>0.5)=0.322
[ok] lpips_unblended/edit2/0041_longboard: d_max_clip=1.4198 -> m_abs_max=1.0000 mean=0.3052 clipped=2.1955% frac(m>0.5)=0.236
[ok] lpips_unblended/edit2/0042_gym-ball: d_max_clip=1.1121 -> m_abs_max=1.0000 mean=0.2312 clipped=0.2137% frac(m>0.5)=0.254
[ok] lpips_unblended/edit2/0043_parkour: d_max_clip=1.1688 -> m_abs_max=1.0000 mean=0.4776 clipped=0.9268% frac(m>0.5)=0.518
[ok] lpips_unblended/edit2/0044_snowboard: d_max_clip=1.0990 -> m_abs_max=1.0000 mean=0.3435 clipped=0.0940% frac(m>0.5)=0.274
[ok] lpips_unblended/edit2/0045_butterfly: d_max_clip=1.3300 -> m_abs_max=1.0000 mean=0.2214 clipped=2.1403% frac(m>0.5)=0.212
[ok] lpips_unblended/edit2/0046_blackswan: d_max_clip=1.0793 -> m_abs_max=1.0000 mean=0.4546 clipped=0.2350% frac(m>0.5)=0.499
[ok] lpips_unblended/edit2/0047_judo: d_max_clip=1.1255 -> m_abs_max=1.0000 mean=0.2878 clipped=0.0712% frac(m>0.5)=0.257
[ok] lpips_unblended/edit2/0048_hike: d_max_clip=0.9139 -> m_abs_max=0.9139 mean=0.1624 clipped=0.0000% frac(m>0.5)=0.087
[ok] lpips_unblended/edit2/0049_speed-skating: d_max_clip=1.3416 -> m_abs_max=1.0000 mean=0.4095 clipped=3.2814% frac(m>0.5)=0.424
[ok] lpips_unblended/edit2/0050_slackline: d_max_clip=1.3523 -> m_abs_max=1.0000 mean=0.2526 clipped=1.7949% frac(m>0.5)=0.209
[ok] lpips_unblended/edit2/0051_dogs-jump: d_max_clip=1.2062 -> m_abs_max=1.0000 mean=0.2372 clipped=0.4060% frac(m>0.5)=0.221
[ok] lpips_unblended/edit2/0052_mallard-fly: d_max_clip=1.1610 -> m_abs_max=1.0000 mean=0.3074 clipped=0.6054% frac(m>0.5)=0.247
[ok] lpips_unblended/edit2/0053_swing: d_max_clip=1.1061 -> m_abs_max=1.0000 mean=0.3069 clipped=0.0470% frac(m>0.5)=0.238
[ok] lpips_unblended/edit2/0054_train: d_max_clip=1.1038 -> m_abs_max=1.0000 mean=0.2832 clipped=0.2101% frac(m>0.5)=0.283
[ok] lpips_unblended/edit2/0055_pigs: d_max_clip=1.2053 -> m_abs_max=1.0000 mean=0.4351 clipped=0.6268% frac(m>0.5)=0.474
[ok] lpips_unblended/edit2/0056_kart-turn: d_max_clip=1.2033 -> m_abs_max=1.0000 mean=0.4079 clipped=0.9066% frac(m>0.5)=0.457
[ok] lpips_unblended/edit2/0057_dog: d_max_clip=1.1280 -> m_abs_max=1.0000 mean=0.3930 clipped=0.2949% frac(m>0.5)=0.359
[ok] lpips_unblended/edit2/0058_boat: d_max_clip=1.0304 -> m_abs_max=1.0000 mean=0.1543 clipped=0.0214% frac(m>0.5)=0.122
[ok] lpips_unblended/edit2/0059_drift-straight: d_max_clip=1.1318 -> m_abs_max=1.0000 mean=0.3200 clipped=0.2671% frac(m>0.5)=0.311
[ok] lpips_unblended/edit2/0060_motocross-bumps: d_max_clip=1.0495 -> m_abs_max=1.0000 mean=0.2875 clipped=0.0256% frac(m>0.5)=0.233
[ok] lpips_unblended/edit2/0061_mbike-santa: d_max_clip=1.1380 -> m_abs_max=1.0000 mean=0.5736 clipped=0.6538% frac(m>0.5)=0.683
[ok] lpips_unblended/edit2/0062_elephant: d_max_clip=1.1765 -> m_abs_max=1.0000 mean=0.2641 clipped=0.5199% frac(m>0.5)=0.253
[ok] lpips_unblended/edit2/0063_drift-turn: d_max_clip=1.1622 -> m_abs_max=1.0000 mean=0.4975 clipped=0.7906% frac(m>0.5)=0.534
[ok] lpips_unblended/edit2/0064_rollerblade: d_max_clip=1.1687 -> m_abs_max=1.0000 mean=0.2496 clipped=1.2821% frac(m>0.5)=0.215
[ok] lpips_unblended/edit2/0065_twist-dance: d_max_clip=1.2072 -> m_abs_max=1.0000 mean=0.2747 clipped=0.1740% frac(m>0.5)=0.229
[ok] lpips_unblended/edit2/0066_deer: d_max_clip=1.4362 -> m_abs_max=1.0000 mean=0.5264 clipped=2.7671% frac(m>0.5)=0.600
[ok] lpips_unblended/edit2/0067_mbike-trick: d_max_clip=1.2665 -> m_abs_max=1.0000 mean=0.2351 clipped=1.1823% frac(m>0.5)=0.217
[ok] lpips_unblended/edit2/0068_planes-water: d_max_clip=0.9967 -> m_abs_max=0.9967 mean=0.2290 clipped=0.0000% frac(m>0.5)=0.236
[ok] lpips_unblended/edit2/0069_car-turn: d_max_clip=1.0838 -> m_abs_max=1.0000 mean=0.2157 clipped=0.1994% frac(m>0.5)=0.183
[ok] lpips_unblended/edit2/0070_dance-twirl: d_max_clip=1.2139 -> m_abs_max=1.0000 mean=0.2586 clipped=0.1496% frac(m>0.5)=0.188
[ok] lpips_unblended/edit2/0071_mallard-water: d_max_clip=1.2257 -> m_abs_max=1.0000 mean=0.2678 clipped=0.0783% frac(m>0.5)=0.224
[ok] lpips_unblended/edit2/0072_dog-agility: d_max_clip=1.2697 -> m_abs_max=1.0000 mean=0.2939 clipped=1.6239% frac(m>0.5)=0.267
[ok] lpips_unblended/edit2/0073_bmx-rider: d_max_clip=1.0592 -> m_abs_max=1.0000 mean=0.1866 clipped=0.0427% frac(m>0.5)=0.129
[ok] lpips_unblended/edit2/0074_rhino: d_max_clip=1.2109 -> m_abs_max=1.0000 mean=0.3058 clipped=0.5128% frac(m>0.5)=0.303
[ok] lpips_unblended/edit2/0075_A_bicycle: d_max_clip=1.1038 -> m_abs_max=1.0000 mean=0.2359 clipped=0.1435% frac(m>0.5)=0.208
[ok] lpips_unblended/edit2/0076_A_rabbit: d_max_clip=1.1780 -> m_abs_max=1.0000 mean=0.3062 clipped=0.5983% frac(m>0.5)=0.285
[ok] lpips_unblended/edit2/0077_A_hawk: d_max_clip=1.3636 -> m_abs_max=1.0000 mean=0.3739 clipped=2.2863% frac(m>0.5)=0.365
[ok] lpips_unblended/edit2/0078_A_cat: d_max_clip=1.3662 -> m_abs_max=1.0000 mean=0.2234 clipped=0.5220% frac(m>0.5)=0.248
[ok] lpips_unblended/edit2/0079_A_bus: d_max_clip=1.4124 -> m_abs_max=1.0000 mean=0.4757 clipped=2.0788% frac(m>0.5)=0.499
[ok] lpips_unblended/edit2/0080_A_motorcycle: d_max_clip=1.2079 -> m_abs_max=1.0000 mean=0.5582 clipped=1.2729% frac(m>0.5)=0.637
[ok] lpips_unblended/edit2/0081_A_horse: d_max_clip=1.1940 -> m_abs_max=1.0000 mean=0.4221 clipped=0.7387% frac(m>0.5)=0.451
[ok] lpips_unblended/edit2/0082_A_tram: d_max_clip=1.2063 -> m_abs_max=1.0000 mean=0.3501 clipped=0.5067% frac(m>0.5)=0.357
[ok] lpips_unblended/edit2/0083_A_boat: d_max_clip=1.3191 -> m_abs_max=1.0000 mean=0.2645 clipped=0.9768% frac(m>0.5)=0.252
[ok] lpips_unblended/edit2/0084_A_squirrel: d_max_clip=1.2239 -> m_abs_max=1.0000 mean=0.4511 clipped=1.0134% frac(m>0.5)=0.434
[ok] lpips_unblended/edit2/0085_A_tram: d_max_clip=1.1155 -> m_abs_max=1.0000 mean=0.2518 clipped=0.0733% frac(m>0.5)=0.254
[ok] lpips_unblended/edit2/0086_A_red_sports_car: d_max_clip=1.3548 -> m_abs_max=1.0000 mean=0.4009 clipped=3.0311% frac(m>0.5)=0.397
[ok] lpips_unblended/edit2/0087_A_seagull: d_max_clip=1.2020 -> m_abs_max=1.0000 mean=0.2230 clipped=1.1050% frac(m>0.5)=0.196
[ok] lpips_unblended/edit2/0088_A_cyclist: d_max_clip=1.1785 -> m_abs_max=1.0000 mean=0.3195 clipped=0.4884% frac(m>0.5)=0.297
[ok] lpips_unblended/edit2/0089_A_dog: d_max_clip=1.2504 -> m_abs_max=1.0000 mean=0.3358 clipped=1.4225% frac(m>0.5)=0.365
[ok] lpips_unblended/edit2/0090_A_deer: d_max_clip=1.3421 -> m_abs_max=1.0000 mean=0.4885 clipped=2.9945% frac(m>0.5)=0.504
[ok] lpips_unblended/edit2/0091_A_hawk: d_max_clip=1.3450 -> m_abs_max=1.0000 mean=0.1830 clipped=2.1795% frac(m>0.5)=0.147
[ok] lpips_unblended/edit2/0092_A_fox: d_max_clip=1.2972 -> m_abs_max=1.0000 mean=0.4105 clipped=2.5427% frac(m>0.5)=0.394
[ok] lpips_unblended/edit2/0093_A_helicopter: d_max_clip=1.3397 -> m_abs_max=1.0000 mean=0.3662 clipped=1.1447% frac(m>0.5)=0.385
[ok] lpips_unblended/edit2/0094_A_swan: d_max_clip=1.1248 -> m_abs_max=1.0000 mean=0.1473 clipped=0.0549% frac(m>0.5)=0.134
[ok] lpips_unblended/edit2/0095_A_crow: d_max_clip=1.3131 -> m_abs_max=1.0000 mean=0.5435 clipped=6.8956% frac(m>0.5)=0.548
[ok] lpips_unblended/edit2/0096_A_car: d_max_clip=1.4438 -> m_abs_max=1.0000 mean=0.7413 clipped=11.1386% frac(m>0.5)=0.873
[ok] lpips_unblended/edit2/0097_A_bird: d_max_clip=1.5034 -> m_abs_max=1.0000 mean=0.3233 clipped=1.0623% frac(m>0.5)=0.245
[ok] lpips_unblended/edit2/0098_A_squirrel: d_max_clip=1.4118 -> m_abs_max=1.0000 mean=0.4648 clipped=9.3987% frac(m>0.5)=0.474
[ok] lpips_unblended/edit2/0099_A_jogger: d_max_clip=1.2627 -> m_abs_max=1.0000 mean=0.2464 clipped=0.4518% frac(m>0.5)=0.185
[ok] lpips_unblended/edit2/0100_A_deer: d_max_clip=1.2387 -> m_abs_max=1.0000 mean=0.2206 clipped=0.3755% frac(m>0.5)=0.196
[ok] lpips_unblended/edit3/0001_bus: d_max_clip=0.9772 -> m_abs_max=0.9772 mean=0.2150 clipped=0.0000% frac(m>0.5)=0.130
[ok] lpips_unblended/edit3/0002_girl-dog: d_max_clip=1.1464 -> m_abs_max=1.0000 mean=0.2325 clipped=0.3449% frac(m>0.5)=0.162
[ok] lpips_unblended/edit3/0003_ocean-birds: d_max_clip=1.3753 -> m_abs_max=1.0000 mean=0.2379 clipped=2.7066% frac(m>0.5)=0.173
[ok] lpips_unblended/edit3/0004_car-roundabout: d_max_clip=1.1453 -> m_abs_max=1.0000 mean=0.2165 clipped=0.2707% frac(m>0.5)=0.152
[ok] lpips_unblended/edit3/0005_breakdance: d_max_clip=1.0671 -> m_abs_max=1.0000 mean=0.1870 clipped=0.0336% frac(m>0.5)=0.134
[ok] lpips_unblended/edit3/0006_paragliding: d_max_clip=1.2391 -> m_abs_max=1.0000 mean=0.1611 clipped=0.6802% frac(m>0.5)=0.097
[ok] lpips_unblended/edit3/0007_guitar-violin: d_max_clip=1.1442 -> m_abs_max=1.0000 mean=0.2699 clipped=0.0588% frac(m>0.5)=0.232
[ok] lpips_unblended/edit3/0008_snowboard-race: d_max_clip=1.1065 -> m_abs_max=1.0000 mean=0.2392 clipped=0.0997% frac(m>0.5)=0.174
[ok] lpips_unblended/edit3/0009_bear: d_max_clip=1.0494 -> m_abs_max=1.0000 mean=0.1960 clipped=0.0214% frac(m>0.5)=0.152
[ok] lpips_unblended/edit3/0010_giant-slalom: d_max_clip=1.1161 -> m_abs_max=1.0000 mean=0.0757 clipped=0.0833% frac(m>0.5)=0.048
[ok] lpips_unblended/edit3/0011_lucia: d_max_clip=1.1545 -> m_abs_max=1.0000 mean=0.1595 clipped=0.1994% frac(m>0.5)=0.066
[ok] lpips_unblended/edit3/0012_goat: d_max_clip=1.2043 -> m_abs_max=1.0000 mean=0.2712 clipped=0.2869% frac(m>0.5)=0.177
[ok] lpips_unblended/edit3/0013_golf: d_max_clip=1.0515 -> m_abs_max=1.0000 mean=0.1159 clipped=0.0214% frac(m>0.5)=0.023
[ok] lpips_unblended/edit3/0014_burnout: d_max_clip=1.3334 -> m_abs_max=1.0000 mean=0.3279 clipped=1.8519% frac(m>0.5)=0.279
[ok] lpips_unblended/edit3/0015_car-shadow: d_max_clip=0.9728 -> m_abs_max=0.9728 mean=0.1533 clipped=0.0000% frac(m>0.5)=0.104
[ok] lpips_unblended/edit3/0016_horsejump-high: d_max_clip=1.1196 -> m_abs_max=1.0000 mean=0.1996 clipped=0.2137% frac(m>0.5)=0.151
[ok] lpips_unblended/edit3/0017_kid-football: d_max_clip=1.2939 -> m_abs_max=1.0000 mean=0.2538 clipped=1.2650% frac(m>0.5)=0.218
[ok] lpips_unblended/edit3/0018_breakdance-flare: d_max_clip=1.1454 -> m_abs_max=1.0000 mean=0.1916 clipped=0.1959% frac(m>0.5)=0.130
[ok] lpips_unblended/edit3/0019_tennis-vest: d_max_clip=1.1448 -> m_abs_max=1.0000 mean=0.1410 clipped=0.0321% frac(m>0.5)=0.089
[ok] lpips_unblended/edit3/0020_monkeys: d_max_clip=1.2200 -> m_abs_max=1.0000 mean=0.3038 clipped=0.2778% frac(m>0.5)=0.261
[ok] lpips_unblended/edit3/0021_landing: d_max_clip=1.1389 -> m_abs_max=1.0000 mean=0.2626 clipped=0.6838% frac(m>0.5)=0.229
[ok] lpips_unblended/edit3/0022_skate-jump: d_max_clip=1.2098 -> m_abs_max=1.0000 mean=0.0987 clipped=0.2906% frac(m>0.5)=0.058
[ok] lpips_unblended/edit3/0023_kayak-race: d_max_clip=1.0992 -> m_abs_max=1.0000 mean=0.2683 clipped=0.0256% frac(m>0.5)=0.216
[ok] lpips_unblended/edit3/0024_hockey: d_max_clip=1.1987 -> m_abs_max=1.0000 mean=0.1323 clipped=0.1531% frac(m>0.5)=0.096
[ok] lpips_unblended/edit3/0025_baseball: d_max_clip=1.2617 -> m_abs_max=1.0000 mean=0.3555 clipped=1.5354% frac(m>0.5)=0.332
[ok] lpips_unblended/edit3/0026_table-tennis: d_max_clip=1.2180 -> m_abs_max=1.0000 mean=0.3032 clipped=0.4060% frac(m>0.5)=0.229
[ok] lpips_unblended/edit3/0027_dance-jump: d_max_clip=1.1324 -> m_abs_max=1.0000 mean=0.4839 clipped=0.1838% frac(m>0.5)=0.501
[ok] lpips_unblended/edit3/0028_kite-walk: d_max_clip=1.1576 -> m_abs_max=1.0000 mean=0.0724 clipped=0.0427% frac(m>0.5)=0.018
[ok] lpips_unblended/edit3/0029_horsejump-stick: d_max_clip=1.1134 -> m_abs_max=1.0000 mean=0.3192 clipped=0.0812% frac(m>0.5)=0.207
[ok] lpips_unblended/edit3/0030_rallye: d_max_clip=1.3559 -> m_abs_max=1.0000 mean=0.2543 clipped=2.1902% frac(m>0.5)=0.217
[ok] lpips_unblended/edit3/0031_soccerball: d_max_clip=1.1609 -> m_abs_max=1.0000 mean=0.2159 clipped=0.5182% frac(m>0.5)=0.130
[ok] lpips_unblended/edit3/0032_mermaid: d_max_clip=1.5102 -> m_abs_max=1.0000 mean=0.4186 clipped=3.5648% frac(m>0.5)=0.418
[ok] lpips_unblended/edit3/0033_horsejump-low: d_max_clip=1.1593 -> m_abs_max=1.0000 mean=0.2652 clipped=0.0214% frac(m>0.5)=0.141
[ok] lpips_unblended/edit3/0034_cows: d_max_clip=1.0165 -> m_abs_max=1.0000 mean=0.2193 clipped=0.0053% frac(m>0.5)=0.156
[ok] lpips_unblended/edit3/0035_helicopter: d_max_clip=1.2868 -> m_abs_max=1.0000 mean=0.2149 clipped=1.5011% frac(m>0.5)=0.174
[ok] lpips_unblended/edit3/0036_camel: d_max_clip=1.1505 -> m_abs_max=1.0000 mean=0.2929 clipped=0.1923% frac(m>0.5)=0.259
[ok] lpips_unblended/edit3/0037_snowboard-sand: d_max_clip=1.2856 -> m_abs_max=1.0000 mean=0.1445 clipped=0.6784% frac(m>0.5)=0.114
[ok] lpips_unblended/edit3/0038_motorbike: d_max_clip=0.9257 -> m_abs_max=0.9257 mean=0.1830 clipped=0.0000% frac(m>0.5)=0.100
[ok] lpips_unblended/edit3/0039_chamaleon: d_max_clip=1.3349 -> m_abs_max=1.0000 mean=0.2518 clipped=2.0696% frac(m>0.5)=0.217
[ok] lpips_unblended/edit3/0040_tennis: d_max_clip=1.2281 -> m_abs_max=1.0000 mean=0.2454 clipped=0.7550% frac(m>0.5)=0.192
[ok] lpips_unblended/edit3/0041_longboard: d_max_clip=1.1919 -> m_abs_max=1.0000 mean=0.2251 clipped=0.2831% frac(m>0.5)=0.137
[ok] lpips_unblended/edit3/0042_gym-ball: d_max_clip=1.2972 -> m_abs_max=1.0000 mean=0.1935 clipped=1.8269% frac(m>0.5)=0.199
[ok] lpips_unblended/edit3/0043_parkour: d_max_clip=1.1244 -> m_abs_max=1.0000 mean=0.1892 clipped=0.0881% frac(m>0.5)=0.125
[ok] lpips_unblended/edit3/0044_snowboard: d_max_clip=1.0919 -> m_abs_max=1.0000 mean=0.3523 clipped=0.0855% frac(m>0.5)=0.278
[ok] lpips_unblended/edit3/0045_butterfly: d_max_clip=1.1083 -> m_abs_max=1.0000 mean=0.1364 clipped=0.3917% frac(m>0.5)=0.117
[ok] lpips_unblended/edit3/0046_blackswan: d_max_clip=1.2361 -> m_abs_max=1.0000 mean=0.2752 clipped=0.4167% frac(m>0.5)=0.238
[ok] lpips_unblended/edit3/0047_judo: d_max_clip=1.2738 -> m_abs_max=1.0000 mean=0.2702 clipped=1.3889% frac(m>0.5)=0.253
[ok] lpips_unblended/edit3/0048_hike: d_max_clip=1.0323 -> m_abs_max=1.0000 mean=0.1349 clipped=0.0036% frac(m>0.5)=0.061
[ok] lpips_unblended/edit3/0049_speed-skating: d_max_clip=1.2187 -> m_abs_max=1.0000 mean=0.3380 clipped=1.8651% frac(m>0.5)=0.340
[ok] lpips_unblended/edit3/0050_slackline: d_max_clip=1.1588 -> m_abs_max=1.0000 mean=0.2059 clipped=0.0769% frac(m>0.5)=0.153
[ok] lpips_unblended/edit3/0051_dogs-jump: d_max_clip=0.9958 -> m_abs_max=0.9958 mean=0.1758 clipped=0.0000% frac(m>0.5)=0.144
[ok] lpips_unblended/edit3/0052_mallard-fly: d_max_clip=1.1725 -> m_abs_max=1.0000 mean=0.1949 clipped=0.3027% frac(m>0.5)=0.100
[ok] lpips_unblended/edit3/0053_swing: d_max_clip=1.1299 -> m_abs_max=1.0000 mean=0.2185 clipped=0.0256% frac(m>0.5)=0.135
[ok] lpips_unblended/edit3/0054_train: d_max_clip=1.1228 -> m_abs_max=1.0000 mean=0.2765 clipped=0.6090% frac(m>0.5)=0.253
[ok] lpips_unblended/edit3/0055_pigs: d_max_clip=1.1528 -> m_abs_max=1.0000 mean=0.3077 clipped=0.1887% frac(m>0.5)=0.280
[ok] lpips_unblended/edit3/0056_kart-turn: d_max_clip=1.1548 -> m_abs_max=1.0000 mean=0.3788 clipped=0.7387% frac(m>0.5)=0.384
[ok] lpips_unblended/edit3/0057_dog: d_max_clip=1.1219 -> m_abs_max=1.0000 mean=0.3133 clipped=0.1325% frac(m>0.5)=0.245
[ok] lpips_unblended/edit3/0058_boat: d_max_clip=0.9555 -> m_abs_max=0.9555 mean=0.1427 clipped=0.0000% frac(m>0.5)=0.099
[ok] lpips_unblended/edit3/0059_drift-straight: d_max_clip=1.2642 -> m_abs_max=1.0000 mean=0.4175 clipped=2.8686% frac(m>0.5)=0.420
[ok] lpips_unblended/edit3/0060_motocross-bumps: d_max_clip=1.3610 -> m_abs_max=1.0000 mean=0.3113 clipped=0.7350% frac(m>0.5)=0.274
[ok] lpips_unblended/edit3/0061_mbike-santa: d_max_clip=1.1174 -> m_abs_max=1.0000 mean=0.5611 clipped=0.2521% frac(m>0.5)=0.675
[ok] lpips_unblended/edit3/0062_elephant: d_max_clip=1.2217 -> m_abs_max=1.0000 mean=0.2388 clipped=0.4915% frac(m>0.5)=0.223
[ok] lpips_unblended/edit3/0063_drift-turn: d_max_clip=1.1606 -> m_abs_max=1.0000 mean=0.4681 clipped=0.3590% frac(m>0.5)=0.519
[ok] lpips_unblended/edit3/0064_rollerblade: d_max_clip=0.9574 -> m_abs_max=0.9574 mean=0.0967 clipped=0.0000% frac(m>0.5)=0.052
[ok] lpips_unblended/edit3/0065_twist-dance: d_max_clip=1.2052 -> m_abs_max=1.0000 mean=0.2474 clipped=0.1832% frac(m>0.5)=0.175
[ok] lpips_unblended/edit3/0066_deer: d_max_clip=1.0889 -> m_abs_max=1.0000 mean=0.3239 clipped=0.2244% frac(m>0.5)=0.334
[ok] lpips_unblended/edit3/0067_mbike-trick: d_max_clip=1.3986 -> m_abs_max=1.0000 mean=0.1660 clipped=2.7564% frac(m>0.5)=0.144
[ok] lpips_unblended/edit3/0068_planes-water: d_max_clip=0.6648 -> m_abs_max=0.6648 mean=0.0510 clipped=0.0000% frac(m>0.5)=0.005
[ok] lpips_unblended/edit3/0069_car-turn: d_max_clip=1.1847 -> m_abs_max=1.0000 mean=0.2172 clipped=0.1923% frac(m>0.5)=0.174
[ok] lpips_unblended/edit3/0070_dance-twirl: d_max_clip=1.2545 -> m_abs_max=1.0000 mean=0.1898 clipped=0.6319% frac(m>0.5)=0.116
[ok] lpips_unblended/edit3/0071_mallard-water: d_max_clip=0.9181 -> m_abs_max=0.9181 mean=0.1798 clipped=0.0000% frac(m>0.5)=0.091
[ok] lpips_unblended/edit3/0072_dog-agility: d_max_clip=1.3285 -> m_abs_max=1.0000 mean=0.2552 clipped=2.0406% frac(m>0.5)=0.214
[ok] lpips_unblended/edit3/0073_bmx-rider: d_max_clip=1.2976 -> m_abs_max=1.0000 mean=0.2219 clipped=1.3370% frac(m>0.5)=0.171
[ok] lpips_unblended/edit3/0074_rhino: d_max_clip=1.1032 -> m_abs_max=1.0000 mean=0.1707 clipped=0.0305% frac(m>0.5)=0.124
[ok] lpips_unblended/edit3/0075_A_bicycle: d_max_clip=1.0038 -> m_abs_max=1.0000 mean=0.1559 clipped=0.0031% frac(m>0.5)=0.097
[ok] lpips_unblended/edit3/0076_A_rabbit: d_max_clip=1.3554 -> m_abs_max=1.0000 mean=0.3174 clipped=1.6300% frac(m>0.5)=0.307
[ok] lpips_unblended/edit3/0077_A_hawk: d_max_clip=1.2902 -> m_abs_max=1.0000 mean=0.1670 clipped=1.0562% frac(m>0.5)=0.132
[ok] lpips_unblended/edit3/0078_A_cat: d_max_clip=1.2008 -> m_abs_max=1.0000 mean=0.1953 clipped=0.2839% frac(m>0.5)=0.203
[ok] lpips_unblended/edit3/0079_A_bus: d_max_clip=1.2705 -> m_abs_max=1.0000 mean=0.4343 clipped=1.3736% frac(m>0.5)=0.424
[ok] lpips_unblended/edit3/0080_A_motorcycle: d_max_clip=1.1462 -> m_abs_max=1.0000 mean=0.4480 clipped=0.6319% frac(m>0.5)=0.419
[ok] lpips_unblended/edit3/0081_A_horse: d_max_clip=1.0148 -> m_abs_max=1.0000 mean=0.1430 clipped=0.0061% frac(m>0.5)=0.104
[ok] lpips_unblended/edit3/0082_A_tram: d_max_clip=1.1434 -> m_abs_max=1.0000 mean=0.2475 clipped=0.1313% frac(m>0.5)=0.251
[ok] lpips_unblended/edit3/0083_A_boat: d_max_clip=1.2966 -> m_abs_max=1.0000 mean=0.2087 clipped=0.3694% frac(m>0.5)=0.158
[ok] lpips_unblended/edit3/0084_A_squirrel: d_max_clip=1.2549 -> m_abs_max=1.0000 mean=0.3979 clipped=2.8724% frac(m>0.5)=0.388
[ok] lpips_unblended/edit3/0085_A_tram: d_max_clip=1.1609 -> m_abs_max=1.0000 mean=0.3102 clipped=0.5617% frac(m>0.5)=0.316
[ok] lpips_unblended/edit3/0086_A_red_sports_car: d_max_clip=1.2408 -> m_abs_max=1.0000 mean=0.3104 clipped=0.7387% frac(m>0.5)=0.277
[ok] lpips_unblended/edit3/0087_A_seagull: d_max_clip=1.1158 -> m_abs_max=1.0000 mean=0.1236 clipped=0.1526% frac(m>0.5)=0.103
[ok] lpips_unblended/edit3/0088_A_cyclist: d_max_clip=1.2321 -> m_abs_max=1.0000 mean=0.3276 clipped=0.9219% frac(m>0.5)=0.294
[ok] lpips_unblended/edit3/0089_A_dog: d_max_clip=1.2841 -> m_abs_max=1.0000 mean=0.2715 clipped=1.4988% frac(m>0.5)=0.279
[ok] lpips_unblended/edit3/0090_A_deer: d_max_clip=1.3744 -> m_abs_max=1.0000 mean=0.1742 clipped=0.4304% frac(m>0.5)=0.147
[ok] lpips_unblended/edit3/0091_A_hawk: d_max_clip=1.2375 -> m_abs_max=1.0000 mean=0.1111 clipped=0.2595% frac(m>0.5)=0.066
[ok] lpips_unblended/edit3/0092_A_fox: d_max_clip=1.1800 -> m_abs_max=1.0000 mean=0.1855 clipped=0.2808% frac(m>0.5)=0.152
[ok] lpips_unblended/edit3/0093_A_helicopter: d_max_clip=1.1432 -> m_abs_max=1.0000 mean=0.4910 clipped=0.2320% frac(m>0.5)=0.484
[ok] lpips_unblended/edit3/0094_A_swan: d_max_clip=1.0630 -> m_abs_max=1.0000 mean=0.1048 clipped=0.0092% frac(m>0.5)=0.085
[ok] lpips_unblended/edit3/0095_A_crow: d_max_clip=1.2413 -> m_abs_max=1.0000 mean=0.1462 clipped=0.1221% frac(m>0.5)=0.067
[ok] lpips_unblended/edit3/0096_A_car: d_max_clip=1.2809 -> m_abs_max=1.0000 mean=0.3698 clipped=1.1508% frac(m>0.5)=0.390
[ok] lpips_unblended/edit3/0097_A_bird: d_max_clip=1.1019 -> m_abs_max=1.0000 mean=0.1076 clipped=0.0488% frac(m>0.5)=0.058
[ok] lpips_unblended/edit3/0098_A_squirrel: d_max_clip=1.0886 -> m_abs_max=1.0000 mean=0.0970 clipped=0.0275% frac(m>0.5)=0.054
[ok] lpips_unblended/edit3/0099_A_jogger: d_max_clip=0.9347 -> m_abs_max=0.9347 mean=0.1136 clipped=0.0000% frac(m>0.5)=0.059
[ok] lpips_unblended/edit3/0100_A_deer: d_max_clip=0.9763 -> m_abs_max=0.9763 mean=0.1518 clipped=0.0000% frac(m>0.5)=0.102
[ok] lpips_unblended/edit4/0001_bus: d_max_clip=1.1032 -> m_abs_max=1.0000 mean=0.2622 clipped=0.0463% frac(m>0.5)=0.230
[ok] lpips_unblended/edit4/0002_girl-dog: d_max_clip=1.0409 -> m_abs_max=1.0000 mean=0.2760 clipped=0.0092% frac(m>0.5)=0.231
[ok] lpips_unblended/edit4/0003_ocean-birds: d_max_clip=0.9455 -> m_abs_max=0.9455 mean=0.2538 clipped=0.0000% frac(m>0.5)=0.197
[ok] lpips_unblended/edit4/0004_car-roundabout: d_max_clip=0.8816 -> m_abs_max=0.8816 mean=0.1466 clipped=0.0000% frac(m>0.5)=0.062
[ok] lpips_unblended/edit4/0005_breakdance: d_max_clip=1.3743 -> m_abs_max=1.0000 mean=0.2294 clipped=0.2198% frac(m>0.5)=0.188
[ok] lpips_unblended/edit4/0006_paragliding: d_max_clip=1.2206 -> m_abs_max=1.0000 mean=0.1318 clipped=0.3846% frac(m>0.5)=0.062
[ok] lpips_unblended/edit4/0007_guitar-violin: d_max_clip=1.2289 -> m_abs_max=1.0000 mean=0.4018 clipped=0.9241% frac(m>0.5)=0.463
[ok] lpips_unblended/edit4/0008_snowboard-race: d_max_clip=1.1172 -> m_abs_max=1.0000 mean=0.4039 clipped=0.1923% frac(m>0.5)=0.424
[ok] lpips_unblended/edit4/0009_bear: d_max_clip=0.9755 -> m_abs_max=0.9755 mean=0.1765 clipped=0.0000% frac(m>0.5)=0.115
[ok] lpips_unblended/edit4/0010_giant-slalom: d_max_clip=1.2276 -> m_abs_max=1.0000 mean=0.0945 clipped=0.1303% frac(m>0.5)=0.059
[ok] lpips_unblended/edit4/0011_lucia: d_max_clip=1.2463 -> m_abs_max=1.0000 mean=0.1921 clipped=0.3989% frac(m>0.5)=0.103
[ok] lpips_unblended/edit4/0012_goat: d_max_clip=1.1453 -> m_abs_max=1.0000 mean=0.2465 clipped=0.1587% frac(m>0.5)=0.142
[ok] lpips_unblended/edit4/0013_golf: d_max_clip=1.1153 -> m_abs_max=1.0000 mean=0.2221 clipped=0.0427% frac(m>0.5)=0.135
[ok] lpips_unblended/edit4/0014_burnout: d_max_clip=1.3472 -> m_abs_max=1.0000 mean=0.3364 clipped=2.3255% frac(m>0.5)=0.287
[ok] lpips_unblended/edit4/0015_car-shadow: d_max_clip=0.9926 -> m_abs_max=0.9926 mean=0.2643 clipped=0.0000% frac(m>0.5)=0.269
[ok] lpips_unblended/edit4/0016_horsejump-high: d_max_clip=1.1865 -> m_abs_max=1.0000 mean=0.2308 clipped=0.2137% frac(m>0.5)=0.185
[ok] lpips_unblended/edit4/0017_kid-football: d_max_clip=1.3549 -> m_abs_max=1.0000 mean=0.3576 clipped=2.0598% frac(m>0.5)=0.365
[ok] lpips_unblended/edit4/0018_breakdance-flare: d_max_clip=1.1000 -> m_abs_max=1.0000 mean=0.2020 clipped=0.0819% frac(m>0.5)=0.144
[ok] lpips_unblended/edit4/0019_tennis-vest: d_max_clip=1.0216 -> m_abs_max=1.0000 mean=0.1402 clipped=0.0071% frac(m>0.5)=0.082
[ok] lpips_unblended/edit4/0020_monkeys: d_max_clip=1.2624 -> m_abs_max=1.0000 mean=0.3272 clipped=0.2961% frac(m>0.5)=0.312
[ok] lpips_unblended/edit4/0021_landing: d_max_clip=1.2867 -> m_abs_max=1.0000 mean=0.3361 clipped=3.0271% frac(m>0.5)=0.315
[ok] lpips_unblended/edit4/0022_skate-jump: d_max_clip=1.1980 -> m_abs_max=1.0000 mean=0.2933 clipped=0.5684% frac(m>0.5)=0.233
[ok] lpips_unblended/edit4/0023_kayak-race: d_max_clip=1.1117 -> m_abs_max=1.0000 mean=0.2834 clipped=0.0342% frac(m>0.5)=0.242
[ok] lpips_unblended/edit4/0024_hockey: d_max_clip=0.9958 -> m_abs_max=0.9958 mean=0.1437 clipped=0.0000% frac(m>0.5)=0.095
[ok] lpips_unblended/edit4/0025_baseball: d_max_clip=1.2951 -> m_abs_max=1.0000 mean=0.3485 clipped=1.3614% frac(m>0.5)=0.313
[ok] lpips_unblended/edit4/0026_table-tennis: d_max_clip=1.1509 -> m_abs_max=1.0000 mean=0.1933 clipped=0.2778% frac(m>0.5)=0.168
[ok] lpips_unblended/edit4/0027_dance-jump: d_max_clip=1.1450 -> m_abs_max=1.0000 mean=0.3267 clipped=0.1453% frac(m>0.5)=0.264
[ok] lpips_unblended/edit4/0028_kite-walk: d_max_clip=1.1613 -> m_abs_max=1.0000 mean=0.1316 clipped=0.2315% frac(m>0.5)=0.095
[ok] lpips_unblended/edit4/0029_horsejump-stick: d_max_clip=1.1012 -> m_abs_max=1.0000 mean=0.3357 clipped=0.0983% frac(m>0.5)=0.229
[ok] lpips_unblended/edit4/0030_rallye: d_max_clip=1.3533 -> m_abs_max=1.0000 mean=0.2508 clipped=3.1410% frac(m>0.5)=0.238
[ok] lpips_unblended/edit4/0031_soccerball: d_max_clip=1.2544 -> m_abs_max=1.0000 mean=0.2827 clipped=3.1784% frac(m>0.5)=0.250
[ok] lpips_unblended/edit4/0032_mermaid: d_max_clip=1.3447 -> m_abs_max=1.0000 mean=0.4563 clipped=4.1311% frac(m>0.5)=0.466
[ok] lpips_unblended/edit4/0033_horsejump-low: d_max_clip=1.0934 -> m_abs_max=1.0000 mean=0.2929 clipped=0.0470% frac(m>0.5)=0.179
[ok] lpips_unblended/edit4/0034_cows: d_max_clip=1.1019 -> m_abs_max=1.0000 mean=0.1538 clipped=0.0080% frac(m>0.5)=0.056
[ok] lpips_unblended/edit4/0035_helicopter: d_max_clip=1.2857 -> m_abs_max=1.0000 mean=0.2699 clipped=1.4904% frac(m>0.5)=0.247
[ok] lpips_unblended/edit4/0036_camel: d_max_clip=1.1931 -> m_abs_max=1.0000 mean=0.2923 clipped=0.3602% frac(m>0.5)=0.262
[ok] lpips_unblended/edit4/0037_snowboard-sand: d_max_clip=1.1932 -> m_abs_max=1.0000 mean=0.2060 clipped=0.3846% frac(m>0.5)=0.185
[ok] lpips_unblended/edit4/0038_motorbike: d_max_clip=1.0322 -> m_abs_max=1.0000 mean=0.1820 clipped=0.0071% frac(m>0.5)=0.101
[ok] lpips_unblended/edit4/0039_chamaleon: d_max_clip=1.1008 -> m_abs_max=1.0000 mean=0.2233 clipped=0.0885% frac(m>0.5)=0.194
[ok] lpips_unblended/edit4/0040_tennis: d_max_clip=1.1859 -> m_abs_max=1.0000 mean=0.2315 clipped=0.0819% frac(m>0.5)=0.177
[ok] lpips_unblended/edit4/0041_longboard: d_max_clip=1.2326 -> m_abs_max=1.0000 mean=0.3318 clipped=1.6026% frac(m>0.5)=0.278
[ok] lpips_unblended/edit4/0042_gym-ball: d_max_clip=1.1835 -> m_abs_max=1.0000 mean=0.1883 clipped=0.1852% frac(m>0.5)=0.203
[ok] lpips_unblended/edit4/0043_parkour: d_max_clip=1.1105 -> m_abs_max=1.0000 mean=0.2191 clipped=0.0988% frac(m>0.5)=0.160
[ok] lpips_unblended/edit4/0044_snowboard: d_max_clip=1.1653 -> m_abs_max=1.0000 mean=0.3661 clipped=0.0299% frac(m>0.5)=0.310
[ok] lpips_unblended/edit4/0045_butterfly: d_max_clip=1.1738 -> m_abs_max=1.0000 mean=0.1674 clipped=0.4843% frac(m>0.5)=0.161
[ok] lpips_unblended/edit4/0046_blackswan: d_max_clip=0.8785 -> m_abs_max=0.8785 mean=0.1645 clipped=0.0000% frac(m>0.5)=0.054
[ok] lpips_unblended/edit4/0047_judo: d_max_clip=1.1751 -> m_abs_max=1.0000 mean=0.2120 clipped=0.0997% frac(m>0.5)=0.192
[ok] lpips_unblended/edit4/0048_hike: d_max_clip=0.7915 -> m_abs_max=0.7915 mean=0.1300 clipped=0.0000% frac(m>0.5)=0.049
[ok] lpips_unblended/edit4/0049_speed-skating: d_max_clip=1.4494 -> m_abs_max=1.0000 mean=0.3470 clipped=4.4109% frac(m>0.5)=0.349
[ok] lpips_unblended/edit4/0050_slackline: d_max_clip=1.0373 -> m_abs_max=1.0000 mean=0.1873 clipped=0.0299% frac(m>0.5)=0.128
[ok] lpips_unblended/edit4/0051_dogs-jump: d_max_clip=1.1686 -> m_abs_max=1.0000 mean=0.1924 clipped=0.3675% frac(m>0.5)=0.172
[ok] lpips_unblended/edit4/0052_mallard-fly: d_max_clip=1.1532 -> m_abs_max=1.0000 mean=0.1863 clipped=0.1140% frac(m>0.5)=0.084
[ok] lpips_unblended/edit4/0053_swing: d_max_clip=1.1690 -> m_abs_max=1.0000 mean=0.2705 clipped=0.2179% frac(m>0.5)=0.203
[ok] lpips_unblended/edit4/0054_train: d_max_clip=1.1129 -> m_abs_max=1.0000 mean=0.2463 clipped=0.2208% frac(m>0.5)=0.231
[ok] lpips_unblended/edit4/0055_pigs: d_max_clip=1.0304 -> m_abs_max=1.0000 mean=0.2618 clipped=0.0356% frac(m>0.5)=0.226
[ok] lpips_unblended/edit4/0056_kart-turn: d_max_clip=1.1344 -> m_abs_max=1.0000 mean=0.2684 clipped=0.2198% frac(m>0.5)=0.279
[ok] lpips_unblended/edit4/0057_dog: d_max_clip=1.2049 -> m_abs_max=1.0000 mean=0.3802 clipped=0.9701% frac(m>0.5)=0.335
[ok] lpips_unblended/edit4/0058_boat: d_max_clip=0.9410 -> m_abs_max=0.9410 mean=0.1286 clipped=0.0000% frac(m>0.5)=0.080
[ok] lpips_unblended/edit4/0059_drift-straight: d_max_clip=1.3564 -> m_abs_max=1.0000 mean=0.6659 clipped=1.8162% frac(m>0.5)=0.831
[ok] lpips_unblended/edit4/0060_motocross-bumps: d_max_clip=1.1269 -> m_abs_max=1.0000 mean=0.3399 clipped=0.1282% frac(m>0.5)=0.313
[ok] lpips_unblended/edit4/0061_mbike-santa: d_max_clip=1.1668 -> m_abs_max=1.0000 mean=0.6111 clipped=0.8675% frac(m>0.5)=0.753
[ok] lpips_unblended/edit4/0062_elephant: d_max_clip=1.2358 -> m_abs_max=1.0000 mean=0.2911 clipped=0.4523% frac(m>0.5)=0.299
[ok] lpips_unblended/edit4/0063_drift-turn: d_max_clip=1.1962 -> m_abs_max=1.0000 mean=0.5982 clipped=0.5043% frac(m>0.5)=0.744
[ok] lpips_unblended/edit4/0064_rollerblade: d_max_clip=0.9223 -> m_abs_max=0.9223 mean=0.1676 clipped=0.0000% frac(m>0.5)=0.108
[ok] lpips_unblended/edit4/0065_twist-dance: d_max_clip=1.0539 -> m_abs_max=1.0000 mean=0.1455 clipped=0.0061% frac(m>0.5)=0.130
[ok] lpips_unblended/edit4/0066_deer: d_max_clip=1.3424 -> m_abs_max=1.0000 mean=0.4874 clipped=3.4259% frac(m>0.5)=0.527
[ok] lpips_unblended/edit4/0067_mbike-trick: d_max_clip=1.2495 -> m_abs_max=1.0000 mean=0.1770 clipped=0.5199% frac(m>0.5)=0.164
[ok] lpips_unblended/edit4/0068_planes-water: d_max_clip=1.0062 -> m_abs_max=1.0000 mean=0.1623 clipped=0.0071% frac(m>0.5)=0.084
[ok] lpips_unblended/edit4/0069_car-turn: d_max_clip=1.2208 -> m_abs_max=1.0000 mean=0.2622 clipped=0.1781% frac(m>0.5)=0.238
[ok] lpips_unblended/edit4/0070_dance-twirl: d_max_clip=1.0503 -> m_abs_max=1.0000 mean=0.2429 clipped=0.0305% frac(m>0.5)=0.184
[ok] lpips_unblended/edit4/0071_mallard-water: d_max_clip=0.9714 -> m_abs_max=0.9714 mean=0.1840 clipped=0.0000% frac(m>0.5)=0.083
[ok] lpips_unblended/edit4/0072_dog-agility: d_max_clip=1.1635 -> m_abs_max=1.0000 mean=0.2276 clipped=0.6197% frac(m>0.5)=0.184
[ok] lpips_unblended/edit4/0073_bmx-rider: d_max_clip=1.1951 -> m_abs_max=1.0000 mean=0.1992 clipped=0.1374% frac(m>0.5)=0.145
[ok] lpips_unblended/edit4/0074_rhino: d_max_clip=0.9154 -> m_abs_max=0.9154 mean=0.1475 clipped=0.0000% frac(m>0.5)=0.063
[ok] lpips_unblended/edit4/0075_A_bicycle: d_max_clip=1.0344 -> m_abs_max=1.0000 mean=0.1746 clipped=0.0031% frac(m>0.5)=0.112
[ok] lpips_unblended/edit4/0076_A_rabbit: d_max_clip=1.2619 -> m_abs_max=1.0000 mean=0.2950 clipped=2.0665% frac(m>0.5)=0.281
[ok] lpips_unblended/edit4/0077_A_hawk: d_max_clip=1.3153 -> m_abs_max=1.0000 mean=0.3030 clipped=1.0134% frac(m>0.5)=0.290
[ok] lpips_unblended/edit4/0078_A_cat: d_max_clip=1.0824 -> m_abs_max=1.0000 mean=0.1712 clipped=0.0397% frac(m>0.5)=0.156
[ok] lpips_unblended/edit4/0079_A_bus: d_max_clip=1.3994 -> m_abs_max=1.0000 mean=0.4515 clipped=2.6160% frac(m>0.5)=0.451
[ok] lpips_unblended/edit4/0080_A_motorcycle: d_max_clip=1.1808 -> m_abs_max=1.0000 mean=0.4003 clipped=0.6868% frac(m>0.5)=0.350
[ok] lpips_unblended/edit4/0081_A_horse: d_max_clip=1.1688 -> m_abs_max=1.0000 mean=0.1755 clipped=0.0672% frac(m>0.5)=0.135
[ok] lpips_unblended/edit4/0082_A_tram: d_max_clip=1.2261 -> m_abs_max=1.0000 mean=0.3282 clipped=0.5983% frac(m>0.5)=0.357
[ok] lpips_unblended/edit4/0083_A_boat: d_max_clip=1.0804 -> m_abs_max=1.0000 mean=0.2005 clipped=0.0244% frac(m>0.5)=0.162
[ok] lpips_unblended/edit4/0084_A_squirrel: d_max_clip=1.1686 -> m_abs_max=1.0000 mean=0.3716 clipped=0.8822% frac(m>0.5)=0.362
[ok] lpips_unblended/edit4/0085_A_tram: d_max_clip=1.2194 -> m_abs_max=1.0000 mean=0.3569 clipped=1.2821% frac(m>0.5)=0.363
[ok] lpips_unblended/edit4/0086_A_red_sports_car: d_max_clip=1.4297 -> m_abs_max=1.0000 mean=0.2692 clipped=1.0867% frac(m>0.5)=0.247
[ok] lpips_unblended/edit4/0087_A_seagull: d_max_clip=1.1749 -> m_abs_max=1.0000 mean=0.1600 clipped=0.6441% frac(m>0.5)=0.134
[ok] lpips_unblended/edit4/0088_A_cyclist: d_max_clip=1.2174 -> m_abs_max=1.0000 mean=0.3676 clipped=0.6319% frac(m>0.5)=0.367
[ok] lpips_unblended/edit4/0089_A_dog: d_max_clip=1.4484 -> m_abs_max=1.0000 mean=0.3358 clipped=3.7179% frac(m>0.5)=0.374
[ok] lpips_unblended/edit4/0090_A_deer: d_max_clip=1.0986 -> m_abs_max=1.0000 mean=0.1381 clipped=0.0427% frac(m>0.5)=0.098
[ok] lpips_unblended/edit4/0091_A_hawk: d_max_clip=1.2234 -> m_abs_max=1.0000 mean=0.1885 clipped=1.3065% frac(m>0.5)=0.157
[ok] lpips_unblended/edit4/0092_A_fox: d_max_clip=1.0942 -> m_abs_max=1.0000 mean=0.1477 clipped=0.0214% frac(m>0.5)=0.094
[ok] lpips_unblended/edit4/0093_A_helicopter: d_max_clip=1.1870 -> m_abs_max=1.0000 mean=0.2660 clipped=0.1862% frac(m>0.5)=0.244
[ok] lpips_unblended/edit4/0094_A_swan: d_max_clip=1.1004 -> m_abs_max=1.0000 mean=0.0522 clipped=0.0092% frac(m>0.5)=0.018
[ok] lpips_unblended/edit4/0095_A_crow: d_max_clip=1.3113 -> m_abs_max=1.0000 mean=0.3048 clipped=1.1813% frac(m>0.5)=0.314
[ok] lpips_unblended/edit4/0096_A_car: d_max_clip=1.2340 -> m_abs_max=1.0000 mean=0.3913 clipped=1.8223% frac(m>0.5)=0.398
[ok] lpips_unblended/edit4/0097_A_bird: d_max_clip=1.2897 -> m_abs_max=1.0000 mean=0.0932 clipped=0.2473% frac(m>0.5)=0.069
[ok] lpips_unblended/edit4/0098_A_squirrel: d_max_clip=1.1329 -> m_abs_max=1.0000 mean=0.1341 clipped=0.0946% frac(m>0.5)=0.094
[ok] lpips_unblended/edit4/0099_A_jogger: d_max_clip=1.2667 -> m_abs_max=1.0000 mean=0.1481 clipped=0.0885% frac(m>0.5)=0.112
[ok] lpips_unblended/edit4/0100_A_deer: d_max_clip=1.0171 -> m_abs_max=1.0000 mean=0.1834 clipped=0.0092% frac(m>0.5)=0.141
[ok] lpips_unblended/edit5/0007_guitar-violin: d_max_clip=1.1792 -> m_abs_max=1.0000 mean=0.2305 clipped=0.0855% frac(m>0.5)=0.168
[ok] lpips_unblended/edit5/0009_bear: d_max_clip=0.9874 -> m_abs_max=0.9874 mean=0.1810 clipped=0.0000% frac(m>0.5)=0.122
[ok] lpips_unblended/edit5/0011_lucia: d_max_clip=1.3463 -> m_abs_max=1.0000 mean=0.1830 clipped=1.0719% frac(m>0.5)=0.083
[ok] lpips_unblended/edit5/0019_tennis-vest: d_max_clip=1.2140 -> m_abs_max=1.0000 mean=0.4183 clipped=0.9152% frac(m>0.5)=0.385
[ok] lpips_unblended/edit5/0034_cows: d_max_clip=1.1941 -> m_abs_max=1.0000 mean=0.4473 clipped=0.5208% frac(m>0.5)=0.398
[ok] lpips_unblended/edit5/0036_camel: d_max_clip=1.3512 -> m_abs_max=1.0000 mean=0.2412 clipped=1.2088% frac(m>0.5)=0.176
[ok] lpips_unblended/edit5/0057_dog: d_max_clip=1.1019 -> m_abs_max=1.0000 mean=0.5483 clipped=0.1923% frac(m>0.5)=0.628
[ok] lpips_unblended/edit5/0069_car-turn: d_max_clip=1.2431 -> m_abs_max=1.0000 mean=0.2754 clipped=2.0050% frac(m>0.5)=0.240
[ok] lpips_unblended/edit5/0089_A_dog: d_max_clip=1.2197 -> m_abs_max=1.0000 mean=0.2750 clipped=0.3144% frac(m>0.5)=0.231
[ok] lpips_unblended/edit6/0002_girl-dog: d_max_clip=1.1642 -> m_abs_max=1.0000 mean=0.1928 clipped=0.0702% frac(m>0.5)=0.111
[ok] lpips_unblended/edit6/0017_kid-football: d_max_clip=1.1599 -> m_abs_max=1.0000 mean=0.1672 clipped=0.0769% frac(m>0.5)=0.128
[ok] lpips_unblended/edit6/0025_baseball: d_max_clip=1.2956 -> m_abs_max=1.0000 mean=0.4905 clipped=3.8889% frac(m>0.5)=0.528
[ok] lpips_unblended/edit6/0041_longboard: d_max_clip=1.0816 -> m_abs_max=1.0000 mean=0.1945 clipped=0.0214% frac(m>0.5)=0.085
[ok] lpips_unblended/edit6/0042_gym-ball: d_max_clip=1.2509 -> m_abs_max=1.0000 mean=0.2403 clipped=0.2030% frac(m>0.5)=0.177
[ok] lpips_unblended/edit6/0048_hike: d_max_clip=0.8339 -> m_abs_max=0.8339 mean=0.1261 clipped=0.0000% frac(m>0.5)=0.042
[ok] lpips_unblended/edit6/0051_dogs-jump: d_max_clip=1.0570 -> m_abs_max=1.0000 mean=0.1296 clipped=0.0299% frac(m>0.5)=0.090
[ok] lpips_unblended/edit6/0055_pigs: d_max_clip=1.0370 -> m_abs_max=1.0000 mean=0.2306 clipped=0.0285% frac(m>0.5)=0.182
[ok] lpips_unblended/edit6/0078_A_cat: d_max_clip=1.0954 -> m_abs_max=1.0000 mean=0.1163 clipped=0.0549% frac(m>0.5)=0.097
[ok] lpips_unblended/edit6/0088_A_cyclist: d_max_clip=1.1157 -> m_abs_max=1.0000 mean=0.2894 clipped=0.2320% frac(m>0.5)=0.251

[r31_div_abs] done: 419/419 ok -> /home/ids/skhairi/Data/dataggen/outputs/five_bench/r35_div_abs
[r31_rho_map] div_root=/home/ids/skhairi/Data/dataggen/outputs/five_bench/r35_div_abs/lpips_unblended
[r31_rho_map] STAGE-3 schedule: step=15 flow_shift=1.0 (stage 1's 7 steps are irrelevant here)
[r31_rho_map] tau=[2.0, 50.0] => A_disc=[0.300415, 0.002131]
[ok] edit1/0001_bus: rho (18, 1560) range [2.016, 50.000] mean 3.497 -> /home/ids/skhairi/Data/dataggen/outputs/five_bench/r35_rho/lpips_unblended/edit1/0001_bus.npz
[ok] edit1/0002_girl-dog: rho (21, 1560) range [2.017, 50.000] mean 3.216 -> /home/ids/skhairi/Data/dataggen/outputs/five_bench/r35_rho/lpips_unblended/edit1/0002_girl-dog.npz
[ok] edit1/0003_ocean-birds: rho (9, 1560) range [2.012, 50.000] mean 4.137 -> /home/ids/skhairi/Data/dataggen/outputs/five_bench/r35_rho/lpips_unblended/edit1/0003_ocean-birds.npz
[ok] edit1/0004_car-roundabout: rho (18, 1560) range [2.009, 47.210] mean 2.997 -> /home/ids/skhairi/Data/dataggen/outputs/five_bench/r35_rho/lpips_unblended/edit1/0004_car-roundabout.npz
[ok] edit1/0005_breakdance: rho (21, 1560) range [2.003, 50.000] mean 3.446 -> /home/ids/skhairi/Data/dataggen/outputs/five_bench/r35_rho/lpips_unblended/edit1/0005_breakdance.npz
[ok] edit1/0006_paragliding: rho (18, 1560) range [2.015, 50.000] mean 3.112 -> /home/ids/skhairi/Data/dataggen/outputs/five_bench/r35_rho/lpips_unblended/edit1/0006_paragliding.npz
[ok] edit1/0007_guitar-violin: rho (12, 1560) range [2.012, 50.000] mean 6.674 -> /home/ids/skhairi/Data/dataggen/outputs/five_bench/r35_rho/lpips_unblended/edit1/0007_guitar-violin.npz
[ok] edit1/0008_snowboard-race: rho (18, 1560) range [2.003, 50.000] mean 5.643 -> /home/ids/skhairi/Data/dataggen/outputs/five_bench/r35_rho/lpips_unblended/edit1/0008_snowboard-race.npz
[ok] edit1/0009_bear: rho (21, 1560) range [2.020, 50.000] mean 5.141 -> /home/ids/skhairi/Data/dataggen/outputs/five_bench/r35_rho/lpips_unblended/edit1/0009_bear.npz
[ok] edit1/0010_giant-slalom: rho (30, 1560) range [2.001, 50.000] mean 3.092 -> /home/ids/skhairi/Data/dataggen/outputs/five_bench/r35_rho/lpips_unblended/edit1/0010_giant-slalom.npz
[ok] edit1/0011_lucia: rho (18, 1560) range [2.031, 12.649] mean 2.550 -> /home/ids/skhairi/Data/dataggen/outputs/five_bench/r35_rho/lpips_unblended/edit1/0011_lucia.npz
[ok] edit1/0012_goat: rho (21, 1560) range [2.067, 50.000] mean 4.875 -> /home/ids/skhairi/Data/dataggen/outputs/five_bench/r35_rho/lpips_unblended/edit1/0012_goat.npz
[ok] edit1/0013_golf: rho (18, 1560) range [2.001, 50.000] mean 3.650 -> /home/ids/skhairi/Data/dataggen/outputs/five_bench/r35_rho/lpips_unblended/edit1/0013_golf.npz
[ok] edit1/0014_burnout: rho (18, 1560) range [2.010, 50.000] mean 4.318 -> /home/ids/skhairi/Data/dataggen/outputs/five_bench/r35_rho/lpips_unblended/edit1/0014_burnout.npz
[ok] edit1/0015_car-shadow: rho (9, 1560) range [2.014, 50.000] mean 3.095 -> /home/ids/skhairi/Data/dataggen/outputs/five_bench/r35_rho/lpips_unblended/edit1/0015_car-shadow.npz
[ok] edit1/0016_horsejump-high: rho (12, 1560) range [2.004, 50.000] mean 3.703 -> /home/ids/skhairi/Data/dataggen/outputs/five_bench/r35_rho/lpips_unblended/edit1/0016_horsejump-high.npz
[ok] edit1/0017_kid-football: rho (15, 1560) range [2.002, 50.000] mean 3.734 -> /home/ids/skhairi/Data/dataggen/outputs/five_bench/r35_rho/lpips_unblended/edit1/0017_kid-football.npz
[ok] edit1/0018_breakdance-flare: rho (18, 1560) range [2.012, 50.000] mean 5.554 -> /home/ids/skhairi/Data/dataggen/outputs/five_bench/r35_rho/lpips_unblended/edit1/0018_breakdance-flare.npz
[ok] edit1/0019_tennis-vest: rho (18, 1560) range [2.003, 50.000] mean 3.468 -> /home/ids/skhairi/Data/dataggen/outputs/five_bench/r35_rho/lpips_unblended/edit1/0019_tennis-vest.npz
[ok] edit1/0020_monkeys: rho (21, 1560) range [2.068, 50.000] mean 4.110 -> /home/ids/skhairi/Data/dataggen/outputs/five_bench/r35_rho/lpips_unblended/edit1/0020_monkeys.npz
[ok] edit1/0021_landing: rho (9, 1560) range [2.002, 50.000] mean 5.895 -> /home/ids/skhairi/Data/dataggen/outputs/five_bench/r35_rho/lpips_unblended/edit1/0021_landing.npz
[ok] edit1/0022_skate-jump: rho (15, 1560) range [2.001, 15.324] mean 2.311 -> /home/ids/skhairi/Data/dataggen/outputs/five_bench/r35_rho/lpips_unblended/edit1/0022_skate-jump.npz
[ok] edit1/0023_kayak-race: rho (15, 1560) range [2.001, 50.000] mean 3.191 -> /home/ids/skhairi/Data/dataggen/outputs/five_bench/r35_rho/lpips_unblended/edit1/0023_kayak-race.npz
[ok] edit1/0024_hockey: rho (18, 1560) range [2.010, 50.000] mean 3.044 -> /home/ids/skhairi/Data/dataggen/outputs/five_bench/r35_rho/lpips_unblended/edit1/0024_hockey.npz
[ok] edit1/0025_baseball: rho (21, 1560) range [2.012, 50.000] mean 6.575 -> /home/ids/skhairi/Data/dataggen/outputs/five_bench/r35_rho/lpips_unblended/edit1/0025_baseball.npz
[ok] edit1/0026_table-tennis: rho (18, 1560) range [2.001, 33.965] mean 2.663 -> /home/ids/skhairi/Data/dataggen/outputs/five_bench/r35_rho/lpips_unblended/edit1/0026_table-tennis.npz
[ok] edit1/0027_dance-jump: rho (15, 1560) range [2.016, 50.000] mean 4.049 -> /home/ids/skhairi/Data/dataggen/outputs/five_bench/r35_rho/lpips_unblended/edit1/0027_dance-jump.npz
[ok] edit1/0028_kite-walk: rho (18, 1560) range [2.003, 50.000] mean 2.891 -> /home/ids/skhairi/Data/dataggen/outputs/five_bench/r35_rho/lpips_unblended/edit1/0028_kite-walk.npz
[ok] edit1/0029_horsejump-stick: rho (15, 1560) range [2.031, 50.000] mean 3.618 -> /home/ids/skhairi/Data/dataggen/outputs/five_bench/r35_rho/lpips_unblended/edit1/0029_horsejump-stick.npz
[ok] edit1/0030_rallye: rho (12, 1560) range [2.001, 50.000] mean 7.853 -> /home/ids/skhairi/Data/dataggen/outputs/five_bench/r35_rho/lpips_unblended/edit1/0030_rallye.npz
[ok] edit1/0031_soccerball: rho (12, 1560) range [2.027, 50.000] mean 4.545 -> /home/ids/skhairi/Data/dataggen/outputs/five_bench/r35_rho/lpips_unblended/edit1/0031_soccerball.npz
[ok] edit1/0032_mermaid: rho (18, 1560) range [2.002, 50.000] mean 5.443 -> /home/ids/skhairi/Data/dataggen/outputs/five_bench/r35_rho/lpips_unblended/edit1/0032_mermaid.npz
[ok] edit1/0033_horsejump-low: rho (15, 1560) range [2.015, 50.000] mean 3.360 -> /home/ids/skhairi/Data/dataggen/outputs/five_bench/r35_rho/lpips_unblended/edit1/0033_horsejump-low.npz
[ok] edit1/0034_cows: rho (24, 1560) range [2.069, 50.000] mean 4.672 -> /home/ids/skhairi/Data/dataggen/outputs/five_bench/r35_rho/lpips_unblended/edit1/0034_cows.npz
[ok] edit1/0035_helicopter: rho (12, 1560) range [2.003, 50.000] mean 3.428 -> /home/ids/skhairi/Data/dataggen/outputs/five_bench/r35_rho/lpips_unblended/edit1/0035_helicopter.npz
[ok] edit1/0036_camel: rho (21, 1560) range [2.023, 50.000] mean 3.903 -> /home/ids/skhairi/Data/dataggen/outputs/five_bench/r35_rho/lpips_unblended/edit1/0036_camel.npz
[ok] edit1/0037_snowboard-sand: rho (12, 1560) range [2.003, 50.000] mean 3.360 -> /home/ids/skhairi/Data/dataggen/outputs/five_bench/r35_rho/lpips_unblended/edit1/0037_snowboard-sand.npz
[ok] edit1/0038_motorbike: rho (9, 1560) range [2.007, 50.000] mean 3.170 -> /home/ids/skhairi/Data/dataggen/outputs/five_bench/r35_rho/lpips_unblended/edit1/0038_motorbike.npz
[ok] edit1/0039_chamaleon: rho (21, 1560) range [2.006, 50.000] mean 3.675 -> /home/ids/skhairi/Data/dataggen/outputs/five_bench/r35_rho/lpips_unblended/edit1/0039_chamaleon.npz
[ok] edit1/0040_tennis: rho (18, 1560) range [2.006, 50.000] mean 3.432 -> /home/ids/skhairi/Data/dataggen/outputs/five_bench/r35_rho/lpips_unblended/edit1/0040_tennis.npz
[ok] edit1/0041_longboard: rho (12, 1560) range [2.014, 50.000] mean 4.439 -> /home/ids/skhairi/Data/dataggen/outputs/five_bench/r35_rho/lpips_unblended/edit1/0041_longboard.npz
[ok] edit1/0042_gym-ball: rho (18, 1560) range [2.002, 50.000] mean 4.230 -> /home/ids/skhairi/Data/dataggen/outputs/five_bench/r35_rho/lpips_unblended/edit1/0042_gym-ball.npz
[ok] edit1/0043_parkour: rho (24, 1560) range [2.002, 50.000] mean 4.805 -> /home/ids/skhairi/Data/dataggen/outputs/five_bench/r35_rho/lpips_unblended/edit1/0043_parkour.npz
[ok] edit1/0044_snowboard: rho (15, 1560) range [2.046, 50.000] mean 4.870 -> /home/ids/skhairi/Data/dataggen/outputs/five_bench/r35_rho/lpips_unblended/edit1/0044_snowboard.npz
[ok] edit1/0045_butterfly: rho (18, 1560) range [2.002, 50.000] mean 3.143 -> /home/ids/skhairi/Data/dataggen/outputs/five_bench/r35_rho/lpips_unblended/edit1/0045_butterfly.npz
[ok] edit1/0046_blackswan: rho (12, 1560) range [2.004, 31.096] mean 3.353 -> /home/ids/skhairi/Data/dataggen/outputs/five_bench/r35_rho/lpips_unblended/edit1/0046_blackswan.npz
[ok] edit1/0047_judo: rho (9, 1560) range [2.003, 50.000] mean 3.937 -> /home/ids/skhairi/Data/dataggen/outputs/five_bench/r35_rho/lpips_unblended/edit1/0047_judo.npz
[ok] edit1/0048_hike: rho (18, 1560) range [2.001, 18.819] mean 2.622 -> /home/ids/skhairi/Data/dataggen/outputs/five_bench/r35_rho/lpips_unblended/edit1/0048_hike.npz
[ok] edit1/0049_speed-skating: rho (21, 1560) range [2.004, 50.000] mean 5.665 -> /home/ids/skhairi/Data/dataggen/outputs/five_bench/r35_rho/lpips_unblended/edit1/0049_speed-skating.npz
[ok] edit1/0050_slackline: rho (15, 1560) range [2.008, 50.000] mean 3.588 -> /home/ids/skhairi/Data/dataggen/outputs/five_bench/r35_rho/lpips_unblended/edit1/0050_slackline.npz
[ok] edit1/0051_dogs-jump: rho (15, 1560) range [2.005, 50.000] mean 2.985 -> /home/ids/skhairi/Data/dataggen/outputs/five_bench/r35_rho/lpips_unblended/edit1/0051_dogs-jump.npz
[ok] edit1/0052_mallard-fly: rho (18, 1560) range [2.017, 50.000] mean 4.968 -> /home/ids/skhairi/Data/dataggen/outputs/five_bench/r35_rho/lpips_unblended/edit1/0052_mallard-fly.npz
[ok] edit1/0053_swing: rho (15, 1560) range [2.012, 50.000] mean 3.750 -> /home/ids/skhairi/Data/dataggen/outputs/five_bench/r35_rho/lpips_unblended/edit1/0053_swing.npz
[ok] edit1/0054_train: rho (18, 1560) range [2.006, 50.000] mean 3.412 -> /home/ids/skhairi/Data/dataggen/outputs/five_bench/r35_rho/lpips_unblended/edit1/0054_train.npz
[ok] edit1/0055_pigs: rho (18, 1560) range [2.022, 50.000] mean 4.134 -> /home/ids/skhairi/Data/dataggen/outputs/five_bench/r35_rho/lpips_unblended/edit1/0055_pigs.npz
[ok] edit1/0056_kart-turn: rho (21, 1560) range [2.004, 50.000] mean 5.001 -> /home/ids/skhairi/Data/dataggen/outputs/five_bench/r35_rho/lpips_unblended/edit1/0056_kart-turn.npz
[ok] edit1/0057_dog: rho (15, 1560) range [2.017, 50.000] mean 4.024 -> /home/ids/skhairi/Data/dataggen/outputs/five_bench/r35_rho/lpips_unblended/edit1/0057_dog.npz
[ok] edit1/0058_boat: rho (18, 1560) range [2.001, 26.128] mean 2.892 -> /home/ids/skhairi/Data/dataggen/outputs/five_bench/r35_rho/lpips_unblended/edit1/0058_boat.npz
[ok] edit1/0059_drift-straight: rho (12, 1560) range [2.006, 50.000] mean 4.920 -> /home/ids/skhairi/Data/dataggen/outputs/five_bench/r35_rho/lpips_unblended/edit1/0059_drift-straight.npz
[ok] edit1/0060_motocross-bumps: rho (15, 1560) range [2.022, 50.000] mean 3.661 -> /home/ids/skhairi/Data/dataggen/outputs/five_bench/r35_rho/lpips_unblended/edit1/0060_motocross-bumps.npz
[ok] edit1/0061_mbike-santa: rho (15, 1560) range [2.046, 50.000] mean 7.363 -> /home/ids/skhairi/Data/dataggen/outputs/five_bench/r35_rho/lpips_unblended/edit1/0061_mbike-santa.npz
[ok] edit1/0062_elephant: rho (18, 1560) range [2.002, 50.000] mean 4.288 -> /home/ids/skhairi/Data/dataggen/outputs/five_bench/r35_rho/lpips_unblended/edit1/0062_elephant.npz
[ok] edit1/0063_drift-turn: rho (15, 1560) range [2.023, 50.000] mean 5.779 -> /home/ids/skhairi/Data/dataggen/outputs/five_bench/r35_rho/lpips_unblended/edit1/0063_drift-turn.npz
[ok] edit1/0064_rollerblade: rho (9, 1560) range [2.004, 50.000] mean 3.112 -> /home/ids/skhairi/Data/dataggen/outputs/five_bench/r35_rho/lpips_unblended/edit1/0064_rollerblade.npz
[ok] edit1/0065_twist-dance: rho (21, 1560) range [2.005, 50.000] mean 2.788 -> /home/ids/skhairi/Data/dataggen/outputs/five_bench/r35_rho/lpips_unblended/edit1/0065_twist-dance.npz
[ok] edit1/0066_deer: rho (18, 1560) range [2.002, 50.000] mean 4.592 -> /home/ids/skhairi/Data/dataggen/outputs/five_bench/r35_rho/lpips_unblended/edit1/0066_deer.npz
[ok] edit1/0067_mbike-trick: rho (18, 1560) range [2.001, 50.000] mean 2.871 -> /home/ids/skhairi/Data/dataggen/outputs/five_bench/r35_rho/lpips_unblended/edit1/0067_mbike-trick.npz
[ok] edit1/0068_planes-water: rho (9, 1560) range [2.001, 18.513] mean 2.618 -> /home/ids/skhairi/Data/dataggen/outputs/five_bench/r35_rho/lpips_unblended/edit1/0068_planes-water.npz
[ok] edit1/0069_car-turn: rho (18, 1560) range [2.006, 50.000] mean 3.443 -> /home/ids/skhairi/Data/dataggen/outputs/five_bench/r35_rho/lpips_unblended/edit1/0069_car-turn.npz
[ok] edit1/0070_dance-twirl: rho (21, 1560) range [2.007, 50.000] mean 3.276 -> /home/ids/skhairi/Data/dataggen/outputs/five_bench/r35_rho/lpips_unblended/edit1/0070_dance-twirl.npz
[ok] edit1/0071_mallard-water: rho (18, 1560) range [2.010, 50.000] mean 3.868 -> /home/ids/skhairi/Data/dataggen/outputs/five_bench/r35_rho/lpips_unblended/edit1/0071_mallard-water.npz
[ok] edit1/0072_dog-agility: rho (6, 1560) range [2.007, 50.000] mean 3.589 -> /home/ids/skhairi/Data/dataggen/outputs/five_bench/r35_rho/lpips_unblended/edit1/0072_dog-agility.npz
[ok] edit1/0073_bmx-rider: rho (21, 1560) range [2.002, 50.000] mean 3.061 -> /home/ids/skhairi/Data/dataggen/outputs/five_bench/r35_rho/lpips_unblended/edit1/0073_bmx-rider.npz
[ok] edit1/0074_rhino: rho (21, 1560) range [2.008, 50.000] mean 4.282 -> /home/ids/skhairi/Data/dataggen/outputs/five_bench/r35_rho/lpips_unblended/edit1/0074_rhino.npz
[ok] edit1/0075_A_bicycle: rho (21, 1560) range [2.002, 50.000] mean 2.978 -> /home/ids/skhairi/Data/dataggen/outputs/five_bench/r35_rho/lpips_unblended/edit1/0075_A_bicycle.npz
[ok] edit1/0076_A_rabbit: rho (21, 1560) range [2.004, 50.000] mean 5.225 -> /home/ids/skhairi/Data/dataggen/outputs/five_bench/r35_rho/lpips_unblended/edit1/0076_A_rabbit.npz
[ok] edit1/0077_A_hawk: rho (21, 1560) range [2.009, 50.000] mean 5.826 -> /home/ids/skhairi/Data/dataggen/outputs/five_bench/r35_rho/lpips_unblended/edit1/0077_A_hawk.npz
[ok] edit1/0078_A_cat: rho (21, 1560) range [2.002, 50.000] mean 4.051 -> /home/ids/skhairi/Data/dataggen/outputs/five_bench/r35_rho/lpips_unblended/edit1/0078_A_cat.npz
[ok] edit1/0079_A_bus: rho (21, 1560) range [2.009, 50.000] mean 4.916 -> /home/ids/skhairi/Data/dataggen/outputs/five_bench/r35_rho/lpips_unblended/edit1/0079_A_bus.npz
[ok] edit1/0080_A_motorcycle: rho (21, 1560) range [2.002, 50.000] mean 5.526 -> /home/ids/skhairi/Data/dataggen/outputs/five_bench/r35_rho/lpips_unblended/edit1/0080_A_motorcycle.npz
[ok] edit1/0081_A_horse: rho (21, 1560) range [2.001, 50.000] mean 4.085 -> /home/ids/skhairi/Data/dataggen/outputs/five_bench/r35_rho/lpips_unblended/edit1/0081_A_horse.npz
[ok] edit1/0082_A_tram: rho (21, 1560) range [2.001, 50.000] mean 3.898 -> /home/ids/skhairi/Data/dataggen/outputs/five_bench/r35_rho/lpips_unblended/edit1/0082_A_tram.npz
[ok] edit1/0083_A_boat: rho (21, 1560) range [2.001, 50.000] mean 4.516 -> /home/ids/skhairi/Data/dataggen/outputs/five_bench/r35_rho/lpips_unblended/edit1/0083_A_boat.npz
[ok] edit1/0084_A_squirrel: rho (21, 1560) range [2.007, 50.000] mean 6.978 -> /home/ids/skhairi/Data/dataggen/outputs/five_bench/r35_rho/lpips_unblended/edit1/0084_A_squirrel.npz
[ok] edit1/0085_A_tram: rho (21, 1560) range [2.003, 50.000] mean 3.458 -> /home/ids/skhairi/Data/dataggen/outputs/five_bench/r35_rho/lpips_unblended/edit1/0085_A_tram.npz
[ok] edit1/0086_A_red_sports_car: rho (21, 1560) range [2.001, 50.000] mean 5.459 -> /home/ids/skhairi/Data/dataggen/outputs/five_bench/r35_rho/lpips_unblended/edit1/0086_A_red_sports_car.npz
[ok] edit1/0087_A_seagull: rho (21, 1560) range [2.000, 50.000] mean 4.257 -> /home/ids/skhairi/Data/dataggen/outputs/five_bench/r35_rho/lpips_unblended/edit1/0087_A_seagull.npz
[ok] edit1/0088_A_cyclist: rho (21, 1560) range [2.015, 50.000] mean 4.648 -> /home/ids/skhairi/Data/dataggen/outputs/five_bench/r35_rho/lpips_unblended/edit1/0088_A_cyclist.npz
[ok] edit1/0089_A_dog: rho (21, 1560) range [2.001, 50.000] mean 4.601 -> /home/ids/skhairi/Data/dataggen/outputs/five_bench/r35_rho/lpips_unblended/edit1/0089_A_dog.npz
[ok] edit1/0090_A_deer: rho (21, 1560) range [2.001, 50.000] mean 3.447 -> /home/ids/skhairi/Data/dataggen/outputs/five_bench/r35_rho/lpips_unblended/edit1/0090_A_deer.npz
[ok] edit1/0091_A_hawk: rho (21, 1560) range [2.000, 50.000] mean 2.744 -> /home/ids/skhairi/Data/dataggen/outputs/five_bench/r35_rho/lpips_unblended/edit1/0091_A_hawk.npz
[ok] edit1/0092_A_fox: rho (21, 1560) range [2.002, 50.000] mean 3.053 -> /home/ids/skhairi/Data/dataggen/outputs/five_bench/r35_rho/lpips_unblended/edit1/0092_A_fox.npz
[ok] edit1/0093_A_helicopter: rho (21, 1560) range [2.017, 50.000] mean 4.227 -> /home/ids/skhairi/Data/dataggen/outputs/five_bench/r35_rho/lpips_unblended/edit1/0093_A_helicopter.npz
[ok] edit1/0094_A_swan: rho (21, 1560) range [2.006, 50.000] mean 2.944 -> /home/ids/skhairi/Data/dataggen/outputs/five_bench/r35_rho/lpips_unblended/edit1/0094_A_swan.npz
[ok] edit1/0095_A_crow: rho (21, 1560) range [2.003, 50.000] mean 4.703 -> /home/ids/skhairi/Data/dataggen/outputs/five_bench/r35_rho/lpips_unblended/edit1/0095_A_crow.npz
[ok] edit1/0096_A_car: rho (21, 1560) range [2.001, 50.000] mean 4.868 -> /home/ids/skhairi/Data/dataggen/outputs/five_bench/r35_rho/lpips_unblended/edit1/0096_A_car.npz
[ok] edit1/0097_A_bird: rho (21, 1560) range [2.003, 50.000] mean 2.967 -> /home/ids/skhairi/Data/dataggen/outputs/five_bench/r35_rho/lpips_unblended/edit1/0097_A_bird.npz
[ok] edit1/0098_A_squirrel: rho (21, 1560) range [2.003, 50.000] mean 4.168 -> /home/ids/skhairi/Data/dataggen/outputs/five_bench/r35_rho/lpips_unblended/edit1/0098_A_squirrel.npz
[ok] edit1/0099_A_jogger: rho (21, 1560) range [2.010, 50.000] mean 2.892 -> /home/ids/skhairi/Data/dataggen/outputs/five_bench/r35_rho/lpips_unblended/edit1/0099_A_jogger.npz
[ok] edit1/0100_A_deer: rho (21, 1560) range [2.007, 42.592] mean 3.086 -> /home/ids/skhairi/Data/dataggen/outputs/five_bench/r35_rho/lpips_unblended/edit1/0100_A_deer.npz
[ok] edit2/0001_bus: rho (18, 1560) range [2.009, 50.000] mean 4.714 -> /home/ids/skhairi/Data/dataggen/outputs/five_bench/r35_rho/lpips_unblended/edit2/0001_bus.npz
[ok] edit2/0002_girl-dog: rho (21, 1560) range [2.021, 50.000] mean 3.542 -> /home/ids/skhairi/Data/dataggen/outputs/five_bench/r35_rho/lpips_unblended/edit2/0002_girl-dog.npz
[ok] edit2/0003_ocean-birds: rho (9, 1560) range [2.010, 50.000] mean 4.582 -> /home/ids/skhairi/Data/dataggen/outputs/five_bench/r35_rho/lpips_unblended/edit2/0003_ocean-birds.npz
[ok] edit2/0004_car-roundabout: rho (18, 1560) range [2.012, 50.000] mean 3.424 -> /home/ids/skhairi/Data/dataggen/outputs/five_bench/r35_rho/lpips_unblended/edit2/0004_car-roundabout.npz
[ok] edit2/0005_breakdance: rho (21, 1560) range [2.003, 50.000] mean 4.129 -> /home/ids/skhairi/Data/dataggen/outputs/five_bench/r35_rho/lpips_unblended/edit2/0005_breakdance.npz
[ok] edit2/0006_paragliding: rho (18, 1560) range [2.022, 50.000] mean 5.501 -> /home/ids/skhairi/Data/dataggen/outputs/five_bench/r35_rho/lpips_unblended/edit2/0006_paragliding.npz
[ok] edit2/0007_guitar-violin: rho (12, 1560) range [2.013, 50.000] mean 8.453 -> /home/ids/skhairi/Data/dataggen/outputs/five_bench/r35_rho/lpips_unblended/edit2/0007_guitar-violin.npz
[ok] edit2/0008_snowboard-race: rho (18, 1560) range [2.002, 50.000] mean 4.640 -> /home/ids/skhairi/Data/dataggen/outputs/five_bench/r35_rho/lpips_unblended/edit2/0008_snowboard-race.npz
[ok] edit2/0009_bear: rho (21, 1560) range [2.013, 50.000] mean 4.075 -> /home/ids/skhairi/Data/dataggen/outputs/five_bench/r35_rho/lpips_unblended/edit2/0009_bear.npz
[ok] edit2/0010_giant-slalom: rho (30, 1560) range [2.001, 50.000] mean 2.939 -> /home/ids/skhairi/Data/dataggen/outputs/five_bench/r35_rho/lpips_unblended/edit2/0010_giant-slalom.npz
[ok] edit2/0011_lucia: rho (18, 1560) range [2.032, 50.000] mean 5.294 -> /home/ids/skhairi/Data/dataggen/outputs/five_bench/r35_rho/lpips_unblended/edit2/0011_lucia.npz
[ok] edit2/0012_goat: rho (21, 1560) range [2.038, 50.000] mean 3.948 -> /home/ids/skhairi/Data/dataggen/outputs/five_bench/r35_rho/lpips_unblended/edit2/0012_goat.npz
[ok] edit2/0013_golf: rho (18, 1560) range [2.001, 50.000] mean 5.233 -> /home/ids/skhairi/Data/dataggen/outputs/five_bench/r35_rho/lpips_unblended/edit2/0013_golf.npz
[ok] edit2/0014_burnout: rho (18, 1560) range [2.022, 50.000] mean 4.891 -> /home/ids/skhairi/Data/dataggen/outputs/five_bench/r35_rho/lpips_unblended/edit2/0014_burnout.npz
[ok] edit2/0015_car-shadow: rho (9, 1560) range [2.014, 36.270] mean 2.971 -> /home/ids/skhairi/Data/dataggen/outputs/five_bench/r35_rho/lpips_unblended/edit2/0015_car-shadow.npz
[ok] edit2/0016_horsejump-high: rho (12, 1560) range [2.003, 50.000] mean 3.048 -> /home/ids/skhairi/Data/dataggen/outputs/five_bench/r35_rho/lpips_unblended/edit2/0016_horsejump-high.npz
[ok] edit2/0017_kid-football: rho (15, 1560) range [2.004, 50.000] mean 7.411 -> /home/ids/skhairi/Data/dataggen/outputs/five_bench/r35_rho/lpips_unblended/edit2/0017_kid-football.npz
[ok] edit2/0018_breakdance-flare: rho (18, 1560) range [2.018, 50.000] mean 5.104 -> /home/ids/skhairi/Data/dataggen/outputs/five_bench/r35_rho/lpips_unblended/edit2/0018_breakdance-flare.npz
[ok] edit2/0019_tennis-vest: rho (18, 1560) range [2.004, 50.000] mean 3.584 -> /home/ids/skhairi/Data/dataggen/outputs/five_bench/r35_rho/lpips_unblended/edit2/0019_tennis-vest.npz
[ok] edit2/0020_monkeys: rho (21, 1560) range [2.069, 50.000] mean 4.450 -> /home/ids/skhairi/Data/dataggen/outputs/five_bench/r35_rho/lpips_unblended/edit2/0020_monkeys.npz
[ok] edit2/0021_landing: rho (9, 1560) range [2.002, 50.000] mean 9.106 -> /home/ids/skhairi/Data/dataggen/outputs/five_bench/r35_rho/lpips_unblended/edit2/0021_landing.npz
[ok] edit2/0022_skate-jump: rho (15, 1560) range [2.001, 50.000] mean 2.580 -> /home/ids/skhairi/Data/dataggen/outputs/five_bench/r35_rho/lpips_unblended/edit2/0022_skate-jump.npz
[ok] edit2/0023_kayak-race: rho (15, 1560) range [2.001, 50.000] mean 4.282 -> /home/ids/skhairi/Data/dataggen/outputs/five_bench/r35_rho/lpips_unblended/edit2/0023_kayak-race.npz
[ok] edit2/0024_hockey: rho (18, 1560) range [2.008, 50.000] mean 4.025 -> /home/ids/skhairi/Data/dataggen/outputs/five_bench/r35_rho/lpips_unblended/edit2/0024_hockey.npz
[ok] edit2/0025_baseball: rho (21, 1560) range [2.011, 50.000] mean 6.246 -> /home/ids/skhairi/Data/dataggen/outputs/five_bench/r35_rho/lpips_unblended/edit2/0025_baseball.npz
[ok] edit2/0026_table-tennis: rho (18, 1560) range [2.001, 50.000] mean 2.944 -> /home/ids/skhairi/Data/dataggen/outputs/five_bench/r35_rho/lpips_unblended/edit2/0026_table-tennis.npz
[ok] edit2/0027_dance-jump: rho (15, 1560) range [2.024, 50.000] mean 3.549 -> /home/ids/skhairi/Data/dataggen/outputs/five_bench/r35_rho/lpips_unblended/edit2/0027_dance-jump.npz
[ok] edit2/0028_kite-walk: rho (18, 1560) range [2.004, 50.000] mean 3.764 -> /home/ids/skhairi/Data/dataggen/outputs/five_bench/r35_rho/lpips_unblended/edit2/0028_kite-walk.npz
[ok] edit2/0029_horsejump-stick: rho (15, 1560) range [2.036, 50.000] mean 3.502 -> /home/ids/skhairi/Data/dataggen/outputs/five_bench/r35_rho/lpips_unblended/edit2/0029_horsejump-stick.npz
[ok] edit2/0030_rallye: rho (12, 1560) range [2.001, 50.000] mean 5.595 -> /home/ids/skhairi/Data/dataggen/outputs/five_bench/r35_rho/lpips_unblended/edit2/0030_rallye.npz
[ok] edit2/0031_soccerball: rho (12, 1560) range [2.040, 50.000] mean 5.368 -> /home/ids/skhairi/Data/dataggen/outputs/five_bench/r35_rho/lpips_unblended/edit2/0031_soccerball.npz
[ok] edit2/0032_mermaid: rho (18, 1560) range [2.002, 50.000] mean 5.669 -> /home/ids/skhairi/Data/dataggen/outputs/five_bench/r35_rho/lpips_unblended/edit2/0032_mermaid.npz
[ok] edit2/0033_horsejump-low: rho (15, 1560) range [2.019, 50.000] mean 3.794 -> /home/ids/skhairi/Data/dataggen/outputs/five_bench/r35_rho/lpips_unblended/edit2/0033_horsejump-low.npz
[ok] edit2/0034_cows: rho (24, 1560) range [2.054, 50.000] mean 5.787 -> /home/ids/skhairi/Data/dataggen/outputs/five_bench/r35_rho/lpips_unblended/edit2/0034_cows.npz
[ok] edit2/0035_helicopter: rho (12, 1560) range [2.003, 50.000] mean 3.782 -> /home/ids/skhairi/Data/dataggen/outputs/five_bench/r35_rho/lpips_unblended/edit2/0035_helicopter.npz
[ok] edit2/0036_camel: rho (21, 1560) range [2.028, 50.000] mean 3.860 -> /home/ids/skhairi/Data/dataggen/outputs/five_bench/r35_rho/lpips_unblended/edit2/0036_camel.npz
[ok] edit2/0037_snowboard-sand: rho (12, 1560) range [2.005, 50.000] mean 3.745 -> /home/ids/skhairi/Data/dataggen/outputs/five_bench/r35_rho/lpips_unblended/edit2/0037_snowboard-sand.npz
[ok] edit2/0038_motorbike: rho (9, 1560) range [2.007, 50.000] mean 3.081 -> /home/ids/skhairi/Data/dataggen/outputs/five_bench/r35_rho/lpips_unblended/edit2/0038_motorbike.npz
[ok] edit2/0039_chamaleon: rho (21, 1560) range [2.006, 50.000] mean 3.900 -> /home/ids/skhairi/Data/dataggen/outputs/five_bench/r35_rho/lpips_unblended/edit2/0039_chamaleon.npz
[ok] edit2/0040_tennis: rho (18, 1560) range [2.008, 50.000] mean 4.916 -> /home/ids/skhairi/Data/dataggen/outputs/five_bench/r35_rho/lpips_unblended/edit2/0040_tennis.npz
[ok] edit2/0041_longboard: rho (12, 1560) range [2.013, 50.000] mean 5.210 -> /home/ids/skhairi/Data/dataggen/outputs/five_bench/r35_rho/lpips_unblended/edit2/0041_longboard.npz
[ok] edit2/0042_gym-ball: rho (18, 1560) range [2.002, 50.000] mean 3.984 -> /home/ids/skhairi/Data/dataggen/outputs/five_bench/r35_rho/lpips_unblended/edit2/0042_gym-ball.npz
[ok] edit2/0043_parkour: rho (24, 1560) range [2.002, 50.000] mean 6.107 -> /home/ids/skhairi/Data/dataggen/outputs/five_bench/r35_rho/lpips_unblended/edit2/0043_parkour.npz
[ok] edit2/0044_snowboard: rho (15, 1560) range [2.031, 50.000] mean 4.002 -> /home/ids/skhairi/Data/dataggen/outputs/five_bench/r35_rho/lpips_unblended/edit2/0044_snowboard.npz
[ok] edit2/0045_butterfly: rho (18, 1560) range [2.003, 50.000] mean 4.641 -> /home/ids/skhairi/Data/dataggen/outputs/five_bench/r35_rho/lpips_unblended/edit2/0045_butterfly.npz
[ok] edit2/0046_blackswan: rho (12, 1560) range [2.026, 50.000] mean 5.877 -> /home/ids/skhairi/Data/dataggen/outputs/five_bench/r35_rho/lpips_unblended/edit2/0046_blackswan.npz
[ok] edit2/0047_judo: rho (9, 1560) range [2.003, 50.000] mean 3.835 -> /home/ids/skhairi/Data/dataggen/outputs/five_bench/r35_rho/lpips_unblended/edit2/0047_judo.npz
[ok] edit2/0048_hike: rho (18, 1560) range [2.001, 17.141] mean 2.733 -> /home/ids/skhairi/Data/dataggen/outputs/five_bench/r35_rho/lpips_unblended/edit2/0048_hike.npz
[ok] edit2/0049_speed-skating: rho (21, 1560) range [2.003, 50.000] mean 7.033 -> /home/ids/skhairi/Data/dataggen/outputs/five_bench/r35_rho/lpips_unblended/edit2/0049_speed-skating.npz
[ok] edit2/0050_slackline: rho (15, 1560) range [2.012, 50.000] mean 4.831 -> /home/ids/skhairi/Data/dataggen/outputs/five_bench/r35_rho/lpips_unblended/edit2/0050_slackline.npz
[ok] edit2/0051_dogs-jump: rho (15, 1560) range [2.004, 50.000] mean 3.896 -> /home/ids/skhairi/Data/dataggen/outputs/five_bench/r35_rho/lpips_unblended/edit2/0051_dogs-jump.npz
[ok] edit2/0052_mallard-fly: rho (18, 1560) range [2.020, 50.000] mean 4.377 -> /home/ids/skhairi/Data/dataggen/outputs/five_bench/r35_rho/lpips_unblended/edit2/0052_mallard-fly.npz
[ok] edit2/0053_swing: rho (15, 1560) range [2.025, 50.000] mean 3.677 -> /home/ids/skhairi/Data/dataggen/outputs/five_bench/r35_rho/lpips_unblended/edit2/0053_swing.npz
[ok] edit2/0054_train: rho (18, 1560) range [2.005, 50.000] mean 4.135 -> /home/ids/skhairi/Data/dataggen/outputs/five_bench/r35_rho/lpips_unblended/edit2/0054_train.npz
[ok] edit2/0055_pigs: rho (18, 1560) range [2.023, 50.000] mean 5.675 -> /home/ids/skhairi/Data/dataggen/outputs/five_bench/r35_rho/lpips_unblended/edit2/0055_pigs.npz
[ok] edit2/0056_kart-turn: rho (21, 1560) range [2.004, 50.000] mean 5.541 -> /home/ids/skhairi/Data/dataggen/outputs/five_bench/r35_rho/lpips_unblended/edit2/0056_kart-turn.npz
[ok] edit2/0057_dog: rho (15, 1560) range [2.017, 50.000] mean 4.927 -> /home/ids/skhairi/Data/dataggen/outputs/five_bench/r35_rho/lpips_unblended/edit2/0057_dog.npz
[ok] edit2/0058_boat: rho (18, 1560) range [2.001, 50.000] mean 2.876 -> /home/ids/skhairi/Data/dataggen/outputs/five_bench/r35_rho/lpips_unblended/edit2/0058_boat.npz
[ok] edit2/0059_drift-straight: rho (12, 1560) range [2.007, 50.000] mean 4.485 -> /home/ids/skhairi/Data/dataggen/outputs/five_bench/r35_rho/lpips_unblended/edit2/0059_drift-straight.npz
[ok] edit2/0060_motocross-bumps: rho (15, 1560) range [2.021, 50.000] mean 3.836 -> /home/ids/skhairi/Data/dataggen/outputs/five_bench/r35_rho/lpips_unblended/edit2/0060_motocross-bumps.npz
[ok] edit2/0061_mbike-santa: rho (15, 1560) range [2.064, 50.000] mean 6.861 -> /home/ids/skhairi/Data/dataggen/outputs/five_bench/r35_rho/lpips_unblended/edit2/0061_mbike-santa.npz
[ok] edit2/0062_elephant: rho (18, 1560) range [2.003, 50.000] mean 4.239 -> /home/ids/skhairi/Data/dataggen/outputs/five_bench/r35_rho/lpips_unblended/edit2/0062_elephant.npz
[ok] edit2/0063_drift-turn: rho (15, 1560) range [2.023, 50.000] mean 6.385 -> /home/ids/skhairi/Data/dataggen/outputs/five_bench/r35_rho/lpips_unblended/edit2/0063_drift-turn.npz
[ok] edit2/0064_rollerblade: rho (9, 1560) range [2.004, 50.000] mean 4.651 -> /home/ids/skhairi/Data/dataggen/outputs/five_bench/r35_rho/lpips_unblended/edit2/0064_rollerblade.npz
[ok] edit2/0065_twist-dance: rho (21, 1560) range [2.009, 50.000] mean 3.762 -> /home/ids/skhairi/Data/dataggen/outputs/five_bench/r35_rho/lpips_unblended/edit2/0065_twist-dance.npz
[ok] edit2/0066_deer: rho (18, 1560) range [2.004, 50.000] mean 8.419 -> /home/ids/skhairi/Data/dataggen/outputs/five_bench/r35_rho/lpips_unblended/edit2/0066_deer.npz
[ok] edit2/0067_mbike-trick: rho (18, 1560) range [2.001, 50.000] mean 4.386 -> /home/ids/skhairi/Data/dataggen/outputs/five_bench/r35_rho/lpips_unblended/edit2/0067_mbike-trick.npz
[ok] edit2/0068_planes-water: rho (9, 1560) range [2.002, 44.683] mean 3.419 -> /home/ids/skhairi/Data/dataggen/outputs/five_bench/r35_rho/lpips_unblended/edit2/0068_planes-water.npz
[ok] edit2/0069_car-turn: rho (18, 1560) range [2.006, 50.000] mean 3.526 -> /home/ids/skhairi/Data/dataggen/outputs/five_bench/r35_rho/lpips_unblended/edit2/0069_car-turn.npz
[ok] edit2/0070_dance-twirl: rho (21, 1560) range [2.018, 50.000] mean 3.478 -> /home/ids/skhairi/Data/dataggen/outputs/five_bench/r35_rho/lpips_unblended/edit2/0070_dance-twirl.npz
[ok] edit2/0071_mallard-water: rho (18, 1560) range [2.013, 50.000] mean 3.656 -> /home/ids/skhairi/Data/dataggen/outputs/five_bench/r35_rho/lpips_unblended/edit2/0071_mallard-water.npz
[ok] edit2/0072_dog-agility: rho (6, 1560) range [2.007, 50.000] mean 5.146 -> /home/ids/skhairi/Data/dataggen/outputs/five_bench/r35_rho/lpips_unblended/edit2/0072_dog-agility.npz
[ok] edit2/0073_bmx-rider: rho (21, 1560) range [2.002, 50.000] mean 3.096 -> /home/ids/skhairi/Data/dataggen/outputs/five_bench/r35_rho/lpips_unblended/edit2/0073_bmx-rider.npz
[ok] edit2/0074_rhino: rho (21, 1560) range [2.016, 50.000] mean 4.405 -> /home/ids/skhairi/Data/dataggen/outputs/five_bench/r35_rho/lpips_unblended/edit2/0074_rhino.npz
[ok] edit2/0075_A_bicycle: rho (21, 1560) range [2.002, 50.000] mean 3.632 -> /home/ids/skhairi/Data/dataggen/outputs/five_bench/r35_rho/lpips_unblended/edit2/0075_A_bicycle.npz
[ok] edit2/0076_A_rabbit: rho (21, 1560) range [2.004, 50.000] mean 4.723 -> /home/ids/skhairi/Data/dataggen/outputs/five_bench/r35_rho/lpips_unblended/edit2/0076_A_rabbit.npz
[ok] edit2/0077_A_hawk: rho (21, 1560) range [2.008, 50.000] mean 6.123 -> /home/ids/skhairi/Data/dataggen/outputs/five_bench/r35_rho/lpips_unblended/edit2/0077_A_hawk.npz
[ok] edit2/0078_A_cat: rho (21, 1560) range [2.001, 50.000] mean 3.945 -> /home/ids/skhairi/Data/dataggen/outputs/five_bench/r35_rho/lpips_unblended/edit2/0078_A_cat.npz
[ok] edit2/0079_A_bus: rho (21, 1560) range [2.010, 50.000] mean 6.694 -> /home/ids/skhairi/Data/dataggen/outputs/five_bench/r35_rho/lpips_unblended/edit2/0079_A_bus.npz
[ok] edit2/0080_A_motorcycle: rho (21, 1560) range [2.001, 50.000] mean 7.389 -> /home/ids/skhairi/Data/dataggen/outputs/five_bench/r35_rho/lpips_unblended/edit2/0080_A_motorcycle.npz
[ok] edit2/0081_A_horse: rho (21, 1560) range [2.002, 50.000] mean 5.898 -> /home/ids/skhairi/Data/dataggen/outputs/five_bench/r35_rho/lpips_unblended/edit2/0081_A_horse.npz
[ok] edit2/0082_A_tram: rho (21, 1560) range [2.002, 50.000] mean 4.794 -> /home/ids/skhairi/Data/dataggen/outputs/five_bench/r35_rho/lpips_unblended/edit2/0082_A_tram.npz
[ok] edit2/0083_A_boat: rho (21, 1560) range [2.001, 50.000] mean 4.362 -> /home/ids/skhairi/Data/dataggen/outputs/five_bench/r35_rho/lpips_unblended/edit2/0083_A_boat.npz
[ok] edit2/0084_A_squirrel: rho (21, 1560) range [2.010, 50.000] mean 5.988 -> /home/ids/skhairi/Data/dataggen/outputs/five_bench/r35_rho/lpips_unblended/edit2/0084_A_squirrel.npz
[ok] edit2/0085_A_tram: rho (21, 1560) range [2.001, 50.000] mean 3.643 -> /home/ids/skhairi/Data/dataggen/outputs/five_bench/r35_rho/lpips_unblended/edit2/0085_A_tram.npz
[ok] edit2/0086_A_red_sports_car: rho (21, 1560) range [2.007, 50.000] mean 6.936 -> /home/ids/skhairi/Data/dataggen/outputs/five_bench/r35_rho/lpips_unblended/edit2/0086_A_red_sports_car.npz
[ok] edit2/0087_A_seagull: rho (21, 1560) range [2.000, 50.000] mean 4.074 -> /home/ids/skhairi/Data/dataggen/outputs/five_bench/r35_rho/lpips_unblended/edit2/0087_A_seagull.npz
[ok] edit2/0088_A_cyclist: rho (21, 1560) range [2.013, 50.000] mean 4.463 -> /home/ids/skhairi/Data/dataggen/outputs/five_bench/r35_rho/lpips_unblended/edit2/0088_A_cyclist.npz
[ok] edit2/0089_A_dog: rho (21, 1560) range [2.001, 50.000] mean 5.530 -> /home/ids/skhairi/Data/dataggen/outputs/five_bench/r35_rho/lpips_unblended/edit2/0089_A_dog.npz
[ok] edit2/0090_A_deer: rho (21, 1560) range [2.002, 50.000] mean 7.610 -> /home/ids/skhairi/Data/dataggen/outputs/five_bench/r35_rho/lpips_unblended/edit2/0090_A_deer.npz
[ok] edit2/0091_A_hawk: rho (21, 1560) range [2.000, 50.000] mean 4.232 -> /home/ids/skhairi/Data/dataggen/outputs/five_bench/r35_rho/lpips_unblended/edit2/0091_A_hawk.npz
[ok] edit2/0092_A_fox: rho (21, 1560) range [2.003, 50.000] mean 6.502 -> /home/ids/skhairi/Data/dataggen/outputs/five_bench/r35_rho/lpips_unblended/edit2/0092_A_fox.npz
[ok] edit2/0093_A_helicopter: rho (21, 1560) range [2.014, 50.000] mean 5.727 -> /home/ids/skhairi/Data/dataggen/outputs/five_bench/r35_rho/lpips_unblended/edit2/0093_A_helicopter.npz
[ok] edit2/0094_A_swan: rho (21, 1560) range [2.007, 50.000] mean 2.952 -> /home/ids/skhairi/Data/dataggen/outputs/five_bench/r35_rho/lpips_unblended/edit2/0094_A_swan.npz
[ok] edit2/0095_A_crow: rho (21, 1560) range [2.006, 50.000] mean 10.100 -> /home/ids/skhairi/Data/dataggen/outputs/five_bench/r35_rho/lpips_unblended/edit2/0095_A_crow.npz
[ok] edit2/0096_A_car: rho (21, 1560) range [2.247, 50.000] mean 14.782 -> /home/ids/skhairi/Data/dataggen/outputs/five_bench/r35_rho/lpips_unblended/edit2/0096_A_car.npz
[ok] edit2/0097_A_bird: rho (21, 1560) range [2.008, 50.000] mean 4.633 -> /home/ids/skhairi/Data/dataggen/outputs/five_bench/r35_rho/lpips_unblended/edit2/0097_A_bird.npz
[ok] edit2/0098_A_squirrel: rho (21, 1560) range [2.009, 50.000] mean 10.150 -> /home/ids/skhairi/Data/dataggen/outputs/five_bench/r35_rho/lpips_unblended/edit2/0098_A_squirrel.npz
[ok] edit2/0099_A_jogger: rho (21, 1560) range [2.010, 50.000] mean 3.588 -> /home/ids/skhairi/Data/dataggen/outputs/five_bench/r35_rho/lpips_unblended/edit2/0099_A_jogger.npz
[ok] edit2/0100_A_deer: rho (21, 1560) range [2.008, 50.000] mean 3.695 -> /home/ids/skhairi/Data/dataggen/outputs/five_bench/r35_rho/lpips_unblended/edit2/0100_A_deer.npz
[ok] edit3/0001_bus: rho (18, 1560) range [2.012, 30.530] mean 3.039 -> /home/ids/skhairi/Data/dataggen/outputs/five_bench/r35_rho/lpips_unblended/edit3/0001_bus.npz
[ok] edit3/0002_girl-dog: rho (21, 1560) range [2.021, 50.000] mean 3.687 -> /home/ids/skhairi/Data/dataggen/outputs/five_bench/r35_rho/lpips_unblended/edit3/0002_girl-dog.npz
[ok] edit3/0003_ocean-birds: rho (9, 1560) range [2.010, 50.000] mean 4.837 -> /home/ids/skhairi/Data/dataggen/outputs/five_bench/r35_rho/lpips_unblended/edit3/0003_ocean-birds.npz
[ok] edit3/0004_car-roundabout: rho (18, 1560) range [2.020, 50.000] mean 3.583 -> /home/ids/skhairi/Data/dataggen/outputs/five_bench/r35_rho/lpips_unblended/edit3/0004_car-roundabout.npz
[ok] edit3/0005_breakdance: rho (21, 1560) range [2.005, 50.000] mean 3.036 -> /home/ids/skhairi/Data/dataggen/outputs/five_bench/r35_rho/lpips_unblended/edit3/0005_breakdance.npz
[ok] edit3/0006_paragliding: rho (18, 1560) range [2.014, 50.000] mean 3.255 -> /home/ids/skhairi/Data/dataggen/outputs/five_bench/r35_rho/lpips_unblended/edit3/0006_paragliding.npz
[ok] edit3/0007_guitar-violin: rho (12, 1560) range [2.006, 50.000] mean 3.557 -> /home/ids/skhairi/Data/dataggen/outputs/five_bench/r35_rho/lpips_unblended/edit3/0007_guitar-violin.npz
[ok] edit3/0008_snowboard-race: rho (18, 1560) range [2.003, 50.000] mean 3.487 -> /home/ids/skhairi/Data/dataggen/outputs/five_bench/r35_rho/lpips_unblended/edit3/0008_snowboard-race.npz
[ok] edit3/0009_bear: rho (21, 1560) range [2.015, 50.000] mean 3.061 -> /home/ids/skhairi/Data/dataggen/outputs/five_bench/r35_rho/lpips_unblended/edit3/0009_bear.npz
[ok] edit3/0010_giant-slalom: rho (30, 1560) range [2.001, 50.000] mean 2.467 -> /home/ids/skhairi/Data/dataggen/outputs/five_bench/r35_rho/lpips_unblended/edit3/0010_giant-slalom.npz
[ok] edit3/0011_lucia: rho (18, 1560) range [2.024, 50.000] mean 2.861 -> /home/ids/skhairi/Data/dataggen/outputs/five_bench/r35_rho/lpips_unblended/edit3/0011_lucia.npz
[ok] edit3/0012_goat: rho (21, 1560) range [2.066, 50.000] mean 3.795 -> /home/ids/skhairi/Data/dataggen/outputs/five_bench/r35_rho/lpips_unblended/edit3/0012_goat.npz
[ok] edit3/0013_golf: rho (18, 1560) range [2.001, 50.000] mean 2.469 -> /home/ids/skhairi/Data/dataggen/outputs/five_bench/r35_rho/lpips_unblended/edit3/0013_golf.npz
[ok] edit3/0014_burnout: rho (18, 1560) range [2.024, 50.000] mean 5.356 -> /home/ids/skhairi/Data/dataggen/outputs/five_bench/r35_rho/lpips_unblended/edit3/0014_burnout.npz
[ok] edit3/0015_car-shadow: rho (9, 1560) range [2.013, 28.779] mean 2.811 -> /home/ids/skhairi/Data/dataggen/outputs/five_bench/r35_rho/lpips_unblended/edit3/0015_car-shadow.npz
[ok] edit3/0016_horsejump-high: rho (12, 1560) range [2.003, 50.000] mean 3.277 -> /home/ids/skhairi/Data/dataggen/outputs/five_bench/r35_rho/lpips_unblended/edit3/0016_horsejump-high.npz
[ok] edit3/0017_kid-football: rho (15, 1560) range [2.002, 50.000] mean 4.261 -> /home/ids/skhairi/Data/dataggen/outputs/five_bench/r35_rho/lpips_unblended/edit3/0017_kid-football.npz
[ok] edit3/0018_breakdance-flare: rho (18, 1560) range [2.012, 50.000] mean 3.145 -> /home/ids/skhairi/Data/dataggen/outputs/five_bench/r35_rho/lpips_unblended/edit3/0018_breakdance-flare.npz
[ok] edit3/0019_tennis-vest: rho (18, 1560) range [2.003, 50.000] mean 2.720 -> /home/ids/skhairi/Data/dataggen/outputs/five_bench/r35_rho/lpips_unblended/edit3/0019_tennis-vest.npz
[ok] edit3/0020_monkeys: rho (21, 1560) range [2.069, 50.000] mean 4.025 -> /home/ids/skhairi/Data/dataggen/outputs/five_bench/r35_rho/lpips_unblended/edit3/0020_monkeys.npz
[ok] edit3/0021_landing: rho (9, 1560) range [2.001, 50.000] mean 4.224 -> /home/ids/skhairi/Data/dataggen/outputs/five_bench/r35_rho/lpips_unblended/edit3/0021_landing.npz
[ok] edit3/0022_skate-jump: rho (15, 1560) range [2.001, 50.000] mean 2.671 -> /home/ids/skhairi/Data/dataggen/outputs/five_bench/r35_rho/lpips_unblended/edit3/0022_skate-jump.npz
[ok] edit3/0023_kayak-race: rho (15, 1560) range [2.001, 50.000] mean 3.475 -> /home/ids/skhairi/Data/dataggen/outputs/five_bench/r35_rho/lpips_unblended/edit3/0023_kayak-race.npz
[ok] edit3/0024_hockey: rho (18, 1560) range [2.009, 50.000] mean 2.808 -> /home/ids/skhairi/Data/dataggen/outputs/five_bench/r35_rho/lpips_unblended/edit3/0024_hockey.npz
[ok] edit3/0025_baseball: rho (21, 1560) range [2.015, 50.000] mean 5.428 -> /home/ids/skhairi/Data/dataggen/outputs/five_bench/r35_rho/lpips_unblended/edit3/0025_baseball.npz
[ok] edit3/0026_table-tennis: rho (18, 1560) range [2.003, 50.000] mean 3.953 -> /home/ids/skhairi/Data/dataggen/outputs/five_bench/r35_rho/lpips_unblended/edit3/0026_table-tennis.npz
[ok] edit3/0027_dance-jump: rho (15, 1560) range [2.056, 50.000] mean 5.183 -> /home/ids/skhairi/Data/dataggen/outputs/five_bench/r35_rho/lpips_unblended/edit3/0027_dance-jump.npz
[ok] edit3/0028_kite-walk: rho (18, 1560) range [2.004, 50.000] mean 2.305 -> /home/ids/skhairi/Data/dataggen/outputs/five_bench/r35_rho/lpips_unblended/edit3/0028_kite-walk.npz
[ok] edit3/0029_horsejump-stick: rho (15, 1560) range [2.053, 50.000] mean 3.782 -> /home/ids/skhairi/Data/dataggen/outputs/five_bench/r35_rho/lpips_unblended/edit3/0029_horsejump-stick.npz
[ok] edit3/0030_rallye: rho (12, 1560) range [2.001, 50.000] mean 4.980 -> /home/ids/skhairi/Data/dataggen/outputs/five_bench/r35_rho/lpips_unblended/edit3/0030_rallye.npz
[ok] edit3/0031_soccerball: rho (12, 1560) range [2.013, 50.000] mean 3.515 -> /home/ids/skhairi/Data/dataggen/outputs/five_bench/r35_rho/lpips_unblended/edit3/0031_soccerball.npz
[ok] edit3/0032_mermaid: rho (18, 1560) range [2.002, 50.000] mean 6.662 -> /home/ids/skhairi/Data/dataggen/outputs/five_bench/r35_rho/lpips_unblended/edit3/0032_mermaid.npz
[ok] edit3/0033_horsejump-low: rho (15, 1560) range [2.021, 50.000] mean 3.245 -> /home/ids/skhairi/Data/dataggen/outputs/five_bench/r35_rho/lpips_unblended/edit3/0033_horsejump-low.npz
[ok] edit3/0034_cows: rho (24, 1560) range [2.015, 50.000] mean 3.172 -> /home/ids/skhairi/Data/dataggen/outputs/five_bench/r35_rho/lpips_unblended/edit3/0034_cows.npz
[ok] edit3/0035_helicopter: rho (12, 1560) range [2.003, 50.000] mean 4.195 -> /home/ids/skhairi/Data/dataggen/outputs/five_bench/r35_rho/lpips_unblended/edit3/0035_helicopter.npz
[ok] edit3/0036_camel: rho (21, 1560) range [2.027, 50.000] mean 3.950 -> /home/ids/skhairi/Data/dataggen/outputs/five_bench/r35_rho/lpips_unblended/edit3/0036_camel.npz
[ok] edit3/0037_snowboard-sand: rho (12, 1560) range [2.004, 50.000] mean 3.257 -> /home/ids/skhairi/Data/dataggen/outputs/five_bench/r35_rho/lpips_unblended/edit3/0037_snowboard-sand.npz
[ok] edit3/0038_motorbike: rho (9, 1560) range [2.013, 18.581] mean 2.833 -> /home/ids/skhairi/Data/dataggen/outputs/five_bench/r35_rho/lpips_unblended/edit3/0038_motorbike.npz
[ok] edit3/0039_chamaleon: rho (21, 1560) range [2.007, 50.000] mean 4.963 -> /home/ids/skhairi/Data/dataggen/outputs/five_bench/r35_rho/lpips_unblended/edit3/0039_chamaleon.npz
[ok] edit3/0040_tennis: rho (18, 1560) range [2.006, 50.000] mean 3.966 -> /home/ids/skhairi/Data/dataggen/outputs/five_bench/r35_rho/lpips_unblended/edit3/0040_tennis.npz
[ok] edit3/0041_longboard: rho (12, 1560) range [2.009, 50.000] mean 3.416 -> /home/ids/skhairi/Data/dataggen/outputs/five_bench/r35_rho/lpips_unblended/edit3/0041_longboard.npz
[ok] edit3/0042_gym-ball: rho (18, 1560) range [2.002, 50.000] mean 4.533 -> /home/ids/skhairi/Data/dataggen/outputs/five_bench/r35_rho/lpips_unblended/edit3/0042_gym-ball.npz
[ok] edit3/0043_parkour: rho (24, 1560) range [2.002, 50.000] mean 3.085 -> /home/ids/skhairi/Data/dataggen/outputs/five_bench/r35_rho/lpips_unblended/edit3/0043_parkour.npz
[ok] edit3/0044_snowboard: rho (15, 1560) range [2.038, 50.000] mean 4.186 -> /home/ids/skhairi/Data/dataggen/outputs/five_bench/r35_rho/lpips_unblended/edit3/0044_snowboard.npz
[ok] edit3/0045_butterfly: rho (18, 1560) range [2.002, 50.000] mean 3.231 -> /home/ids/skhairi/Data/dataggen/outputs/five_bench/r35_rho/lpips_unblended/edit3/0045_butterfly.npz
[ok] edit3/0046_blackswan: rho (12, 1560) range [2.012, 50.000] mean 4.194 -> /home/ids/skhairi/Data/dataggen/outputs/five_bench/r35_rho/lpips_unblended/edit3/0046_blackswan.npz
[ok] edit3/0047_judo: rho (9, 1560) range [2.003, 50.000] mean 4.634 -> /home/ids/skhairi/Data/dataggen/outputs/five_bench/r35_rho/lpips_unblended/edit3/0047_judo.npz
[ok] edit3/0048_hike: rho (18, 1560) range [2.001, 50.000] mean 2.652 -> /home/ids/skhairi/Data/dataggen/outputs/five_bench/r35_rho/lpips_unblended/edit3/0048_hike.npz
[ok] edit3/0049_speed-skating: rho (21, 1560) range [2.003, 50.000] mean 5.395 -> /home/ids/skhairi/Data/dataggen/outputs/five_bench/r35_rho/lpips_unblended/edit3/0049_speed-skating.npz
[ok] edit3/0050_slackline: rho (15, 1560) range [2.007, 50.000] mean 3.230 -> /home/ids/skhairi/Data/dataggen/outputs/five_bench/r35_rho/lpips_unblended/edit3/0050_slackline.npz
[ok] edit3/0051_dogs-jump: rho (15, 1560) range [2.005, 43.511] mean 3.011 -> /home/ids/skhairi/Data/dataggen/outputs/five_bench/r35_rho/lpips_unblended/edit3/0051_dogs-jump.npz
[ok] edit3/0052_mallard-fly: rho (18, 1560) range [2.021, 50.000] mean 3.179 -> /home/ids/skhairi/Data/dataggen/outputs/five_bench/r35_rho/lpips_unblended/edit3/0052_mallard-fly.npz
[ok] edit3/0053_swing: rho (15, 1560) range [2.013, 50.000] mean 3.196 -> /home/ids/skhairi/Data/dataggen/outputs/five_bench/r35_rho/lpips_unblended/edit3/0053_swing.npz
[ok] edit3/0054_train: rho (18, 1560) range [2.016, 50.000] mean 4.332 -> /home/ids/skhairi/Data/dataggen/outputs/five_bench/r35_rho/lpips_unblended/edit3/0054_train.npz
[ok] edit3/0055_pigs: rho (18, 1560) range [2.020, 50.000] mean 4.203 -> /home/ids/skhairi/Data/dataggen/outputs/five_bench/r35_rho/lpips_unblended/edit3/0055_pigs.npz
[ok] edit3/0056_kart-turn: rho (21, 1560) range [2.006, 50.000] mean 5.206 -> /home/ids/skhairi/Data/dataggen/outputs/five_bench/r35_rho/lpips_unblended/edit3/0056_kart-turn.npz
[ok] edit3/0057_dog: rho (15, 1560) range [2.042, 50.000] mean 4.216 -> /home/ids/skhairi/Data/dataggen/outputs/five_bench/r35_rho/lpips_unblended/edit3/0057_dog.npz
[ok] edit3/0058_boat: rho (18, 1560) range [2.001, 23.755] mean 2.715 -> /home/ids/skhairi/Data/dataggen/outputs/five_bench/r35_rho/lpips_unblended/edit3/0058_boat.npz
[ok] edit3/0059_drift-straight: rho (12, 1560) range [2.009, 50.000] mean 7.049 -> /home/ids/skhairi/Data/dataggen/outputs/five_bench/r35_rho/lpips_unblended/edit3/0059_drift-straight.npz
[ok] edit3/0060_motocross-bumps: rho (15, 1560) range [2.031, 50.000] mean 4.569 -> /home/ids/skhairi/Data/dataggen/outputs/five_bench/r35_rho/lpips_unblended/edit3/0060_motocross-bumps.npz
[ok] edit3/0061_mbike-santa: rho (15, 1560) range [2.046, 50.000] mean 6.497 -> /home/ids/skhairi/Data/dataggen/outputs/five_bench/r35_rho/lpips_unblended/edit3/0061_mbike-santa.npz
[ok] edit3/0062_elephant: rho (18, 1560) range [2.003, 50.000] mean 3.936 -> /home/ids/skhairi/Data/dataggen/outputs/five_bench/r35_rho/lpips_unblended/edit3/0062_elephant.npz
[ok] edit3/0063_drift-turn: rho (15, 1560) range [2.037, 50.000] mean 5.671 -> /home/ids/skhairi/Data/dataggen/outputs/five_bench/r35_rho/lpips_unblended/edit3/0063_drift-turn.npz
[ok] edit3/0064_rollerblade: rho (9, 1560) range [2.006, 24.210] mean 2.450 -> /home/ids/skhairi/Data/dataggen/outputs/five_bench/r35_rho/lpips_unblended/edit3/0064_rollerblade.npz
[ok] edit3/0065_twist-dance: rho (21, 1560) range [2.007, 50.000] mean 3.458 -> /home/ids/skhairi/Data/dataggen/outputs/five_bench/r35_rho/lpips_unblended/edit3/0065_twist-dance.npz
[ok] edit3/0066_deer: rho (18, 1560) range [2.002, 50.000] mean 4.482 -> /home/ids/skhairi/Data/dataggen/outputs/five_bench/r35_rho/lpips_unblended/edit3/0066_deer.npz
[ok] edit3/0067_mbike-trick: rho (18, 1560) range [2.001, 50.000] mean 4.474 -> /home/ids/skhairi/Data/dataggen/outputs/five_bench/r35_rho/lpips_unblended/edit3/0067_mbike-trick.npz
[ok] edit3/0068_planes-water: rho (9, 1560) range [2.002, 6.500] mean 2.177 -> /home/ids/skhairi/Data/dataggen/outputs/five_bench/r35_rho/lpips_unblended/edit3/0068_planes-water.npz
[ok] edit3/0069_car-turn: rho (18, 1560) range [2.005, 50.000] mean 3.671 -> /home/ids/skhairi/Data/dataggen/outputs/five_bench/r35_rho/lpips_unblended/edit3/0069_car-turn.npz
[ok] edit3/0070_dance-twirl: rho (21, 1560) range [2.008, 50.000] mean 3.420 -> /home/ids/skhairi/Data/dataggen/outputs/five_bench/r35_rho/lpips_unblended/edit3/0070_dance-twirl.npz
[ok] edit3/0071_mallard-water: rho (18, 1560) range [2.013, 17.625] mean 2.782 -> /home/ids/skhairi/Data/dataggen/outputs/five_bench/r35_rho/lpips_unblended/edit3/0071_mallard-water.npz
[ok] edit3/0072_dog-agility: rho (6, 1560) range [2.009, 50.000] mean 4.722 -> /home/ids/skhairi/Data/dataggen/outputs/five_bench/r35_rho/lpips_unblended/edit3/0072_dog-agility.npz
[ok] edit3/0073_bmx-rider: rho (21, 1560) range [2.002, 50.000] mean 4.088 -> /home/ids/skhairi/Data/dataggen/outputs/five_bench/r35_rho/lpips_unblended/edit3/0073_bmx-rider.npz
[ok] edit3/0074_rhino: rho (21, 1560) range [2.009, 50.000] mean 2.869 -> /home/ids/skhairi/Data/dataggen/outputs/five_bench/r35_rho/lpips_unblended/edit3/0074_rhino.npz
[ok] edit3/0075_A_bicycle: rho (21, 1560) range [2.002, 50.000] mean 2.730 -> /home/ids/skhairi/Data/dataggen/outputs/five_bench/r35_rho/lpips_unblended/edit3/0075_A_bicycle.npz
[ok] edit3/0076_A_rabbit: rho (21, 1560) range [2.005, 50.000] mean 5.597 -> /home/ids/skhairi/Data/dataggen/outputs/five_bench/r35_rho/lpips_unblended/edit3/0076_A_rabbit.npz
[ok] edit3/0077_A_hawk: rho (21, 1560) range [2.006, 50.000] mean 3.728 -> /home/ids/skhairi/Data/dataggen/outputs/five_bench/r35_rho/lpips_unblended/edit3/0077_A_hawk.npz
[ok] edit3/0078_A_cat: rho (21, 1560) range [2.001, 50.000] mean 3.661 -> /home/ids/skhairi/Data/dataggen/outputs/five_bench/r35_rho/lpips_unblended/edit3/0078_A_cat.npz
[ok] edit3/0079_A_bus: rho (21, 1560) range [2.012, 50.000] mean 5.962 -> /home/ids/skhairi/Data/dataggen/outputs/five_bench/r35_rho/lpips_unblended/edit3/0079_A_bus.npz
[ok] edit3/0080_A_motorcycle: rho (21, 1560) range [2.001, 50.000] mean 5.643 -> /home/ids/skhairi/Data/dataggen/outputs/five_bench/r35_rho/lpips_unblended/edit3/0080_A_motorcycle.npz
[ok] edit3/0081_A_horse: rho (21, 1560) range [2.001, 50.000] mean 2.741 -> /home/ids/skhairi/Data/dataggen/outputs/five_bench/r35_rho/lpips_unblended/edit3/0081_A_horse.npz
[ok] edit3/0082_A_tram: rho (21, 1560) range [2.002, 50.000] mean 3.680 -> /home/ids/skhairi/Data/dataggen/outputs/five_bench/r35_rho/lpips_unblended/edit3/0082_A_tram.npz
[ok] edit3/0083_A_boat: rho (21, 1560) range [2.002, 50.000] mean 3.507 -> /home/ids/skhairi/Data/dataggen/outputs/five_bench/r35_rho/lpips_unblended/edit3/0083_A_boat.npz
[ok] edit3/0084_A_squirrel: rho (21, 1560) range [2.007, 50.000] mean 6.765 -> /home/ids/skhairi/Data/dataggen/outputs/five_bench/r35_rho/lpips_unblended/edit3/0084_A_squirrel.npz
[ok] edit3/0085_A_tram: rho (21, 1560) range [2.002, 50.000] mean 4.685 -> /home/ids/skhairi/Data/dataggen/outputs/five_bench/r35_rho/lpips_unblended/edit3/0085_A_tram.npz
[ok] edit3/0086_A_red_sports_car: rho (21, 1560) range [2.008, 50.000] mean 4.621 -> /home/ids/skhairi/Data/dataggen/outputs/five_bench/r35_rho/lpips_unblended/edit3/0086_A_red_sports_car.npz
[ok] edit3/0087_A_seagull: rho (21, 1560) range [2.000, 50.000] mean 2.973 -> /home/ids/skhairi/Data/dataggen/outputs/five_bench/r35_rho/lpips_unblended/edit3/0087_A_seagull.npz
[ok] edit3/0088_A_cyclist: rho (21, 1560) range [2.026, 50.000] mean 4.710 -> /home/ids/skhairi/Data/dataggen/outputs/five_bench/r35_rho/lpips_unblended/edit3/0088_A_cyclist.npz
[ok] edit3/0089_A_dog: rho (21, 1560) range [2.001, 50.000] mean 5.117 -> /home/ids/skhairi/Data/dataggen/outputs/five_bench/r35_rho/lpips_unblended/edit3/0089_A_dog.npz
[ok] edit3/0090_A_deer: rho (21, 1560) range [2.001, 50.000] mean 3.262 -> /home/ids/skhairi/Data/dataggen/outputs/five_bench/r35_rho/lpips_unblended/edit3/0090_A_deer.npz
[ok] edit3/0091_A_hawk: rho (21, 1560) range [2.000, 50.000] mean 2.719 -> /home/ids/skhairi/Data/dataggen/outputs/five_bench/r35_rho/lpips_unblended/edit3/0091_A_hawk.npz
[ok] edit3/0092_A_fox: rho (21, 1560) range [2.002, 50.000] mean 3.358 -> /home/ids/skhairi/Data/dataggen/outputs/five_bench/r35_rho/lpips_unblended/edit3/0092_A_fox.npz
[ok] edit3/0093_A_helicopter: rho (21, 1560) range [2.084, 50.000] mean 5.402 -> /home/ids/skhairi/Data/dataggen/outputs/five_bench/r35_rho/lpips_unblended/edit3/0093_A_helicopter.npz
[ok] edit3/0094_A_swan: rho (21, 1560) range [2.006, 50.000] mean 2.636 -> /home/ids/skhairi/Data/dataggen/outputs/five_bench/r35_rho/lpips_unblended/edit3/0094_A_swan.npz
[ok] edit3/0095_A_crow: rho (21, 1560) range [2.003, 50.000] mean 2.727 -> /home/ids/skhairi/Data/dataggen/outputs/five_bench/r35_rho/lpips_unblended/edit3/0095_A_crow.npz
[ok] edit3/0096_A_car: rho (21, 1560) range [2.001, 50.000] mean 5.829 -> /home/ids/skhairi/Data/dataggen/outputs/five_bench/r35_rho/lpips_unblended/edit3/0096_A_car.npz
[ok] edit3/0097_A_bird: rho (21, 1560) range [2.003, 50.000] mean 2.564 -> /home/ids/skhairi/Data/dataggen/outputs/five_bench/r35_rho/lpips_unblended/edit3/0097_A_bird.npz
[ok] edit3/0098_A_squirrel: rho (21, 1560) range [2.003, 50.000] mean 2.494 -> /home/ids/skhairi/Data/dataggen/outputs/five_bench/r35_rho/lpips_unblended/edit3/0098_A_squirrel.npz
[ok] edit3/0099_A_jogger: rho (21, 1560) range [2.008, 19.858] mean 2.515 -> /home/ids/skhairi/Data/dataggen/outputs/five_bench/r35_rho/lpips_unblended/edit3/0099_A_jogger.npz
[ok] edit3/0100_A_deer: rho (21, 1560) range [2.007, 30.131] mean 2.743 -> /home/ids/skhairi/Data/dataggen/outputs/five_bench/r35_rho/lpips_unblended/edit3/0100_A_deer.npz
[ok] edit4/0001_bus: rho (18, 1560) range [2.014, 50.000] mean 3.473 -> /home/ids/skhairi/Data/dataggen/outputs/five_bench/r35_rho/lpips_unblended/edit4/0001_bus.npz
[ok] edit4/0002_girl-dog: rho (21, 1560) range [2.017, 50.000] mean 3.457 -> /home/ids/skhairi/Data/dataggen/outputs/five_bench/r35_rho/lpips_unblended/edit4/0002_girl-dog.npz
[ok] edit4/0003_ocean-birds: rho (9, 1560) range [2.010, 21.675] mean 3.319 -> /home/ids/skhairi/Data/dataggen/outputs/five_bench/r35_rho/lpips_unblended/edit4/0003_ocean-birds.npz
[ok] edit4/0004_car-roundabout: rho (18, 1560) range [2.019, 14.193] mean 2.612 -> /home/ids/skhairi/Data/dataggen/outputs/five_bench/r35_rho/lpips_unblended/edit4/0004_car-roundabout.npz
[ok] edit4/0005_breakdance: rho (21, 1560) range [2.007, 50.000] mean 3.498 -> /home/ids/skhairi/Data/dataggen/outputs/five_bench/r35_rho/lpips_unblended/edit4/0005_breakdance.npz
[ok] edit4/0006_paragliding: rho (18, 1560) range [2.016, 50.000] mean 2.884 -> /home/ids/skhairi/Data/dataggen/outputs/five_bench/r35_rho/lpips_unblended/edit4/0006_paragliding.npz
[ok] edit4/0007_guitar-violin: rho (12, 1560) range [2.007, 50.000] mean 5.704 -> /home/ids/skhairi/Data/dataggen/outputs/five_bench/r35_rho/lpips_unblended/edit4/0007_guitar-violin.npz
[ok] edit4/0008_snowboard-race: rho (18, 1560) range [2.002, 50.000] mean 4.792 -> /home/ids/skhairi/Data/dataggen/outputs/five_bench/r35_rho/lpips_unblended/edit4/0008_snowboard-race.npz
[ok] edit4/0009_bear: rho (21, 1560) range [2.013, 29.799] mean 2.889 -> /home/ids/skhairi/Data/dataggen/outputs/five_bench/r35_rho/lpips_unblended/edit4/0009_bear.npz
[ok] edit4/0010_giant-slalom: rho (30, 1560) range [2.002, 50.000] mean 2.567 -> /home/ids/skhairi/Data/dataggen/outputs/five_bench/r35_rho/lpips_unblended/edit4/0010_giant-slalom.npz
[ok] edit4/0011_lucia: rho (18, 1560) range [2.035, 50.000] mean 3.233 -> /home/ids/skhairi/Data/dataggen/outputs/five_bench/r35_rho/lpips_unblended/edit4/0011_lucia.npz
[ok] edit4/0012_goat: rho (21, 1560) range [2.063, 50.000] mean 3.423 -> /home/ids/skhairi/Data/dataggen/outputs/five_bench/r35_rho/lpips_unblended/edit4/0012_goat.npz
[ok] edit4/0013_golf: rho (18, 1560) range [2.001, 50.000] mean 3.195 -> /home/ids/skhairi/Data/dataggen/outputs/five_bench/r35_rho/lpips_unblended/edit4/0013_golf.npz
[ok] edit4/0014_burnout: rho (18, 1560) range [2.022, 50.000] mean 5.585 -> /home/ids/skhairi/Data/dataggen/outputs/five_bench/r35_rho/lpips_unblended/edit4/0014_burnout.npz
[ok] edit4/0015_car-shadow: rho (9, 1560) range [2.014, 40.116] mean 3.843 -> /home/ids/skhairi/Data/dataggen/outputs/five_bench/r35_rho/lpips_unblended/edit4/0015_car-shadow.npz
[ok] edit4/0016_horsejump-high: rho (12, 1560) range [2.003, 50.000] mean 3.481 -> /home/ids/skhairi/Data/dataggen/outputs/five_bench/r35_rho/lpips_unblended/edit4/0016_horsejump-high.npz
[ok] edit4/0017_kid-football: rho (15, 1560) range [2.003, 50.000] mean 5.724 -> /home/ids/skhairi/Data/dataggen/outputs/five_bench/r35_rho/lpips_unblended/edit4/0017_kid-football.npz
[ok] edit4/0018_breakdance-flare: rho (18, 1560) range [2.013, 50.000] mean 3.152 -> /home/ids/skhairi/Data/dataggen/outputs/five_bench/r35_rho/lpips_unblended/edit4/0018_breakdance-flare.npz
[ok] edit4/0019_tennis-vest: rho (18, 1560) range [2.005, 50.000] mean 2.702 -> /home/ids/skhairi/Data/dataggen/outputs/five_bench/r35_rho/lpips_unblended/edit4/0019_tennis-vest.npz
[ok] edit4/0020_monkeys: rho (21, 1560) range [2.044, 50.000] mean 4.378 -> /home/ids/skhairi/Data/dataggen/outputs/five_bench/r35_rho/lpips_unblended/edit4/0020_monkeys.npz
[ok] edit4/0021_landing: rho (9, 1560) range [2.002, 50.000] mean 6.096 -> /home/ids/skhairi/Data/dataggen/outputs/five_bench/r35_rho/lpips_unblended/edit4/0021_landing.npz
[ok] edit4/0022_skate-jump: rho (15, 1560) range [2.001, 50.000] mean 4.054 -> /home/ids/skhairi/Data/dataggen/outputs/five_bench/r35_rho/lpips_unblended/edit4/0022_skate-jump.npz
[ok] edit4/0023_kayak-race: rho (15, 1560) range [2.001, 50.000] mean 3.693 -> /home/ids/skhairi/Data/dataggen/outputs/five_bench/r35_rho/lpips_unblended/edit4/0023_kayak-race.npz
[ok] edit4/0024_hockey: rho (18, 1560) range [2.008, 43.515] mean 2.692 -> /home/ids/skhairi/Data/dataggen/outputs/five_bench/r35_rho/lpips_unblended/edit4/0024_hockey.npz
[ok] edit4/0025_baseball: rho (21, 1560) range [2.019, 50.000] mean 5.033 -> /home/ids/skhairi/Data/dataggen/outputs/five_bench/r35_rho/lpips_unblended/edit4/0025_baseball.npz
[ok] edit4/0026_table-tennis: rho (18, 1560) range [2.001, 50.000] mean 3.400 -> /home/ids/skhairi/Data/dataggen/outputs/five_bench/r35_rho/lpips_unblended/edit4/0026_table-tennis.npz
[ok] edit4/0027_dance-jump: rho (15, 1560) range [2.048, 50.000] mean 3.927 -> /home/ids/skhairi/Data/dataggen/outputs/five_bench/r35_rho/lpips_unblended/edit4/0027_dance-jump.npz
[ok] edit4/0028_kite-walk: rho (18, 1560) range [2.004, 50.000] mean 2.904 -> /home/ids/skhairi/Data/dataggen/outputs/five_bench/r35_rho/lpips_unblended/edit4/0028_kite-walk.npz
[ok] edit4/0029_horsejump-stick: rho (15, 1560) range [2.027, 50.000] mean 3.863 -> /home/ids/skhairi/Data/dataggen/outputs/five_bench/r35_rho/lpips_unblended/edit4/0029_horsejump-stick.npz
[ok] edit4/0030_rallye: rho (12, 1560) range [2.001, 50.000] mean 5.371 -> /home/ids/skhairi/Data/dataggen/outputs/five_bench/r35_rho/lpips_unblended/edit4/0030_rallye.npz
[ok] edit4/0031_soccerball: rho (12, 1560) range [2.008, 50.000] mean 6.435 -> /home/ids/skhairi/Data/dataggen/outputs/five_bench/r35_rho/lpips_unblended/edit4/0031_soccerball.npz
[ok] edit4/0032_mermaid: rho (18, 1560) range [2.003, 50.000] mean 7.354 -> /home/ids/skhairi/Data/dataggen/outputs/five_bench/r35_rho/lpips_unblended/edit4/0032_mermaid.npz
[ok] edit4/0033_horsejump-low: rho (15, 1560) range [2.023, 50.000] mean 3.459 -> /home/ids/skhairi/Data/dataggen/outputs/five_bench/r35_rho/lpips_unblended/edit4/0033_horsejump-low.npz
[ok] edit4/0034_cows: rho (24, 1560) range [2.014, 50.000] mean 2.626 -> /home/ids/skhairi/Data/dataggen/outputs/five_bench/r35_rho/lpips_unblended/edit4/0034_cows.npz
[ok] edit4/0035_helicopter: rho (12, 1560) range [2.003, 50.000] mean 4.567 -> /home/ids/skhairi/Data/dataggen/outputs/five_bench/r35_rho/lpips_unblended/edit4/0035_helicopter.npz
[ok] edit4/0036_camel: rho (21, 1560) range [2.031, 50.000] mean 4.092 -> /home/ids/skhairi/Data/dataggen/outputs/five_bench/r35_rho/lpips_unblended/edit4/0036_camel.npz
[ok] edit4/0037_snowboard-sand: rho (12, 1560) range [2.005, 50.000] mean 3.576 -> /home/ids/skhairi/Data/dataggen/outputs/five_bench/r35_rho/lpips_unblended/edit4/0037_snowboard-sand.npz
[ok] edit4/0038_motorbike: rho (9, 1560) range [2.006, 50.000] mean 2.865 -> /home/ids/skhairi/Data/dataggen/outputs/five_bench/r35_rho/lpips_unblended/edit4/0038_motorbike.npz
[ok] edit4/0039_chamaleon: rho (21, 1560) range [2.006, 50.000] mean 3.391 -> /home/ids/skhairi/Data/dataggen/outputs/five_bench/r35_rho/lpips_unblended/edit4/0039_chamaleon.npz
[ok] edit4/0040_tennis: rho (18, 1560) range [2.005, 50.000] mean 3.402 -> /home/ids/skhairi/Data/dataggen/outputs/five_bench/r35_rho/lpips_unblended/edit4/0040_tennis.npz
[ok] edit4/0041_longboard: rho (12, 1560) range [2.015, 50.000] mean 5.177 -> /home/ids/skhairi/Data/dataggen/outputs/five_bench/r35_rho/lpips_unblended/edit4/0041_longboard.npz
[ok] edit4/0042_gym-ball: rho (18, 1560) range [2.002, 50.000] mean 3.520 -> /home/ids/skhairi/Data/dataggen/outputs/five_bench/r35_rho/lpips_unblended/edit4/0042_gym-ball.npz
[ok] edit4/0043_parkour: rho (24, 1560) range [2.002, 50.000] mean 3.308 -> /home/ids/skhairi/Data/dataggen/outputs/five_bench/r35_rho/lpips_unblended/edit4/0043_parkour.npz
[ok] edit4/0044_snowboard: rho (15, 1560) range [2.047, 50.000] mean 4.163 -> /home/ids/skhairi/Data/dataggen/outputs/five_bench/r35_rho/lpips_unblended/edit4/0044_snowboard.npz
[ok] edit4/0045_butterfly: rho (18, 1560) range [2.002, 50.000] mean 3.494 -> /home/ids/skhairi/Data/dataggen/outputs/five_bench/r35_rho/lpips_unblended/edit4/0045_butterfly.npz
[ok] edit4/0046_blackswan: rho (12, 1560) range [2.006, 13.968] mean 2.655 -> /home/ids/skhairi/Data/dataggen/outputs/five_bench/r35_rho/lpips_unblended/edit4/0046_blackswan.npz
[ok] edit4/0047_judo: rho (9, 1560) range [2.004, 50.000] mean 3.324 -> /home/ids/skhairi/Data/dataggen/outputs/five_bench/r35_rho/lpips_unblended/edit4/0047_judo.npz
[ok] edit4/0048_hike: rho (18, 1560) range [2.001, 9.593] mean 2.508 -> /home/ids/skhairi/Data/dataggen/outputs/five_bench/r35_rho/lpips_unblended/edit4/0048_hike.npz
[ok] edit4/0049_speed-skating: rho (21, 1560) range [2.003, 50.000] mean 6.903 -> /home/ids/skhairi/Data/dataggen/outputs/five_bench/r35_rho/lpips_unblended/edit4/0049_speed-skating.npz
[ok] edit4/0050_slackline: rho (15, 1560) range [2.008, 50.000] mean 3.016 -> /home/ids/skhairi/Data/dataggen/outputs/five_bench/r35_rho/lpips_unblended/edit4/0050_slackline.npz
[ok] edit4/0051_dogs-jump: rho (15, 1560) range [2.005, 50.000] mean 3.505 -> /home/ids/skhairi/Data/dataggen/outputs/five_bench/r35_rho/lpips_unblended/edit4/0051_dogs-jump.npz
[ok] edit4/0052_mallard-fly: rho (18, 1560) range [2.016, 50.000] mean 2.985 -> /home/ids/skhairi/Data/dataggen/outputs/five_bench/r35_rho/lpips_unblended/edit4/0052_mallard-fly.npz
[ok] edit4/0053_swing: rho (15, 1560) range [2.013, 50.000] mean 3.679 -> /home/ids/skhairi/Data/dataggen/outputs/five_bench/r35_rho/lpips_unblended/edit4/0053_swing.npz
[ok] edit4/0054_train: rho (18, 1560) range [2.006, 50.000] mean 3.863 -> /home/ids/skhairi/Data/dataggen/outputs/five_bench/r35_rho/lpips_unblended/edit4/0054_train.npz
[ok] edit4/0055_pigs: rho (18, 1560) range [2.021, 50.000] mean 3.517 -> /home/ids/skhairi/Data/dataggen/outputs/five_bench/r35_rho/lpips_unblended/edit4/0055_pigs.npz
[ok] edit4/0056_kart-turn: rho (21, 1560) range [2.006, 50.000] mean 3.996 -> /home/ids/skhairi/Data/dataggen/outputs/five_bench/r35_rho/lpips_unblended/edit4/0056_kart-turn.npz
[ok] edit4/0057_dog: rho (15, 1560) range [2.021, 50.000] mean 5.609 -> /home/ids/skhairi/Data/dataggen/outputs/five_bench/r35_rho/lpips_unblended/edit4/0057_dog.npz
[ok] edit4/0058_boat: rho (18, 1560) range [2.001, 20.881] mean 2.615 -> /home/ids/skhairi/Data/dataggen/outputs/five_bench/r35_rho/lpips_unblended/edit4/0058_boat.npz
[ok] edit4/0059_drift-straight: rho (12, 1560) range [2.073, 50.000] mean 8.815 -> /home/ids/skhairi/Data/dataggen/outputs/five_bench/r35_rho/lpips_unblended/edit4/0059_drift-straight.npz
[ok] edit4/0060_motocross-bumps: rho (15, 1560) range [2.021, 50.000] mean 4.395 -> /home/ids/skhairi/Data/dataggen/outputs/five_bench/r35_rho/lpips_unblended/edit4/0060_motocross-bumps.npz
[ok] edit4/0061_mbike-santa: rho (15, 1560) range [2.052, 50.000] mean 7.664 -> /home/ids/skhairi/Data/dataggen/outputs/five_bench/r35_rho/lpips_unblended/edit4/0061_mbike-santa.npz
[ok] edit4/0062_elephant: rho (18, 1560) range [2.003, 50.000] mean 4.299 -> /home/ids/skhairi/Data/dataggen/outputs/five_bench/r35_rho/lpips_unblended/edit4/0062_elephant.npz
[ok] edit4/0063_drift-turn: rho (15, 1560) range [2.100, 50.000] mean 6.971 -> /home/ids/skhairi/Data/dataggen/outputs/five_bench/r35_rho/lpips_unblended/edit4/0063_drift-turn.npz
[ok] edit4/0064_rollerblade: rho (9, 1560) range [2.008, 18.139] mean 2.834 -> /home/ids/skhairi/Data/dataggen/outputs/five_bench/r35_rho/lpips_unblended/edit4/0064_rollerblade.npz
[ok] edit4/0065_twist-dance: rho (21, 1560) range [2.004, 50.000] mean 2.849 -> /home/ids/skhairi/Data/dataggen/outputs/five_bench/r35_rho/lpips_unblended/edit4/0065_twist-dance.npz
[ok] edit4/0066_deer: rho (18, 1560) range [2.004, 50.000] mean 7.725 -> /home/ids/skhairi/Data/dataggen/outputs/five_bench/r35_rho/lpips_unblended/edit4/0066_deer.npz
[ok] edit4/0067_mbike-trick: rho (18, 1560) range [2.001, 50.000] mean 3.526 -> /home/ids/skhairi/Data/dataggen/outputs/five_bench/r35_rho/lpips_unblended/edit4/0067_mbike-trick.npz
[ok] edit4/0068_planes-water: rho (9, 1560) range [2.002, 50.000] mean 2.807 -> /home/ids/skhairi/Data/dataggen/outputs/five_bench/r35_rho/lpips_unblended/edit4/0068_planes-water.npz
[ok] edit4/0069_car-turn: rho (18, 1560) range [2.006, 50.000] mean 3.859 -> /home/ids/skhairi/Data/dataggen/outputs/five_bench/r35_rho/lpips_unblended/edit4/0069_car-turn.npz
[ok] edit4/0070_dance-twirl: rho (21, 1560) range [2.007, 50.000] mean 3.355 -> /home/ids/skhairi/Data/dataggen/outputs/five_bench/r35_rho/lpips_unblended/edit4/0070_dance-twirl.npz
[ok] edit4/0071_mallard-water: rho (18, 1560) range [2.011, 28.262] mean 2.780 -> /home/ids/skhairi/Data/dataggen/outputs/five_bench/r35_rho/lpips_unblended/edit4/0071_mallard-water.npz
[ok] edit4/0072_dog-agility: rho (6, 1560) range [2.010, 50.000] mean 3.857 -> /home/ids/skhairi/Data/dataggen/outputs/five_bench/r35_rho/lpips_unblended/edit4/0072_dog-agility.npz
[ok] edit4/0073_bmx-rider: rho (21, 1560) range [2.002, 50.000] mean 3.263 -> /home/ids/skhairi/Data/dataggen/outputs/five_bench/r35_rho/lpips_unblended/edit4/0073_bmx-rider.npz
[ok] edit4/0074_rhino: rho (21, 1560) range [2.010, 17.316] mean 2.617 -> /home/ids/skhairi/Data/dataggen/outputs/five_bench/r35_rho/lpips_unblended/edit4/0074_rhino.npz
[ok] edit4/0075_A_bicycle: rho (21, 1560) range [2.001, 50.000] mean 2.857 -> /home/ids/skhairi/Data/dataggen/outputs/five_bench/r35_rho/lpips_unblended/edit4/0075_A_bicycle.npz
[ok] edit4/0076_A_rabbit: rho (21, 1560) range [2.004, 50.000] mean 5.488 -> /home/ids/skhairi/Data/dataggen/outputs/five_bench/r35_rho/lpips_unblended/edit4/0076_A_rabbit.npz
[ok] edit4/0077_A_hawk: rho (21, 1560) range [2.006, 50.000] mean 4.998 -> /home/ids/skhairi/Data/dataggen/outputs/five_bench/r35_rho/lpips_unblended/edit4/0077_A_hawk.npz
[ok] edit4/0078_A_cat: rho (21, 1560) range [2.001, 50.000] mean 3.026 -> /home/ids/skhairi/Data/dataggen/outputs/five_bench/r35_rho/lpips_unblended/edit4/0078_A_cat.npz
[ok] edit4/0079_A_bus: rho (21, 1560) range [2.012, 50.000] mean 6.812 -> /home/ids/skhairi/Data/dataggen/outputs/five_bench/r35_rho/lpips_unblended/edit4/0079_A_bus.npz
[ok] edit4/0080_A_motorcycle: rho (21, 1560) range [2.001, 50.000] mean 4.959 -> /home/ids/skhairi/Data/dataggen/outputs/five_bench/r35_rho/lpips_unblended/edit4/0080_A_motorcycle.npz
[ok] edit4/0081_A_horse: rho (21, 1560) range [2.001, 50.000] mean 2.982 -> /home/ids/skhairi/Data/dataggen/outputs/five_bench/r35_rho/lpips_unblended/edit4/0081_A_horse.npz
[ok] edit4/0082_A_tram: rho (21, 1560) range [2.003, 50.000] mean 4.706 -> /home/ids/skhairi/Data/dataggen/outputs/five_bench/r35_rho/lpips_unblended/edit4/0082_A_tram.npz
[ok] edit4/0083_A_boat: rho (21, 1560) range [2.001, 50.000] mean 3.183 -> /home/ids/skhairi/Data/dataggen/outputs/five_bench/r35_rho/lpips_unblended/edit4/0083_A_boat.npz
[ok] edit4/0084_A_squirrel: rho (21, 1560) range [2.011, 50.000] mean 5.377 -> /home/ids/skhairi/Data/dataggen/outputs/five_bench/r35_rho/lpips_unblended/edit4/0084_A_squirrel.npz
[ok] edit4/0085_A_tram: rho (21, 1560) range [2.002, 50.000] mean 5.273 -> /home/ids/skhairi/Data/dataggen/outputs/five_bench/r35_rho/lpips_unblended/edit4/0085_A_tram.npz
[ok] edit4/0086_A_red_sports_car: rho (21, 1560) range [2.004, 50.000] mean 4.504 -> /home/ids/skhairi/Data/dataggen/outputs/five_bench/r35_rho/lpips_unblended/edit4/0086_A_red_sports_car.npz
[ok] edit4/0087_A_seagull: rho (21, 1560) range [2.000, 50.000] mean 3.502 -> /home/ids/skhairi/Data/dataggen/outputs/five_bench/r35_rho/lpips_unblended/edit4/0087_A_seagull.npz
[ok] edit4/0088_A_cyclist: rho (21, 1560) range [2.019, 50.000] mean 5.023 -> /home/ids/skhairi/Data/dataggen/outputs/five_bench/r35_rho/lpips_unblended/edit4/0088_A_cyclist.npz
[ok] edit4/0089_A_dog: rho (21, 1560) range [2.001, 50.000] mean 6.540 -> /home/ids/skhairi/Data/dataggen/outputs/five_bench/r35_rho/lpips_unblended/edit4/0089_A_dog.npz
[ok] edit4/0090_A_deer: rho (21, 1560) range [2.001, 50.000] mean 2.773 -> /home/ids/skhairi/Data/dataggen/outputs/five_bench/r35_rho/lpips_unblended/edit4/0090_A_deer.npz
[ok] edit4/0091_A_hawk: rho (21, 1560) range [2.000, 50.000] mean 4.011 -> /home/ids/skhairi/Data/dataggen/outputs/five_bench/r35_rho/lpips_unblended/edit4/0091_A_hawk.npz
[ok] edit4/0092_A_fox: rho (21, 1560) range [2.002, 50.000] mean 2.746 -> /home/ids/skhairi/Data/dataggen/outputs/five_bench/r35_rho/lpips_unblended/edit4/0092_A_fox.npz
[ok] edit4/0093_A_helicopter: rho (21, 1560) range [2.011, 50.000] mean 3.881 -> /home/ids/skhairi/Data/dataggen/outputs/five_bench/r35_rho/lpips_unblended/edit4/0093_A_helicopter.npz
[ok] edit4/0094_A_swan: rho (21, 1560) range [2.006, 50.000] mean 2.233 -> /home/ids/skhairi/Data/dataggen/outputs/five_bench/r35_rho/lpips_unblended/edit4/0094_A_swan.npz
[ok] edit4/0095_A_crow: rho (21, 1560) range [2.003, 50.000] mean 5.236 -> /home/ids/skhairi/Data/dataggen/outputs/five_bench/r35_rho/lpips_unblended/edit4/0095_A_crow.npz
[ok] edit4/0096_A_car: rho (21, 1560) range [2.001, 50.000] mean 6.059 -> /home/ids/skhairi/Data/dataggen/outputs/five_bench/r35_rho/lpips_unblended/edit4/0096_A_car.npz
[ok] edit4/0097_A_bird: rho (21, 1560) range [2.002, 50.000] mean 2.678 -> /home/ids/skhairi/Data/dataggen/outputs/five_bench/r35_rho/lpips_unblended/edit4/0097_A_bird.npz
[ok] edit4/0098_A_squirrel: rho (21, 1560) range [2.003, 50.000] mean 2.801 -> /home/ids/skhairi/Data/dataggen/outputs/five_bench/r35_rho/lpips_unblended/edit4/0098_A_squirrel.npz
[ok] edit4/0099_A_jogger: rho (21, 1560) range [2.009, 50.000] mean 2.843 -> /home/ids/skhairi/Data/dataggen/outputs/five_bench/r35_rho/lpips_unblended/edit4/0099_A_jogger.npz
[ok] edit4/0100_A_deer: rho (21, 1560) range [2.007, 50.000] mean 2.998 -> /home/ids/skhairi/Data/dataggen/outputs/five_bench/r35_rho/lpips_unblended/edit4/0100_A_deer.npz
[ok] edit5/0007_guitar-violin: rho (12, 1560) range [2.008, 50.000] mean 3.218 -> /home/ids/skhairi/Data/dataggen/outputs/five_bench/r35_rho/lpips_unblended/edit5/0007_guitar-violin.npz
[ok] edit5/0009_bear: rho (21, 1560) range [2.013, 35.997] mean 2.863 -> /home/ids/skhairi/Data/dataggen/outputs/five_bench/r35_rho/lpips_unblended/edit5/0009_bear.npz
[ok] edit5/0011_lucia: rho (18, 1560) range [2.034, 50.000] mean 3.448 -> /home/ids/skhairi/Data/dataggen/outputs/five_bench/r35_rho/lpips_unblended/edit5/0011_lucia.npz
[ok] edit5/0019_tennis-vest: rho (18, 1560) range [2.029, 50.000] mean 5.321 -> /home/ids/skhairi/Data/dataggen/outputs/five_bench/r35_rho/lpips_unblended/edit5/0019_tennis-vest.npz
[ok] edit5/0034_cows: rho (24, 1560) range [2.108, 50.000] mean 5.096 -> /home/ids/skhairi/Data/dataggen/outputs/five_bench/r35_rho/lpips_unblended/edit5/0034_cows.npz
[ok] edit5/0036_camel: rho (21, 1560) range [2.018, 50.000] mean 4.095 -> /home/ids/skhairi/Data/dataggen/outputs/five_bench/r35_rho/lpips_unblended/edit5/0036_camel.npz
[ok] edit5/0057_dog: rho (15, 1560) range [2.157, 50.000] mean 5.831 -> /home/ids/skhairi/Data/dataggen/outputs/five_bench/r35_rho/lpips_unblended/edit5/0057_dog.npz
[ok] edit5/0069_car-turn: rho (18, 1560) range [2.005, 50.000] mean 5.241 -> /home/ids/skhairi/Data/dataggen/outputs/five_bench/r35_rho/lpips_unblended/edit5/0069_car-turn.npz
[ok] edit5/0089_A_dog: rho (21, 1560) range [2.001, 50.000] mean 3.896 -> /home/ids/skhairi/Data/dataggen/outputs/five_bench/r35_rho/lpips_unblended/edit5/0089_A_dog.npz
[ok] edit6/0002_girl-dog: rho (21, 1560) range [2.016, 50.000] mean 3.023 -> /home/ids/skhairi/Data/dataggen/outputs/five_bench/r35_rho/lpips_unblended/edit6/0002_girl-dog.npz
[ok] edit6/0017_kid-football: rho (15, 1560) range [2.002, 50.000] mean 2.951 -> /home/ids/skhairi/Data/dataggen/outputs/five_bench/r35_rho/lpips_unblended/edit6/0017_kid-football.npz
[ok] edit6/0025_baseball: rho (21, 1560) range [2.024, 50.000] mean 8.181 -> /home/ids/skhairi/Data/dataggen/outputs/five_bench/r35_rho/lpips_unblended/edit6/0025_baseball.npz
[ok] edit6/0041_longboard: rho (12, 1560) range [2.009, 50.000] mean 2.876 -> /home/ids/skhairi/Data/dataggen/outputs/five_bench/r35_rho/lpips_unblended/edit6/0041_longboard.npz
[ok] edit6/0042_gym-ball: rho (18, 1560) range [2.011, 50.000] mean 3.519 -> /home/ids/skhairi/Data/dataggen/outputs/five_bench/r35_rho/lpips_unblended/edit6/0042_gym-ball.npz
[ok] edit6/0048_hike: rho (18, 1560) range [2.001, 11.329] mean 2.494 -> /home/ids/skhairi/Data/dataggen/outputs/five_bench/r35_rho/lpips_unblended/edit6/0048_hike.npz
[ok] edit6/0051_dogs-jump: rho (15, 1560) range [2.004, 50.000] mean 2.696 -> /home/ids/skhairi/Data/dataggen/outputs/five_bench/r35_rho/lpips_unblended/edit6/0051_dogs-jump.npz
[ok] edit6/0055_pigs: rho (18, 1560) range [2.019, 50.000] mean 3.303 -> /home/ids/skhairi/Data/dataggen/outputs/five_bench/r35_rho/lpips_unblended/edit6/0055_pigs.npz
[ok] edit6/0078_A_cat: rho (21, 1560) range [2.001, 50.000] mean 2.669 -> /home/ids/skhairi/Data/dataggen/outputs/five_bench/r35_rho/lpips_unblended/edit6/0078_A_cat.npz
[ok] edit6/0088_A_cyclist: rho (21, 1560) range [2.015, 50.000] mean 3.927 -> /home/ids/skhairi/Data/dataggen/outputs/five_bench/r35_rho/lpips_unblended/edit6/0088_A_cyclist.npz
[r31_rho_map] done: 419/419 ok -> /home/ids/skhairi/Data/dataggen/outputs/five_bench/r35_rho/lpips_unblended
=== [r35_absnorm] lpips_first2  (div_max=1.0) ===
[r35_absnorm] lpips_first2: 419 stage-2 npz found (expect 419)

[r31_div_abs] arm=lpips_first2 absolute range [0, 1] (419 clips) -> /home/ids/skhairi/Data/dataggen/outputs/five_bench/r35_div_abs/lpips_first2
[ok] lpips_first2/edit1/0001_bus: d_max_clip=1.0925 -> m_abs_max=1.0000 mean=0.2206 clipped=0.0321% frac(m>0.5)=0.190
[ok] lpips_first2/edit1/0002_girl-dog: d_max_clip=0.8677 -> m_abs_max=0.8677 mean=0.1200 clipped=0.0000% frac(m>0.5)=0.027
[ok] lpips_first2/edit1/0003_ocean-birds: d_max_clip=1.0202 -> m_abs_max=1.0000 mean=0.2626 clipped=0.0142% frac(m>0.5)=0.240
[ok] lpips_first2/edit1/0004_car-roundabout: d_max_clip=0.9170 -> m_abs_max=0.9170 mean=0.1669 clipped=0.0000% frac(m>0.5)=0.091
[ok] lpips_first2/edit1/0005_breakdance: d_max_clip=1.1182 -> m_abs_max=1.0000 mean=0.1861 clipped=0.0214% frac(m>0.5)=0.136
[ok] lpips_first2/edit1/0006_paragliding: d_max_clip=1.3068 -> m_abs_max=1.0000 mean=0.1524 clipped=0.1959% frac(m>0.5)=0.092
[ok] lpips_first2/edit1/0007_guitar-violin: d_max_clip=1.1549 -> m_abs_max=1.0000 mean=0.3372 clipped=0.4487% frac(m>0.5)=0.383
[ok] lpips_first2/edit1/0008_snowboard-race: d_max_clip=0.9800 -> m_abs_max=0.9800 mean=0.2012 clipped=0.0000% frac(m>0.5)=0.116
[ok] lpips_first2/edit1/0009_bear: d_max_clip=1.0342 -> m_abs_max=1.0000 mean=0.2022 clipped=0.0061% frac(m>0.5)=0.166
[ok] lpips_first2/edit1/0010_giant-slalom: d_max_clip=1.2066 -> m_abs_max=1.0000 mean=0.0880 clipped=0.1581% frac(m>0.5)=0.062
[ok] lpips_first2/edit1/0011_lucia: d_max_clip=0.8307 -> m_abs_max=0.8307 mean=0.1407 clipped=0.0000% frac(m>0.5)=0.028
[ok] lpips_first2/edit1/0012_goat: d_max_clip=1.1242 -> m_abs_max=1.0000 mean=0.2303 clipped=0.0946% frac(m>0.5)=0.128
[ok] lpips_first2/edit1/0013_golf: d_max_clip=0.8332 -> m_abs_max=0.8332 mean=0.1093 clipped=0.0000% frac(m>0.5)=0.016
[ok] lpips_first2/edit1/0014_burnout: d_max_clip=1.0481 -> m_abs_max=1.0000 mean=0.1775 clipped=0.0214% frac(m>0.5)=0.104
[ok] lpips_first2/edit1/0015_car-shadow: d_max_clip=0.9750 -> m_abs_max=0.9750 mean=0.1373 clipped=0.0000% frac(m>0.5)=0.094
[ok] lpips_first2/edit1/0016_horsejump-high: d_max_clip=0.9761 -> m_abs_max=0.9761 mean=0.1394 clipped=0.0000% frac(m>0.5)=0.076
[ok] lpips_first2/edit1/0017_kid-football: d_max_clip=1.0388 -> m_abs_max=1.0000 mean=0.1407 clipped=0.0043% frac(m>0.5)=0.075
[ok] lpips_first2/edit1/0018_breakdance-flare: d_max_clip=1.3176 -> m_abs_max=1.0000 mean=0.2356 clipped=0.2885% frac(m>0.5)=0.196
[ok] lpips_first2/edit1/0019_tennis-vest: d_max_clip=0.9726 -> m_abs_max=0.9726 mean=0.1167 clipped=0.0000% frac(m>0.5)=0.063
[ok] lpips_first2/edit1/0020_monkeys: d_max_clip=1.1258 -> m_abs_max=1.0000 mean=0.2257 clipped=0.0427% frac(m>0.5)=0.164
[ok] lpips_first2/edit1/0021_landing: d_max_clip=1.1362 -> m_abs_max=1.0000 mean=0.2405 clipped=0.2422% frac(m>0.5)=0.205
[ok] lpips_first2/edit1/0022_skate-jump: d_max_clip=0.8987 -> m_abs_max=0.8987 mean=0.0642 clipped=0.0000% frac(m>0.5)=0.026
[ok] lpips_first2/edit1/0023_kayak-race: d_max_clip=0.9067 -> m_abs_max=0.9067 mean=0.2106 clipped=0.0000% frac(m>0.5)=0.094
[ok] lpips_first2/edit1/0024_hockey: d_max_clip=0.9601 -> m_abs_max=0.9601 mean=0.1160 clipped=0.0000% frac(m>0.5)=0.075
[ok] lpips_first2/edit1/0025_baseball: d_max_clip=1.1226 -> m_abs_max=1.0000 mean=0.1984 clipped=0.1282% frac(m>0.5)=0.120
[ok] lpips_first2/edit1/0026_table-tennis: d_max_clip=0.9395 -> m_abs_max=0.9395 mean=0.0928 clipped=0.0000% frac(m>0.5)=0.051
[ok] lpips_first2/edit1/0027_dance-jump: d_max_clip=1.2195 -> m_abs_max=1.0000 mean=0.1697 clipped=0.1282% frac(m>0.5)=0.106
[ok] lpips_first2/edit1/0028_kite-walk: d_max_clip=0.9246 -> m_abs_max=0.9246 mean=0.0782 clipped=0.0000% frac(m>0.5)=0.030
[ok] lpips_first2/edit1/0029_horsejump-stick: d_max_clip=1.0673 -> m_abs_max=1.0000 mean=0.2539 clipped=0.0043% frac(m>0.5)=0.116
[ok] lpips_first2/edit1/0030_rallye: d_max_clip=1.2397 -> m_abs_max=1.0000 mean=0.1977 clipped=1.1271% frac(m>0.5)=0.181
[ok] lpips_first2/edit1/0031_soccerball: d_max_clip=1.0285 -> m_abs_max=1.0000 mean=0.0814 clipped=0.0107% frac(m>0.5)=0.023
[ok] lpips_first2/edit1/0032_mermaid: d_max_clip=0.9965 -> m_abs_max=0.9965 mean=0.3050 clipped=0.0000% frac(m>0.5)=0.227
[ok] lpips_first2/edit1/0033_horsejump-low: d_max_clip=0.9592 -> m_abs_max=0.9592 mean=0.2142 clipped=0.0000% frac(m>0.5)=0.088
[ok] lpips_first2/edit1/0034_cows: d_max_clip=1.1870 -> m_abs_max=1.0000 mean=0.3615 clipped=0.0988% frac(m>0.5)=0.299
[ok] lpips_first2/edit1/0035_helicopter: d_max_clip=1.0760 -> m_abs_max=1.0000 mean=0.1207 clipped=0.0427% frac(m>0.5)=0.079
[ok] lpips_first2/edit1/0036_camel: d_max_clip=1.0554 -> m_abs_max=1.0000 mean=0.2463 clipped=0.0488% frac(m>0.5)=0.205
[ok] lpips_first2/edit1/0037_snowboard-sand: d_max_clip=1.0125 -> m_abs_max=1.0000 mean=0.1186 clipped=0.0107% frac(m>0.5)=0.085
[ok] lpips_first2/edit1/0038_motorbike: d_max_clip=0.9047 -> m_abs_max=0.9047 mean=0.1294 clipped=0.0000% frac(m>0.5)=0.024
[ok] lpips_first2/edit1/0039_chamaleon: d_max_clip=1.3897 -> m_abs_max=1.0000 mean=0.1581 clipped=0.2167% frac(m>0.5)=0.131
[ok] lpips_first2/edit1/0040_tennis: d_max_clip=1.1395 -> m_abs_max=1.0000 mean=0.1304 clipped=0.0178% frac(m>0.5)=0.081
[ok] lpips_first2/edit1/0041_longboard: d_max_clip=1.0956 -> m_abs_max=1.0000 mean=0.2730 clipped=0.0855% frac(m>0.5)=0.211
[ok] lpips_first2/edit1/0042_gym-ball: d_max_clip=1.0692 -> m_abs_max=1.0000 mean=0.1363 clipped=0.0499% frac(m>0.5)=0.128
[ok] lpips_first2/edit1/0043_parkour: d_max_clip=1.0668 -> m_abs_max=1.0000 mean=0.1575 clipped=0.0107% frac(m>0.5)=0.080
[ok] lpips_first2/edit1/0044_snowboard: d_max_clip=1.0729 -> m_abs_max=1.0000 mean=0.3260 clipped=0.0214% frac(m>0.5)=0.231
[ok] lpips_first2/edit1/0045_butterfly: d_max_clip=1.0752 -> m_abs_max=1.0000 mean=0.1305 clipped=0.0321% frac(m>0.5)=0.121
[ok] lpips_first2/edit1/0046_blackswan: d_max_clip=1.0029 -> m_abs_max=1.0000 mean=0.2187 clipped=0.0053% frac(m>0.5)=0.164
[ok] lpips_first2/edit1/0047_judo: d_max_clip=1.1023 -> m_abs_max=1.0000 mean=0.2360 clipped=0.0356% frac(m>0.5)=0.215
[ok] lpips_first2/edit1/0048_hike: d_max_clip=0.9688 -> m_abs_max=0.9688 mean=0.1265 clipped=0.0000% frac(m>0.5)=0.043
[ok] lpips_first2/edit1/0049_speed-skating: d_max_clip=1.0891 -> m_abs_max=1.0000 mean=0.1946 clipped=0.0183% frac(m>0.5)=0.160
[ok] lpips_first2/edit1/0050_slackline: d_max_clip=1.2568 -> m_abs_max=1.0000 mean=0.1528 clipped=0.0812% frac(m>0.5)=0.096
[ok] lpips_first2/edit1/0051_dogs-jump: d_max_clip=0.8621 -> m_abs_max=0.8621 mean=0.1085 clipped=0.0000% frac(m>0.5)=0.066
[ok] lpips_first2/edit1/0052_mallard-fly: d_max_clip=1.2176 -> m_abs_max=1.0000 mean=0.1767 clipped=0.2528% frac(m>0.5)=0.079
[ok] lpips_first2/edit1/0053_swing: d_max_clip=1.1620 -> m_abs_max=1.0000 mean=0.1903 clipped=0.1068% frac(m>0.5)=0.095
[ok] lpips_first2/edit1/0054_train: d_max_clip=0.9648 -> m_abs_max=0.9648 mean=0.1600 clipped=0.0000% frac(m>0.5)=0.095
[ok] lpips_first2/edit1/0055_pigs: d_max_clip=1.1357 -> m_abs_max=1.0000 mean=0.2941 clipped=0.0712% frac(m>0.5)=0.293
[ok] lpips_first2/edit1/0056_kart-turn: d_max_clip=1.1041 -> m_abs_max=1.0000 mean=0.2479 clipped=0.0672% frac(m>0.5)=0.269
[ok] lpips_first2/edit1/0057_dog: d_max_clip=1.0705 -> m_abs_max=1.0000 mean=0.2166 clipped=0.0769% frac(m>0.5)=0.128
[ok] lpips_first2/edit1/0058_boat: d_max_clip=0.9372 -> m_abs_max=0.9372 mean=0.1592 clipped=0.0000% frac(m>0.5)=0.127
[ok] lpips_first2/edit1/0059_drift-straight: d_max_clip=0.9818 -> m_abs_max=0.9818 mean=0.2048 clipped=0.0000% frac(m>0.5)=0.145
[ok] lpips_first2/edit1/0060_motocross-bumps: d_max_clip=1.0769 -> m_abs_max=1.0000 mean=0.2261 clipped=0.0385% frac(m>0.5)=0.170
[ok] lpips_first2/edit1/0061_mbike-santa: d_max_clip=0.9791 -> m_abs_max=0.9791 mean=0.3647 clipped=0.0000% frac(m>0.5)=0.248
[ok] lpips_first2/edit1/0062_elephant: d_max_clip=1.2147 -> m_abs_max=1.0000 mean=0.1972 clipped=0.0926% frac(m>0.5)=0.174
[ok] lpips_first2/edit1/0063_drift-turn: d_max_clip=1.0091 -> m_abs_max=1.0000 mean=0.2679 clipped=0.0043% frac(m>0.5)=0.195
[ok] lpips_first2/edit1/0064_rollerblade: d_max_clip=1.1057 -> m_abs_max=1.0000 mean=0.0943 clipped=0.0142% frac(m>0.5)=0.052
[ok] lpips_first2/edit1/0065_twist-dance: d_max_clip=0.9777 -> m_abs_max=0.9777 mean=0.0897 clipped=0.0000% frac(m>0.5)=0.079
[ok] lpips_first2/edit1/0066_deer: d_max_clip=1.0390 -> m_abs_max=1.0000 mean=0.2003 clipped=0.0285% frac(m>0.5)=0.177
[ok] lpips_first2/edit1/0067_mbike-trick: d_max_clip=1.0685 -> m_abs_max=1.0000 mean=0.0931 clipped=0.0071% frac(m>0.5)=0.060
[ok] lpips_first2/edit1/0068_planes-water: d_max_clip=0.9164 -> m_abs_max=0.9164 mean=0.1262 clipped=0.0000% frac(m>0.5)=0.066
[ok] lpips_first2/edit1/0069_car-turn: d_max_clip=1.0865 -> m_abs_max=1.0000 mean=0.1508 clipped=0.0178% frac(m>0.5)=0.072
[ok] lpips_first2/edit1/0070_dance-twirl: d_max_clip=1.0579 -> m_abs_max=1.0000 mean=0.1720 clipped=0.0244% frac(m>0.5)=0.108
[ok] lpips_first2/edit1/0071_mallard-water: d_max_clip=1.1200 -> m_abs_max=1.0000 mean=0.1975 clipped=0.0249% frac(m>0.5)=0.118
[ok] lpips_first2/edit1/0072_dog-agility: d_max_clip=1.0034 -> m_abs_max=1.0000 mean=0.1545 clipped=0.0107% frac(m>0.5)=0.116
[ok] lpips_first2/edit1/0073_bmx-rider: d_max_clip=0.9659 -> m_abs_max=0.9659 mean=0.0950 clipped=0.0000% frac(m>0.5)=0.021
[ok] lpips_first2/edit1/0074_rhino: d_max_clip=1.1938 -> m_abs_max=1.0000 mean=0.2801 clipped=0.5250% frac(m>0.5)=0.276
[ok] lpips_first2/edit1/0075_A_bicycle: d_max_clip=1.0567 -> m_abs_max=1.0000 mean=0.1359 clipped=0.0061% frac(m>0.5)=0.109
[ok] lpips_first2/edit1/0076_A_rabbit: d_max_clip=1.1017 -> m_abs_max=1.0000 mean=0.1767 clipped=0.0183% frac(m>0.5)=0.150
[ok] lpips_first2/edit1/0077_A_hawk: d_max_clip=1.1575 -> m_abs_max=1.0000 mean=0.0896 clipped=0.0702% frac(m>0.5)=0.056
[ok] lpips_first2/edit1/0078_A_cat: d_max_clip=1.1475 -> m_abs_max=1.0000 mean=0.1624 clipped=0.4609% frac(m>0.5)=0.156
[ok] lpips_first2/edit1/0079_A_bus: d_max_clip=1.0811 -> m_abs_max=1.0000 mean=0.2952 clipped=0.0427% frac(m>0.5)=0.248
[ok] lpips_first2/edit1/0080_A_motorcycle: d_max_clip=0.9413 -> m_abs_max=0.9413 mean=0.2450 clipped=0.0000% frac(m>0.5)=0.084
[ok] lpips_first2/edit1/0081_A_horse: d_max_clip=1.0422 -> m_abs_max=1.0000 mean=0.1327 clipped=0.0092% frac(m>0.5)=0.090
[ok] lpips_first2/edit1/0082_A_tram: d_max_clip=0.9381 -> m_abs_max=0.9381 mean=0.1845 clipped=0.0000% frac(m>0.5)=0.164
[ok] lpips_first2/edit1/0083_A_boat: d_max_clip=1.2407 -> m_abs_max=1.0000 mean=0.2458 clipped=0.5586% frac(m>0.5)=0.210
[ok] lpips_first2/edit1/0084_A_squirrel: d_max_clip=1.2313 -> m_abs_max=1.0000 mean=0.1983 clipped=0.4029% frac(m>0.5)=0.163
[ok] lpips_first2/edit1/0085_A_tram: d_max_clip=0.9998 -> m_abs_max=0.9998 mean=0.1915 clipped=0.0000% frac(m>0.5)=0.143
[ok] lpips_first2/edit1/0086_A_red_sports_car: d_max_clip=1.4317 -> m_abs_max=1.0000 mean=0.1443 clipped=0.4090% frac(m>0.5)=0.110
[ok] lpips_first2/edit1/0087_A_seagull: d_max_clip=0.8624 -> m_abs_max=0.8624 mean=0.0543 clipped=0.0000% frac(m>0.5)=0.014
[ok] lpips_first2/edit1/0088_A_cyclist: d_max_clip=1.0243 -> m_abs_max=1.0000 mean=0.2143 clipped=0.0031% frac(m>0.5)=0.165
[ok] lpips_first2/edit1/0089_A_dog: d_max_clip=1.0521 -> m_abs_max=1.0000 mean=0.2006 clipped=0.0214% frac(m>0.5)=0.201
[ok] lpips_first2/edit1/0090_A_deer: d_max_clip=1.0795 -> m_abs_max=1.0000 mean=0.1282 clipped=0.0122% frac(m>0.5)=0.089
[ok] lpips_first2/edit1/0091_A_hawk: d_max_clip=0.8997 -> m_abs_max=0.8997 mean=0.0672 clipped=0.0000% frac(m>0.5)=0.015
[ok] lpips_first2/edit1/0092_A_fox: d_max_clip=1.1348 -> m_abs_max=1.0000 mean=0.1604 clipped=0.0763% frac(m>0.5)=0.117
[ok] lpips_first2/edit1/0093_A_helicopter: d_max_clip=1.1677 -> m_abs_max=1.0000 mean=0.2894 clipped=0.2961% frac(m>0.5)=0.287
[ok] lpips_first2/edit1/0094_A_swan: d_max_clip=1.0522 -> m_abs_max=1.0000 mean=0.1317 clipped=0.0153% frac(m>0.5)=0.123
[ok] lpips_first2/edit1/0095_A_crow: d_max_clip=1.2221 -> m_abs_max=1.0000 mean=0.2417 clipped=0.3388% frac(m>0.5)=0.267
[ok] lpips_first2/edit1/0096_A_car: d_max_clip=1.0011 -> m_abs_max=1.0000 mean=0.1007 clipped=0.0031% frac(m>0.5)=0.029
[ok] lpips_first2/edit1/0097_A_bird: d_max_clip=1.1643 -> m_abs_max=1.0000 mean=0.1202 clipped=0.4853% frac(m>0.5)=0.106
[ok] lpips_first2/edit1/0098_A_squirrel: d_max_clip=1.1708 -> m_abs_max=1.0000 mean=0.1995 clipped=0.6227% frac(m>0.5)=0.203
[ok] lpips_first2/edit1/0099_A_jogger: d_max_clip=1.0606 -> m_abs_max=1.0000 mean=0.1174 clipped=0.0214% frac(m>0.5)=0.067
[ok] lpips_first2/edit1/0100_A_deer: d_max_clip=1.0128 -> m_abs_max=1.0000 mean=0.1802 clipped=0.0031% frac(m>0.5)=0.137
[ok] lpips_first2/edit2/0001_bus: d_max_clip=1.1195 -> m_abs_max=1.0000 mean=0.2494 clipped=0.2742% frac(m>0.5)=0.218
[ok] lpips_first2/edit2/0002_girl-dog: d_max_clip=1.0194 -> m_abs_max=1.0000 mean=0.2298 clipped=0.0092% frac(m>0.5)=0.185
[ok] lpips_first2/edit2/0003_ocean-birds: d_max_clip=1.1636 -> m_abs_max=1.0000 mean=0.2661 clipped=0.2991% frac(m>0.5)=0.239
[ok] lpips_first2/edit2/0004_car-roundabout: d_max_clip=1.0584 -> m_abs_max=1.0000 mean=0.1885 clipped=0.1033% frac(m>0.5)=0.143
[ok] lpips_first2/edit2/0005_breakdance: d_max_clip=1.1877 -> m_abs_max=1.0000 mean=0.2370 clipped=0.2015% frac(m>0.5)=0.193
[ok] lpips_first2/edit2/0006_paragliding: d_max_clip=1.2721 -> m_abs_max=1.0000 mean=0.2863 clipped=0.8654% frac(m>0.5)=0.268
[ok] lpips_first2/edit2/0007_guitar-violin: d_max_clip=1.3203 -> m_abs_max=1.0000 mean=0.4880 clipped=2.3024% frac(m>0.5)=0.590
[ok] lpips_first2/edit2/0008_snowboard-race: d_max_clip=1.0705 -> m_abs_max=1.0000 mean=0.1940 clipped=0.0249% frac(m>0.5)=0.115
[ok] lpips_first2/edit2/0009_bear: d_max_clip=1.1068 -> m_abs_max=1.0000 mean=0.2973 clipped=0.1374% frac(m>0.5)=0.294
[ok] lpips_first2/edit2/0010_giant-slalom: d_max_clip=1.1695 -> m_abs_max=1.0000 mean=0.1120 clipped=0.0748% frac(m>0.5)=0.085
[ok] lpips_first2/edit2/0011_lucia: d_max_clip=1.3324 -> m_abs_max=1.0000 mean=0.2589 clipped=1.0897% frac(m>0.5)=0.209
[ok] lpips_first2/edit2/0012_goat: d_max_clip=1.1325 -> m_abs_max=1.0000 mean=0.2319 clipped=0.1190% frac(m>0.5)=0.132
[ok] lpips_first2/edit2/0013_golf: d_max_clip=1.1241 -> m_abs_max=1.0000 mean=0.2240 clipped=0.0321% frac(m>0.5)=0.147
[ok] lpips_first2/edit2/0014_burnout: d_max_clip=1.0036 -> m_abs_max=1.0000 mean=0.2159 clipped=0.0036% frac(m>0.5)=0.160
[ok] lpips_first2/edit2/0015_car-shadow: d_max_clip=0.9738 -> m_abs_max=0.9738 mean=0.1542 clipped=0.0000% frac(m>0.5)=0.122
[ok] lpips_first2/edit2/0016_horsejump-high: d_max_clip=0.9711 -> m_abs_max=0.9711 mean=0.1323 clipped=0.0000% frac(m>0.5)=0.078
[ok] lpips_first2/edit2/0017_kid-football: d_max_clip=1.3490 -> m_abs_max=1.0000 mean=0.3512 clipped=2.4829% frac(m>0.5)=0.374
[ok] lpips_first2/edit2/0018_breakdance-flare: d_max_clip=1.3112 -> m_abs_max=1.0000 mean=0.2886 clipped=0.0997% frac(m>0.5)=0.282
[ok] lpips_first2/edit2/0019_tennis-vest: d_max_clip=1.2917 -> m_abs_max=1.0000 mean=0.2044 clipped=0.4701% frac(m>0.5)=0.163
[ok] lpips_first2/edit2/0020_monkeys: d_max_clip=1.1224 -> m_abs_max=1.0000 mean=0.3136 clipped=0.1038% frac(m>0.5)=0.300
[ok] lpips_first2/edit2/0021_landing: d_max_clip=1.4547 -> m_abs_max=1.0000 mean=0.3756 clipped=4.1311% frac(m>0.5)=0.363
[ok] lpips_first2/edit2/0022_skate-jump: d_max_clip=1.1124 -> m_abs_max=1.0000 mean=0.1291 clipped=0.0726% frac(m>0.5)=0.098
[ok] lpips_first2/edit2/0023_kayak-race: d_max_clip=1.2870 -> m_abs_max=1.0000 mean=0.2655 clipped=0.8846% frac(m>0.5)=0.219
[ok] lpips_first2/edit2/0024_hockey: d_max_clip=1.2704 -> m_abs_max=1.0000 mean=0.1745 clipped=0.1246% frac(m>0.5)=0.136
[ok] lpips_first2/edit2/0025_baseball: d_max_clip=1.0629 -> m_abs_max=1.0000 mean=0.2179 clipped=0.0153% frac(m>0.5)=0.147
[ok] lpips_first2/edit2/0026_table-tennis: d_max_clip=0.9897 -> m_abs_max=0.9897 mean=0.1228 clipped=0.0000% frac(m>0.5)=0.075
[ok] lpips_first2/edit2/0027_dance-jump: d_max_clip=1.1686 -> m_abs_max=1.0000 mean=0.1712 clipped=0.1068% frac(m>0.5)=0.110
[ok] lpips_first2/edit2/0028_kite-walk: d_max_clip=1.2510 -> m_abs_max=1.0000 mean=0.0979 clipped=0.0890% frac(m>0.5)=0.062
[ok] lpips_first2/edit2/0029_horsejump-stick: d_max_clip=0.9343 -> m_abs_max=0.9343 mean=0.2450 clipped=0.0000% frac(m>0.5)=0.106
[ok] lpips_first2/edit2/0030_rallye: d_max_clip=1.1560 -> m_abs_max=1.0000 mean=0.1615 clipped=0.8387% frac(m>0.5)=0.138
[ok] lpips_first2/edit2/0031_soccerball: d_max_clip=1.1386 -> m_abs_max=1.0000 mean=0.1022 clipped=0.0267% frac(m>0.5)=0.028
[ok] lpips_first2/edit2/0032_mermaid: d_max_clip=0.9931 -> m_abs_max=0.9931 mean=0.2710 clipped=0.0000% frac(m>0.5)=0.164
[ok] lpips_first2/edit2/0033_horsejump-low: d_max_clip=1.0285 -> m_abs_max=1.0000 mean=0.2125 clipped=0.0085% frac(m>0.5)=0.095
[ok] lpips_first2/edit2/0034_cows: d_max_clip=1.4592 -> m_abs_max=1.0000 mean=0.3732 clipped=1.6293% frac(m>0.5)=0.335
[ok] lpips_first2/edit2/0035_helicopter: d_max_clip=1.0587 -> m_abs_max=1.0000 mean=0.1559 clipped=0.0107% frac(m>0.5)=0.117
[ok] lpips_first2/edit2/0036_camel: d_max_clip=1.1101 -> m_abs_max=1.0000 mean=0.2216 clipped=0.0458% frac(m>0.5)=0.176
[ok] lpips_first2/edit2/0037_snowboard-sand: d_max_clip=1.0654 -> m_abs_max=1.0000 mean=0.1426 clipped=0.0427% frac(m>0.5)=0.115
[ok] lpips_first2/edit2/0038_motorbike: d_max_clip=0.9770 -> m_abs_max=0.9770 mean=0.1460 clipped=0.0000% frac(m>0.5)=0.061
[ok] lpips_first2/edit2/0039_chamaleon: d_max_clip=1.2037 -> m_abs_max=1.0000 mean=0.2056 clipped=0.2228% frac(m>0.5)=0.187
[ok] lpips_first2/edit2/0040_tennis: d_max_clip=1.2155 -> m_abs_max=1.0000 mean=0.1976 clipped=0.1140% frac(m>0.5)=0.164
[ok] lpips_first2/edit2/0041_longboard: d_max_clip=1.1008 -> m_abs_max=1.0000 mean=0.2183 clipped=0.0694% frac(m>0.5)=0.114
[ok] lpips_first2/edit2/0042_gym-ball: d_max_clip=1.0601 -> m_abs_max=1.0000 mean=0.1452 clipped=0.0214% frac(m>0.5)=0.140
[ok] lpips_first2/edit2/0043_parkour: d_max_clip=1.0507 -> m_abs_max=1.0000 mean=0.1943 clipped=0.0080% frac(m>0.5)=0.108
[ok] lpips_first2/edit2/0044_snowboard: d_max_clip=1.0833 -> m_abs_max=1.0000 mean=0.3080 clipped=0.0513% frac(m>0.5)=0.214
[ok] lpips_first2/edit2/0045_butterfly: d_max_clip=1.2008 -> m_abs_max=1.0000 mean=0.1755 clipped=0.7087% frac(m>0.5)=0.167
[ok] lpips_first2/edit2/0046_blackswan: d_max_clip=1.1563 -> m_abs_max=1.0000 mean=0.3671 clipped=0.7212% frac(m>0.5)=0.374
[ok] lpips_first2/edit2/0047_judo: d_max_clip=1.0536 -> m_abs_max=1.0000 mean=0.2561 clipped=0.0570% frac(m>0.5)=0.223
[ok] lpips_first2/edit2/0048_hike: d_max_clip=0.9857 -> m_abs_max=0.9857 mean=0.1538 clipped=0.0000% frac(m>0.5)=0.076
[ok] lpips_first2/edit2/0049_speed-skating: d_max_clip=1.0474 -> m_abs_max=1.0000 mean=0.1898 clipped=0.0214% frac(m>0.5)=0.169
[ok] lpips_first2/edit2/0050_slackline: d_max_clip=1.3500 -> m_abs_max=1.0000 mean=0.2105 clipped=1.1966% frac(m>0.5)=0.162
[ok] lpips_first2/edit2/0051_dogs-jump: d_max_clip=0.9377 -> m_abs_max=0.9377 mean=0.1656 clipped=0.0000% frac(m>0.5)=0.137
[ok] lpips_first2/edit2/0052_mallard-fly: d_max_clip=1.0978 -> m_abs_max=1.0000 mean=0.1833 clipped=0.0677% frac(m>0.5)=0.081
[ok] lpips_first2/edit2/0053_swing: d_max_clip=1.0967 -> m_abs_max=1.0000 mean=0.1952 clipped=0.0214% frac(m>0.5)=0.087
[ok] lpips_first2/edit2/0054_train: d_max_clip=1.1503 -> m_abs_max=1.0000 mean=0.2154 clipped=0.1460% frac(m>0.5)=0.194
[ok] lpips_first2/edit2/0055_pigs: d_max_clip=1.3020 -> m_abs_max=1.0000 mean=0.4078 clipped=0.5734% frac(m>0.5)=0.452
[ok] lpips_first2/edit2/0056_kart-turn: d_max_clip=1.0364 -> m_abs_max=1.0000 mean=0.2347 clipped=0.0153% frac(m>0.5)=0.250
[ok] lpips_first2/edit2/0057_dog: d_max_clip=1.0853 -> m_abs_max=1.0000 mean=0.2518 clipped=0.1239% frac(m>0.5)=0.184
[ok] lpips_first2/edit2/0058_boat: d_max_clip=1.0183 -> m_abs_max=1.0000 mean=0.1411 clipped=0.0107% frac(m>0.5)=0.105
[ok] lpips_first2/edit2/0059_drift-straight: d_max_clip=0.9524 -> m_abs_max=0.9524 mean=0.2053 clipped=0.0000% frac(m>0.5)=0.139
[ok] lpips_first2/edit2/0060_motocross-bumps: d_max_clip=1.0398 -> m_abs_max=1.0000 mean=0.2465 clipped=0.0171% frac(m>0.5)=0.189
[ok] lpips_first2/edit2/0061_mbike-santa: d_max_clip=1.0732 -> m_abs_max=1.0000 mean=0.4552 clipped=0.0128% frac(m>0.5)=0.441
[ok] lpips_first2/edit2/0062_elephant: d_max_clip=1.1574 -> m_abs_max=1.0000 mean=0.2207 clipped=0.2956% frac(m>0.5)=0.215
[ok] lpips_first2/edit2/0063_drift-turn: d_max_clip=1.0300 -> m_abs_max=1.0000 mean=0.2633 clipped=0.0171% frac(m>0.5)=0.182
[ok] lpips_first2/edit2/0064_rollerblade: d_max_clip=1.1351 -> m_abs_max=1.0000 mean=0.1149 clipped=0.0926% frac(m>0.5)=0.076
[ok] lpips_first2/edit2/0065_twist-dance: d_max_clip=1.1018 -> m_abs_max=1.0000 mean=0.1361 clipped=0.0641% frac(m>0.5)=0.090
[ok] lpips_first2/edit2/0066_deer: d_max_clip=1.1532 -> m_abs_max=1.0000 mean=0.2837 clipped=0.3739% frac(m>0.5)=0.302
[ok] lpips_first2/edit2/0067_mbike-trick: d_max_clip=1.1009 -> m_abs_max=1.0000 mean=0.1411 clipped=0.0926% frac(m>0.5)=0.118
[ok] lpips_first2/edit2/0068_planes-water: d_max_clip=1.0154 -> m_abs_max=1.0000 mean=0.2088 clipped=0.0071% frac(m>0.5)=0.216
[ok] lpips_first2/edit2/0069_car-turn: d_max_clip=1.0577 -> m_abs_max=1.0000 mean=0.1684 clipped=0.0107% frac(m>0.5)=0.108
[ok] lpips_first2/edit2/0070_dance-twirl: d_max_clip=1.0248 -> m_abs_max=1.0000 mean=0.1763 clipped=0.0061% frac(m>0.5)=0.113
[ok] lpips_first2/edit2/0071_mallard-water: d_max_clip=1.0488 -> m_abs_max=1.0000 mean=0.1841 clipped=0.0463% frac(m>0.5)=0.090
[ok] lpips_first2/edit2/0072_dog-agility: d_max_clip=1.1765 -> m_abs_max=1.0000 mean=0.2071 clipped=0.1389% frac(m>0.5)=0.168
[ok] lpips_first2/edit2/0073_bmx-rider: d_max_clip=0.8828 -> m_abs_max=0.8828 mean=0.1016 clipped=0.0000% frac(m>0.5)=0.019
[ok] lpips_first2/edit2/0074_rhino: d_max_clip=1.2058 -> m_abs_max=1.0000 mean=0.2855 clipped=0.3053% frac(m>0.5)=0.289
[ok] lpips_first2/edit2/0075_A_bicycle: d_max_clip=1.0572 -> m_abs_max=1.0000 mean=0.1627 clipped=0.0488% frac(m>0.5)=0.149
[ok] lpips_first2/edit2/0076_A_rabbit: d_max_clip=1.1788 -> m_abs_max=1.0000 mean=0.1967 clipped=0.1832% frac(m>0.5)=0.175
[ok] lpips_first2/edit2/0077_A_hawk: d_max_clip=1.2032 -> m_abs_max=1.0000 mean=0.1065 clipped=0.1984% frac(m>0.5)=0.083
[ok] lpips_first2/edit2/0078_A_cat: d_max_clip=1.0234 -> m_abs_max=1.0000 mean=0.1483 clipped=0.0092% frac(m>0.5)=0.146
[ok] lpips_first2/edit2/0079_A_bus: d_max_clip=1.4739 -> m_abs_max=1.0000 mean=0.3359 clipped=1.1416% frac(m>0.5)=0.292
[ok] lpips_first2/edit2/0080_A_motorcycle: d_max_clip=0.9649 -> m_abs_max=0.9649 mean=0.2340 clipped=0.0000% frac(m>0.5)=0.101
[ok] lpips_first2/edit2/0081_A_horse: d_max_clip=1.2528 -> m_abs_max=1.0000 mean=0.3644 clipped=0.6990% frac(m>0.5)=0.382
[ok] lpips_first2/edit2/0082_A_tram: d_max_clip=1.1353 -> m_abs_max=1.0000 mean=0.2736 clipped=0.4274% frac(m>0.5)=0.323
[ok] lpips_first2/edit2/0083_A_boat: d_max_clip=1.1273 -> m_abs_max=1.0000 mean=0.2013 clipped=0.1587% frac(m>0.5)=0.167
[ok] lpips_first2/edit2/0084_A_squirrel: d_max_clip=1.2117 -> m_abs_max=1.0000 mean=0.1783 clipped=0.2320% frac(m>0.5)=0.135
[ok] lpips_first2/edit2/0085_A_tram: d_max_clip=1.0932 -> m_abs_max=1.0000 mean=0.2249 clipped=0.0458% frac(m>0.5)=0.243
[ok] lpips_first2/edit2/0086_A_red_sports_car: d_max_clip=1.2721 -> m_abs_max=1.0000 mean=0.1897 clipped=0.8547% frac(m>0.5)=0.140
[ok] lpips_first2/edit2/0087_A_seagull: d_max_clip=0.9866 -> m_abs_max=0.9866 mean=0.0835 clipped=0.0000% frac(m>0.5)=0.036
[ok] lpips_first2/edit2/0088_A_cyclist: d_max_clip=0.9988 -> m_abs_max=0.9988 mean=0.2143 clipped=0.0000% frac(m>0.5)=0.160
[ok] lpips_first2/edit2/0089_A_dog: d_max_clip=1.2992 -> m_abs_max=1.0000 mean=0.2371 clipped=0.7265% frac(m>0.5)=0.245
[ok] lpips_first2/edit2/0090_A_deer: d_max_clip=1.2100 -> m_abs_max=1.0000 mean=0.1784 clipped=0.2808% frac(m>0.5)=0.154
[ok] lpips_first2/edit2/0091_A_hawk: d_max_clip=1.3228 -> m_abs_max=1.0000 mean=0.0734 clipped=0.1190% frac(m>0.5)=0.023
[ok] lpips_first2/edit2/0092_A_fox: d_max_clip=1.3132 -> m_abs_max=1.0000 mean=0.2218 clipped=1.0104% frac(m>0.5)=0.185
[ok] lpips_first2/edit2/0093_A_helicopter: d_max_clip=1.2218 -> m_abs_max=1.0000 mean=0.3149 clipped=0.5922% frac(m>0.5)=0.322
[ok] lpips_first2/edit2/0094_A_swan: d_max_clip=1.0508 -> m_abs_max=1.0000 mean=0.1385 clipped=0.0214% frac(m>0.5)=0.128
[ok] lpips_first2/edit2/0095_A_crow: d_max_clip=1.2914 -> m_abs_max=1.0000 mean=0.3124 clipped=4.7375% frac(m>0.5)=0.314
[ok] lpips_first2/edit2/0096_A_car: d_max_clip=1.4558 -> m_abs_max=1.0000 mean=0.5828 clipped=5.3358% frac(m>0.5)=0.610
[ok] lpips_first2/edit2/0097_A_bird: d_max_clip=1.4914 -> m_abs_max=1.0000 mean=0.2314 clipped=0.3907% frac(m>0.5)=0.159
[ok] lpips_first2/edit2/0098_A_squirrel: d_max_clip=1.3882 -> m_abs_max=1.0000 mean=0.3022 clipped=6.8803% frac(m>0.5)=0.307
[ok] lpips_first2/edit2/0099_A_jogger: d_max_clip=1.0254 -> m_abs_max=1.0000 mean=0.1310 clipped=0.0061% frac(m>0.5)=0.078
[ok] lpips_first2/edit2/0100_A_deer: d_max_clip=1.1951 -> m_abs_max=1.0000 mean=0.2099 clipped=0.2625% frac(m>0.5)=0.183
[ok] lpips_first2/edit3/0001_bus: d_max_clip=0.9400 -> m_abs_max=0.9400 mean=0.1755 clipped=0.0000% frac(m>0.5)=0.074
[ok] lpips_first2/edit3/0002_girl-dog: d_max_clip=1.0946 -> m_abs_max=1.0000 mean=0.1329 clipped=0.0580% frac(m>0.5)=0.043
[ok] lpips_first2/edit3/0003_ocean-birds: d_max_clip=1.2163 -> m_abs_max=1.0000 mean=0.1967 clipped=1.4031% frac(m>0.5)=0.129
[ok] lpips_first2/edit3/0004_car-roundabout: d_max_clip=1.0370 -> m_abs_max=1.0000 mean=0.1517 clipped=0.0356% frac(m>0.5)=0.073
[ok] lpips_first2/edit3/0005_breakdance: d_max_clip=1.0043 -> m_abs_max=1.0000 mean=0.1369 clipped=0.0031% frac(m>0.5)=0.083
[ok] lpips_first2/edit3/0006_paragliding: d_max_clip=1.0285 -> m_abs_max=1.0000 mean=0.1094 clipped=0.0107% frac(m>0.5)=0.040
[ok] lpips_first2/edit3/0007_guitar-violin: d_max_clip=0.9324 -> m_abs_max=0.9324 mean=0.1361 clipped=0.0000% frac(m>0.5)=0.072
[ok] lpips_first2/edit3/0008_snowboard-race: d_max_clip=1.0749 -> m_abs_max=1.0000 mean=0.1684 clipped=0.0249% frac(m>0.5)=0.083
[ok] lpips_first2/edit3/0009_bear: d_max_clip=1.1045 -> m_abs_max=1.0000 mean=0.1637 clipped=0.0336% frac(m>0.5)=0.099
[ok] lpips_first2/edit3/0010_giant-slalom: d_max_clip=1.0059 -> m_abs_max=1.0000 mean=0.0482 clipped=0.0021% frac(m>0.5)=0.017
[ok] lpips_first2/edit3/0011_lucia: d_max_clip=0.9678 -> m_abs_max=0.9678 mean=0.1420 clipped=0.0000% frac(m>0.5)=0.040
[ok] lpips_first2/edit3/0012_goat: d_max_clip=1.0233 -> m_abs_max=1.0000 mean=0.2053 clipped=0.0092% frac(m>0.5)=0.086
[ok] lpips_first2/edit3/0013_golf: d_max_clip=1.0046 -> m_abs_max=1.0000 mean=0.1041 clipped=0.0036% frac(m>0.5)=0.017
[ok] lpips_first2/edit3/0014_burnout: d_max_clip=1.0627 -> m_abs_max=1.0000 mean=0.1821 clipped=0.0285% frac(m>0.5)=0.107
[ok] lpips_first2/edit3/0015_car-shadow: d_max_clip=0.9130 -> m_abs_max=0.9130 mean=0.1157 clipped=0.0000% frac(m>0.5)=0.052
[ok] lpips_first2/edit3/0016_horsejump-high: d_max_clip=0.9308 -> m_abs_max=0.9308 mean=0.1267 clipped=0.0000% frac(m>0.5)=0.055
[ok] lpips_first2/edit3/0017_kid-football: d_max_clip=0.9512 -> m_abs_max=0.9512 mean=0.0916 clipped=0.0000% frac(m>0.5)=0.032
[ok] lpips_first2/edit3/0018_breakdance-flare: d_max_clip=1.2148 -> m_abs_max=1.0000 mean=0.1606 clipped=0.0321% frac(m>0.5)=0.089
[ok] lpips_first2/edit3/0019_tennis-vest: d_max_clip=0.8431 -> m_abs_max=0.8431 mean=0.0858 clipped=0.0000% frac(m>0.5)=0.015
[ok] lpips_first2/edit3/0020_monkeys: d_max_clip=0.9557 -> m_abs_max=0.9557 mean=0.2236 clipped=0.0000% frac(m>0.5)=0.151
[ok] lpips_first2/edit3/0021_landing: d_max_clip=1.1594 -> m_abs_max=1.0000 mean=0.1510 clipped=0.7621% frac(m>0.5)=0.111
[ok] lpips_first2/edit3/0022_skate-jump: d_max_clip=1.0568 -> m_abs_max=1.0000 mean=0.0729 clipped=0.0556% frac(m>0.5)=0.031
[ok] lpips_first2/edit3/0023_kayak-race: d_max_clip=1.0881 -> m_abs_max=1.0000 mean=0.2175 clipped=0.0128% frac(m>0.5)=0.120
[ok] lpips_first2/edit3/0024_hockey: d_max_clip=1.0531 -> m_abs_max=1.0000 mean=0.0983 clipped=0.0036% frac(m>0.5)=0.054
[ok] lpips_first2/edit3/0025_baseball: d_max_clip=1.1645 -> m_abs_max=1.0000 mean=0.1862 clipped=0.1343% frac(m>0.5)=0.093
[ok] lpips_first2/edit3/0026_table-tennis: d_max_clip=1.0176 -> m_abs_max=1.0000 mean=0.1567 clipped=0.0036% frac(m>0.5)=0.028
[ok] lpips_first2/edit3/0027_dance-jump: d_max_clip=1.0169 -> m_abs_max=1.0000 mean=0.3299 clipped=0.0214% frac(m>0.5)=0.139
[ok] lpips_first2/edit3/0028_kite-walk: d_max_clip=0.8059 -> m_abs_max=0.8059 mean=0.0446 clipped=0.0000% frac(m>0.5)=0.004
[ok] lpips_first2/edit3/0029_horsejump-stick: d_max_clip=1.1413 -> m_abs_max=1.0000 mean=0.2631 clipped=0.0513% frac(m>0.5)=0.133
[ok] lpips_first2/edit3/0030_rallye: d_max_clip=1.0048 -> m_abs_max=1.0000 mean=0.0755 clipped=0.0107% frac(m>0.5)=0.033
[ok] lpips_first2/edit3/0031_soccerball: d_max_clip=0.9305 -> m_abs_max=0.9305 mean=0.0755 clipped=0.0000% frac(m>0.5)=0.020
[ok] lpips_first2/edit3/0032_mermaid: d_max_clip=1.3167 -> m_abs_max=1.0000 mean=0.2893 clipped=0.5840% frac(m>0.5)=0.197
[ok] lpips_first2/edit3/0033_horsejump-low: d_max_clip=0.9758 -> m_abs_max=0.9758 mean=0.2041 clipped=0.0000% frac(m>0.5)=0.072
[ok] lpips_first2/edit3/0034_cows: d_max_clip=0.9919 -> m_abs_max=0.9919 mean=0.1791 clipped=0.0000% frac(m>0.5)=0.096
[ok] lpips_first2/edit3/0035_helicopter: d_max_clip=1.0165 -> m_abs_max=1.0000 mean=0.1216 clipped=0.0214% frac(m>0.5)=0.065
[ok] lpips_first2/edit3/0036_camel: d_max_clip=0.9857 -> m_abs_max=0.9857 mean=0.1947 clipped=0.0000% frac(m>0.5)=0.125
[ok] lpips_first2/edit3/0037_snowboard-sand: d_max_clip=1.0137 -> m_abs_max=1.0000 mean=0.0959 clipped=0.0160% frac(m>0.5)=0.059
[ok] lpips_first2/edit3/0038_motorbike: d_max_clip=0.8811 -> m_abs_max=0.8811 mean=0.1262 clipped=0.0000% frac(m>0.5)=0.032
[ok] lpips_first2/edit3/0039_chamaleon: d_max_clip=1.2969 -> m_abs_max=1.0000 mean=0.1693 clipped=1.4774% frac(m>0.5)=0.137
[ok] lpips_first2/edit3/0040_tennis: d_max_clip=1.0736 -> m_abs_max=1.0000 mean=0.1298 clipped=0.0107% frac(m>0.5)=0.062
[ok] lpips_first2/edit3/0041_longboard: d_max_clip=1.0143 -> m_abs_max=1.0000 mean=0.1502 clipped=0.0107% frac(m>0.5)=0.041
[ok] lpips_first2/edit3/0042_gym-ball: d_max_clip=1.1630 -> m_abs_max=1.0000 mean=0.1208 clipped=0.1816% frac(m>0.5)=0.099
[ok] lpips_first2/edit3/0043_parkour: d_max_clip=0.9663 -> m_abs_max=0.9663 mean=0.1464 clipped=0.0000% frac(m>0.5)=0.061
[ok] lpips_first2/edit3/0044_snowboard: d_max_clip=1.0477 -> m_abs_max=1.0000 mean=0.2773 clipped=0.0085% frac(m>0.5)=0.160
[ok] lpips_first2/edit3/0045_butterfly: d_max_clip=1.0738 -> m_abs_max=1.0000 mean=0.0959 clipped=0.0997% frac(m>0.5)=0.071
[ok] lpips_first2/edit3/0046_blackswan: d_max_clip=1.0617 -> m_abs_max=1.0000 mean=0.2295 clipped=0.0641% frac(m>0.5)=0.174
[ok] lpips_first2/edit3/0047_judo: d_max_clip=1.0617 -> m_abs_max=1.0000 mean=0.1852 clipped=0.0712% frac(m>0.5)=0.157
[ok] lpips_first2/edit3/0048_hike: d_max_clip=0.9927 -> m_abs_max=0.9927 mean=0.1190 clipped=0.0000% frac(m>0.5)=0.036
[ok] lpips_first2/edit3/0049_speed-skating: d_max_clip=1.2265 -> m_abs_max=1.0000 mean=0.1777 clipped=0.0672% frac(m>0.5)=0.126
[ok] lpips_first2/edit3/0050_slackline: d_max_clip=1.0085 -> m_abs_max=1.0000 mean=0.1528 clipped=0.0043% frac(m>0.5)=0.091
[ok] lpips_first2/edit3/0051_dogs-jump: d_max_clip=0.8838 -> m_abs_max=0.8838 mean=0.0926 clipped=0.0000% frac(m>0.5)=0.040
[ok] lpips_first2/edit3/0052_mallard-fly: d_max_clip=1.0776 -> m_abs_max=1.0000 mean=0.1514 clipped=0.0249% frac(m>0.5)=0.049
[ok] lpips_first2/edit3/0053_swing: d_max_clip=1.0224 -> m_abs_max=1.0000 mean=0.1743 clipped=0.0171% frac(m>0.5)=0.072
[ok] lpips_first2/edit3/0054_train: d_max_clip=1.0312 -> m_abs_max=1.0000 mean=0.2047 clipped=0.0178% frac(m>0.5)=0.165
[ok] lpips_first2/edit3/0055_pigs: d_max_clip=0.9851 -> m_abs_max=0.9851 mean=0.2550 clipped=0.0000% frac(m>0.5)=0.199
[ok] lpips_first2/edit3/0056_kart-turn: d_max_clip=1.0464 -> m_abs_max=1.0000 mean=0.2109 clipped=0.0031% frac(m>0.5)=0.210
[ok] lpips_first2/edit3/0057_dog: d_max_clip=1.1071 -> m_abs_max=1.0000 mean=0.2610 clipped=0.0983% frac(m>0.5)=0.182
[ok] lpips_first2/edit3/0058_boat: d_max_clip=1.0524 -> m_abs_max=1.0000 mean=0.1223 clipped=0.0071% frac(m>0.5)=0.064
[ok] lpips_first2/edit3/0059_drift-straight: d_max_clip=1.0889 -> m_abs_max=1.0000 mean=0.2227 clipped=0.1389% frac(m>0.5)=0.155
[ok] lpips_first2/edit3/0060_motocross-bumps: d_max_clip=1.0705 -> m_abs_max=1.0000 mean=0.2208 clipped=0.0256% frac(m>0.5)=0.164
[ok] lpips_first2/edit3/0061_mbike-santa: d_max_clip=0.9516 -> m_abs_max=0.9516 mean=0.3930 clipped=0.0000% frac(m>0.5)=0.305
[ok] lpips_first2/edit3/0062_elephant: d_max_clip=1.0259 -> m_abs_max=1.0000 mean=0.1959 clipped=0.0214% frac(m>0.5)=0.172
[ok] lpips_first2/edit3/0063_drift-turn: d_max_clip=1.0421 -> m_abs_max=1.0000 mean=0.2956 clipped=0.0214% frac(m>0.5)=0.218
[ok] lpips_first2/edit3/0064_rollerblade: d_max_clip=0.8783 -> m_abs_max=0.8783 mean=0.0719 clipped=0.0000% frac(m>0.5)=0.022
[ok] lpips_first2/edit3/0065_twist-dance: d_max_clip=1.2181 -> m_abs_max=1.0000 mean=0.1033 clipped=0.2076% frac(m>0.5)=0.040
[ok] lpips_first2/edit3/0066_deer: d_max_clip=1.1102 -> m_abs_max=1.0000 mean=0.2147 clipped=0.1781% frac(m>0.5)=0.202
[ok] lpips_first2/edit3/0067_mbike-trick: d_max_clip=1.0709 -> m_abs_max=1.0000 mean=0.0850 clipped=0.0178% frac(m>0.5)=0.052
[ok] lpips_first2/edit3/0068_planes-water: d_max_clip=0.7345 -> m_abs_max=0.7345 mean=0.0520 clipped=0.0000% frac(m>0.5)=0.006
[ok] lpips_first2/edit3/0069_car-turn: d_max_clip=1.1239 -> m_abs_max=1.0000 mean=0.1645 clipped=0.0748% frac(m>0.5)=0.093
[ok] lpips_first2/edit3/0070_dance-twirl: d_max_clip=1.2189 -> m_abs_max=1.0000 mean=0.1660 clipped=0.4731% frac(m>0.5)=0.083
[ok] lpips_first2/edit3/0071_mallard-water: d_max_clip=0.9123 -> m_abs_max=0.9123 mean=0.1367 clipped=0.0000% frac(m>0.5)=0.040
[ok] lpips_first2/edit3/0072_dog-agility: d_max_clip=0.9702 -> m_abs_max=0.9702 mean=0.1494 clipped=0.0000% frac(m>0.5)=0.105
[ok] lpips_first2/edit3/0073_bmx-rider: d_max_clip=0.9342 -> m_abs_max=0.9342 mean=0.1052 clipped=0.0000% frac(m>0.5)=0.029
[ok] lpips_first2/edit3/0074_rhino: d_max_clip=0.8401 -> m_abs_max=0.8401 mean=0.1458 clipped=0.0000% frac(m>0.5)=0.078
[ok] lpips_first2/edit3/0075_A_bicycle: d_max_clip=0.8026 -> m_abs_max=0.8026 mean=0.0812 clipped=0.0000% frac(m>0.5)=0.015
[ok] lpips_first2/edit3/0076_A_rabbit: d_max_clip=1.2236 -> m_abs_max=1.0000 mean=0.1850 clipped=1.2607% frac(m>0.5)=0.156
[ok] lpips_first2/edit3/0077_A_hawk: d_max_clip=0.9818 -> m_abs_max=0.9818 mean=0.0723 clipped=0.0000% frac(m>0.5)=0.041
[ok] lpips_first2/edit3/0078_A_cat: d_max_clip=1.1502 -> m_abs_max=1.0000 mean=0.1238 clipped=0.0519% frac(m>0.5)=0.118
[ok] lpips_first2/edit3/0079_A_bus: d_max_clip=1.1215 -> m_abs_max=1.0000 mean=0.2872 clipped=0.0611% frac(m>0.5)=0.198
[ok] lpips_first2/edit3/0080_A_motorcycle: d_max_clip=0.8947 -> m_abs_max=0.8947 mean=0.2218 clipped=0.0000% frac(m>0.5)=0.078
[ok] lpips_first2/edit3/0081_A_horse: d_max_clip=0.8256 -> m_abs_max=0.8256 mean=0.0967 clipped=0.0000% frac(m>0.5)=0.030
[ok] lpips_first2/edit3/0082_A_tram: d_max_clip=0.9913 -> m_abs_max=0.9913 mean=0.1716 clipped=0.0000% frac(m>0.5)=0.138
[ok] lpips_first2/edit3/0083_A_boat: d_max_clip=1.0563 -> m_abs_max=1.0000 mean=0.1686 clipped=0.0153% frac(m>0.5)=0.106
[ok] lpips_first2/edit3/0084_A_squirrel: d_max_clip=1.1195 -> m_abs_max=1.0000 mean=0.1484 clipped=0.0611% frac(m>0.5)=0.101
[ok] lpips_first2/edit3/0085_A_tram: d_max_clip=1.1531 -> m_abs_max=1.0000 mean=0.1865 clipped=0.5495% frac(m>0.5)=0.154
[ok] lpips_first2/edit3/0086_A_red_sports_car: d_max_clip=1.1215 -> m_abs_max=1.0000 mean=0.1184 clipped=0.0977% frac(m>0.5)=0.073
[ok] lpips_first2/edit3/0087_A_seagull: d_max_clip=0.8255 -> m_abs_max=0.8255 mean=0.0457 clipped=0.0000% frac(m>0.5)=0.012
[ok] lpips_first2/edit3/0088_A_cyclist: d_max_clip=0.8980 -> m_abs_max=0.8980 mean=0.1389 clipped=0.0000% frac(m>0.5)=0.054
[ok] lpips_first2/edit3/0089_A_dog: d_max_clip=1.1671 -> m_abs_max=1.0000 mean=0.1974 clipped=0.4090% frac(m>0.5)=0.187
[ok] lpips_first2/edit3/0090_A_deer: d_max_clip=1.0647 -> m_abs_max=1.0000 mean=0.1196 clipped=0.0092% frac(m>0.5)=0.066
[ok] lpips_first2/edit3/0091_A_hawk: d_max_clip=0.7703 -> m_abs_max=0.7703 mean=0.0572 clipped=0.0000% frac(m>0.5)=0.006
[ok] lpips_first2/edit3/0092_A_fox: d_max_clip=1.1530 -> m_abs_max=1.0000 mean=0.1508 clipped=0.1526% frac(m>0.5)=0.094
[ok] lpips_first2/edit3/0093_A_helicopter: d_max_clip=1.1308 -> m_abs_max=1.0000 mean=0.3536 clipped=0.0153% frac(m>0.5)=0.213
[ok] lpips_first2/edit3/0094_A_swan: d_max_clip=0.9833 -> m_abs_max=0.9833 mean=0.0970 clipped=0.0000% frac(m>0.5)=0.074
[ok] lpips_first2/edit3/0095_A_crow: d_max_clip=0.8397 -> m_abs_max=0.8397 mean=0.0970 clipped=0.0000% frac(m>0.5)=0.016
[ok] lpips_first2/edit3/0096_A_car: d_max_clip=0.9257 -> m_abs_max=0.9257 mean=0.0940 clipped=0.0000% frac(m>0.5)=0.032
[ok] lpips_first2/edit3/0097_A_bird: d_max_clip=1.0208 -> m_abs_max=1.0000 mean=0.0662 clipped=0.0031% frac(m>0.5)=0.033
[ok] lpips_first2/edit3/0098_A_squirrel: d_max_clip=1.0831 -> m_abs_max=1.0000 mean=0.0871 clipped=0.0122% frac(m>0.5)=0.046
[ok] lpips_first2/edit3/0099_A_jogger: d_max_clip=0.7851 -> m_abs_max=0.7851 mean=0.0841 clipped=0.0000% frac(m>0.5)=0.016
[ok] lpips_first2/edit3/0100_A_deer: d_max_clip=0.9132 -> m_abs_max=0.9132 mean=0.1331 clipped=0.0000% frac(m>0.5)=0.077
[ok] lpips_first2/edit4/0001_bus: d_max_clip=0.9350 -> m_abs_max=0.9350 mean=0.2070 clipped=0.0000% frac(m>0.5)=0.152
[ok] lpips_first2/edit4/0002_girl-dog: d_max_clip=0.8162 -> m_abs_max=0.8162 mean=0.1780 clipped=0.0000% frac(m>0.5)=0.071
[ok] lpips_first2/edit4/0003_ocean-birds: d_max_clip=0.9572 -> m_abs_max=0.9572 mean=0.1566 clipped=0.0000% frac(m>0.5)=0.078
[ok] lpips_first2/edit4/0004_car-roundabout: d_max_clip=0.7815 -> m_abs_max=0.7815 mean=0.1111 clipped=0.0000% frac(m>0.5)=0.015
[ok] lpips_first2/edit4/0005_breakdance: d_max_clip=1.3627 -> m_abs_max=1.0000 mean=0.1795 clipped=0.4335% frac(m>0.5)=0.136
[ok] lpips_first2/edit4/0006_paragliding: d_max_clip=0.9172 -> m_abs_max=0.9172 mean=0.0986 clipped=0.0000% frac(m>0.5)=0.027
[ok] lpips_first2/edit4/0007_guitar-violin: d_max_clip=1.1680 -> m_abs_max=1.0000 mean=0.3615 clipped=1.3782% frac(m>0.5)=0.418
[ok] lpips_first2/edit4/0008_snowboard-race: d_max_clip=1.0421 -> m_abs_max=1.0000 mean=0.1896 clipped=0.0249% frac(m>0.5)=0.103
[ok] lpips_first2/edit4/0009_bear: d_max_clip=0.7520 -> m_abs_max=0.7520 mean=0.1175 clipped=0.0000% frac(m>0.5)=0.015
[ok] lpips_first2/edit4/0010_giant-slalom: d_max_clip=1.0113 -> m_abs_max=1.0000 mean=0.0841 clipped=0.0021% frac(m>0.5)=0.053
[ok] lpips_first2/edit4/0011_lucia: d_max_clip=1.0871 -> m_abs_max=1.0000 mean=0.1622 clipped=0.0285% frac(m>0.5)=0.061
[ok] lpips_first2/edit4/0012_goat: d_max_clip=1.0459 -> m_abs_max=1.0000 mean=0.1928 clipped=0.0061% frac(m>0.5)=0.071
[ok] lpips_first2/edit4/0013_golf: d_max_clip=0.8423 -> m_abs_max=0.8423 mean=0.1118 clipped=0.0000% frac(m>0.5)=0.016
[ok] lpips_first2/edit4/0014_burnout: d_max_clip=0.9175 -> m_abs_max=0.9175 mean=0.1578 clipped=0.0000% frac(m>0.5)=0.061
[ok] lpips_first2/edit4/0015_car-shadow: d_max_clip=0.9651 -> m_abs_max=0.9651 mean=0.2146 clipped=0.0000% frac(m>0.5)=0.197
[ok] lpips_first2/edit4/0016_horsejump-high: d_max_clip=1.0736 -> m_abs_max=1.0000 mean=0.1311 clipped=0.0053% frac(m>0.5)=0.065
[ok] lpips_first2/edit4/0017_kid-football: d_max_clip=1.0847 -> m_abs_max=1.0000 mean=0.1648 clipped=0.0043% frac(m>0.5)=0.086
[ok] lpips_first2/edit4/0018_breakdance-flare: d_max_clip=1.0800 -> m_abs_max=1.0000 mean=0.1692 clipped=0.0107% frac(m>0.5)=0.098
[ok] lpips_first2/edit4/0019_tennis-vest: d_max_clip=0.7847 -> m_abs_max=0.7847 mean=0.0758 clipped=0.0000% frac(m>0.5)=0.005
[ok] lpips_first2/edit4/0020_monkeys: d_max_clip=1.1675 -> m_abs_max=1.0000 mean=0.2453 clipped=0.1068% frac(m>0.5)=0.184
[ok] lpips_first2/edit4/0021_landing: d_max_clip=1.2864 -> m_abs_max=1.0000 mean=0.2553 clipped=2.6994% frac(m>0.5)=0.215
[ok] lpips_first2/edit4/0022_skate-jump: d_max_clip=0.8804 -> m_abs_max=0.8804 mean=0.0652 clipped=0.0000% frac(m>0.5)=0.025
[ok] lpips_first2/edit4/0023_kayak-race: d_max_clip=1.0861 -> m_abs_max=1.0000 mean=0.2450 clipped=0.0214% frac(m>0.5)=0.165
[ok] lpips_first2/edit4/0024_hockey: d_max_clip=0.7742 -> m_abs_max=0.7742 mean=0.0830 clipped=0.0000% frac(m>0.5)=0.021
[ok] lpips_first2/edit4/0025_baseball: d_max_clip=1.0944 -> m_abs_max=1.0000 mean=0.1940 clipped=0.0153% frac(m>0.5)=0.107
[ok] lpips_first2/edit4/0026_table-tennis: d_max_clip=1.0903 -> m_abs_max=1.0000 mean=0.0976 clipped=0.0107% frac(m>0.5)=0.048
[ok] lpips_first2/edit4/0027_dance-jump: d_max_clip=0.9977 -> m_abs_max=0.9977 mean=0.1617 clipped=0.0000% frac(m>0.5)=0.083
[ok] lpips_first2/edit4/0028_kite-walk: d_max_clip=0.9848 -> m_abs_max=0.9848 mean=0.0787 clipped=0.0000% frac(m>0.5)=0.033
[ok] lpips_first2/edit4/0029_horsejump-stick: d_max_clip=1.0419 -> m_abs_max=1.0000 mean=0.2552 clipped=0.0043% frac(m>0.5)=0.112
[ok] lpips_first2/edit4/0030_rallye: d_max_clip=1.3109 -> m_abs_max=1.0000 mean=0.1556 clipped=0.9509% frac(m>0.5)=0.130
[ok] lpips_first2/edit4/0031_soccerball: d_max_clip=0.8280 -> m_abs_max=0.8280 mean=0.0707 clipped=0.0000% frac(m>0.5)=0.015
[ok] lpips_first2/edit4/0032_mermaid: d_max_clip=1.2122 -> m_abs_max=1.0000 mean=0.2966 clipped=0.1852% frac(m>0.5)=0.213
[ok] lpips_first2/edit4/0033_horsejump-low: d_max_clip=0.9975 -> m_abs_max=0.9975 mean=0.1964 clipped=0.0000% frac(m>0.5)=0.060
[ok] lpips_first2/edit4/0034_cows: d_max_clip=0.9985 -> m_abs_max=0.9985 mean=0.1383 clipped=0.0000% frac(m>0.5)=0.036
[ok] lpips_first2/edit4/0035_helicopter: d_max_clip=1.1462 -> m_abs_max=1.0000 mean=0.1360 clipped=0.2885% frac(m>0.5)=0.089
[ok] lpips_first2/edit4/0036_camel: d_max_clip=1.1624 -> m_abs_max=1.0000 mean=0.2013 clipped=0.1709% frac(m>0.5)=0.121
[ok] lpips_first2/edit4/0037_snowboard-sand: d_max_clip=1.0645 -> m_abs_max=1.0000 mean=0.1403 clipped=0.0321% frac(m>0.5)=0.117
[ok] lpips_first2/edit4/0038_motorbike: d_max_clip=0.7690 -> m_abs_max=0.7690 mean=0.1331 clipped=0.0000% frac(m>0.5)=0.039
[ok] lpips_first2/edit4/0039_chamaleon: d_max_clip=1.1263 -> m_abs_max=1.0000 mean=0.1523 clipped=0.0672% frac(m>0.5)=0.126
[ok] lpips_first2/edit4/0040_tennis: d_max_clip=1.0465 -> m_abs_max=1.0000 mean=0.1044 clipped=0.0071% frac(m>0.5)=0.029
[ok] lpips_first2/edit4/0041_longboard: d_max_clip=1.1299 -> m_abs_max=1.0000 mean=0.2233 clipped=0.0641% frac(m>0.5)=0.111
[ok] lpips_first2/edit4/0042_gym-ball: d_max_clip=1.0190 -> m_abs_max=1.0000 mean=0.1225 clipped=0.0036% frac(m>0.5)=0.105
[ok] lpips_first2/edit4/0043_parkour: d_max_clip=1.1742 -> m_abs_max=1.0000 mean=0.1605 clipped=0.0427% frac(m>0.5)=0.083
[ok] lpips_first2/edit4/0044_snowboard: d_max_clip=0.9443 -> m_abs_max=0.9443 mean=0.2731 clipped=0.0000% frac(m>0.5)=0.134
[ok] lpips_first2/edit4/0045_butterfly: d_max_clip=1.0829 -> m_abs_max=1.0000 mean=0.1339 clipped=0.1175% frac(m>0.5)=0.115
[ok] lpips_first2/edit4/0046_blackswan: d_max_clip=0.7365 -> m_abs_max=0.7365 mean=0.1494 clipped=0.0000% frac(m>0.5)=0.033
[ok] lpips_first2/edit4/0047_judo: d_max_clip=1.0472 -> m_abs_max=1.0000 mean=0.1890 clipped=0.0071% frac(m>0.5)=0.158
[ok] lpips_first2/edit4/0048_hike: d_max_clip=0.7999 -> m_abs_max=0.7999 mean=0.1184 clipped=0.0000% frac(m>0.5)=0.025
[ok] lpips_first2/edit4/0049_speed-skating: d_max_clip=1.1491 -> m_abs_max=1.0000 mean=0.1742 clipped=0.1099% frac(m>0.5)=0.136
[ok] lpips_first2/edit4/0050_slackline: d_max_clip=1.0100 -> m_abs_max=1.0000 mean=0.1451 clipped=0.0043% frac(m>0.5)=0.080
[ok] lpips_first2/edit4/0051_dogs-jump: d_max_clip=1.0181 -> m_abs_max=1.0000 mean=0.1317 clipped=0.0043% frac(m>0.5)=0.104
[ok] lpips_first2/edit4/0052_mallard-fly: d_max_clip=0.9342 -> m_abs_max=0.9342 mean=0.1426 clipped=0.0000% frac(m>0.5)=0.034
[ok] lpips_first2/edit4/0053_swing: d_max_clip=1.0232 -> m_abs_max=1.0000 mean=0.1842 clipped=0.0128% frac(m>0.5)=0.087
[ok] lpips_first2/edit4/0054_train: d_max_clip=1.0655 -> m_abs_max=1.0000 mean=0.1997 clipped=0.0356% frac(m>0.5)=0.168
[ok] lpips_first2/edit4/0055_pigs: d_max_clip=1.0735 -> m_abs_max=1.0000 mean=0.2024 clipped=0.0142% frac(m>0.5)=0.126
[ok] lpips_first2/edit4/0056_kart-turn: d_max_clip=0.8836 -> m_abs_max=0.8836 mean=0.1760 clipped=0.0000% frac(m>0.5)=0.146
[ok] lpips_first2/edit4/0057_dog: d_max_clip=1.1466 -> m_abs_max=1.0000 mean=0.2738 clipped=0.5427% frac(m>0.5)=0.202
[ok] lpips_first2/edit4/0058_boat: d_max_clip=0.9536 -> m_abs_max=0.9536 mean=0.1051 clipped=0.0000% frac(m>0.5)=0.039
[ok] lpips_first2/edit4/0059_drift-straight: d_max_clip=1.0403 -> m_abs_max=1.0000 mean=0.4879 clipped=0.0374% frac(m>0.5)=0.498
[ok] lpips_first2/edit4/0060_motocross-bumps: d_max_clip=1.0480 -> m_abs_max=1.0000 mean=0.2409 clipped=0.0171% frac(m>0.5)=0.187
[ok] lpips_first2/edit4/0061_mbike-santa: d_max_clip=1.0541 -> m_abs_max=1.0000 mean=0.4154 clipped=0.0043% frac(m>0.5)=0.384
[ok] lpips_first2/edit4/0062_elephant: d_max_clip=1.1489 -> m_abs_max=1.0000 mean=0.2255 clipped=0.2137% frac(m>0.5)=0.215
[ok] lpips_first2/edit4/0063_drift-turn: d_max_clip=1.1395 -> m_abs_max=1.0000 mean=0.4147 clipped=0.0299% frac(m>0.5)=0.333
[ok] lpips_first2/edit4/0064_rollerblade: d_max_clip=0.8723 -> m_abs_max=0.8723 mean=0.1029 clipped=0.0000% frac(m>0.5)=0.050
[ok] lpips_first2/edit4/0065_twist-dance: d_max_clip=1.2127 -> m_abs_max=1.0000 mean=0.1082 clipped=0.0275% frac(m>0.5)=0.102
[ok] lpips_first2/edit4/0066_deer: d_max_clip=1.0983 -> m_abs_max=1.0000 mean=0.2718 clipped=0.2813% frac(m>0.5)=0.266
[ok] lpips_first2/edit4/0067_mbike-trick: d_max_clip=0.9855 -> m_abs_max=0.9855 mean=0.1059 clipped=0.0000% frac(m>0.5)=0.078
[ok] lpips_first2/edit4/0068_planes-water: d_max_clip=0.9560 -> m_abs_max=0.9560 mean=0.1511 clipped=0.0000% frac(m>0.5)=0.077
[ok] lpips_first2/edit4/0069_car-turn: d_max_clip=0.9646 -> m_abs_max=0.9646 mean=0.1546 clipped=0.0000% frac(m>0.5)=0.071
[ok] lpips_first2/edit4/0070_dance-twirl: d_max_clip=1.0312 -> m_abs_max=1.0000 mean=0.1844 clipped=0.0092% frac(m>0.5)=0.124
[ok] lpips_first2/edit4/0071_mallard-water: d_max_clip=0.7843 -> m_abs_max=0.7843 mean=0.1295 clipped=0.0000% frac(m>0.5)=0.014
[ok] lpips_first2/edit4/0072_dog-agility: d_max_clip=0.8604 -> m_abs_max=0.8604 mean=0.1253 clipped=0.0000% frac(m>0.5)=0.069
[ok] lpips_first2/edit4/0073_bmx-rider: d_max_clip=1.2139 -> m_abs_max=1.0000 mean=0.1073 clipped=0.0458% frac(m>0.5)=0.032
[ok] lpips_first2/edit4/0074_rhino: d_max_clip=0.7313 -> m_abs_max=0.7313 mean=0.0994 clipped=0.0000% frac(m>0.5)=0.013
[ok] lpips_first2/edit4/0075_A_bicycle: d_max_clip=0.8021 -> m_abs_max=0.8021 mean=0.0978 clipped=0.0000% frac(m>0.5)=0.026
[ok] lpips_first2/edit4/0076_A_rabbit: d_max_clip=1.1195 -> m_abs_max=1.0000 mean=0.1447 clipped=0.0519% frac(m>0.5)=0.106
[ok] lpips_first2/edit4/0077_A_hawk: d_max_clip=1.0824 -> m_abs_max=1.0000 mean=0.1046 clipped=0.0458% frac(m>0.5)=0.076
[ok] lpips_first2/edit4/0078_A_cat: d_max_clip=0.9906 -> m_abs_max=0.9906 mean=0.1222 clipped=0.0000% frac(m>0.5)=0.059
[ok] lpips_first2/edit4/0079_A_bus: d_max_clip=1.2356 -> m_abs_max=1.0000 mean=0.3242 clipped=0.2900% frac(m>0.5)=0.277
[ok] lpips_first2/edit4/0080_A_motorcycle: d_max_clip=1.1081 -> m_abs_max=1.0000 mean=0.2690 clipped=0.0549% frac(m>0.5)=0.148
[ok] lpips_first2/edit4/0081_A_horse: d_max_clip=0.9202 -> m_abs_max=0.9202 mean=0.0976 clipped=0.0000% frac(m>0.5)=0.047
[ok] lpips_first2/edit4/0082_A_tram: d_max_clip=0.9308 -> m_abs_max=0.9308 mean=0.1903 clipped=0.0000% frac(m>0.5)=0.161
[ok] lpips_first2/edit4/0083_A_boat: d_max_clip=0.9926 -> m_abs_max=0.9926 mean=0.1676 clipped=0.0000% frac(m>0.5)=0.114
[ok] lpips_first2/edit4/0084_A_squirrel: d_max_clip=1.0564 -> m_abs_max=1.0000 mean=0.1456 clipped=0.0244% frac(m>0.5)=0.107
[ok] lpips_first2/edit4/0085_A_tram: d_max_clip=1.0664 -> m_abs_max=1.0000 mean=0.2155 clipped=0.1404% frac(m>0.5)=0.184
[ok] lpips_first2/edit4/0086_A_red_sports_car: d_max_clip=0.9447 -> m_abs_max=0.9447 mean=0.0863 clipped=0.0000% frac(m>0.5)=0.029
[ok] lpips_first2/edit4/0087_A_seagull: d_max_clip=0.8387 -> m_abs_max=0.8387 mean=0.0482 clipped=0.0000% frac(m>0.5)=0.010
[ok] lpips_first2/edit4/0088_A_cyclist: d_max_clip=0.9883 -> m_abs_max=0.9883 mean=0.1699 clipped=0.0000% frac(m>0.5)=0.085
[ok] lpips_first2/edit4/0089_A_dog: d_max_clip=1.3212 -> m_abs_max=1.0000 mean=0.2179 clipped=0.5006% frac(m>0.5)=0.238
[ok] lpips_first2/edit4/0090_A_deer: d_max_clip=0.7983 -> m_abs_max=0.7983 mean=0.0850 clipped=0.0000% frac(m>0.5)=0.014
[ok] lpips_first2/edit4/0091_A_hawk: d_max_clip=0.9535 -> m_abs_max=0.9535 mean=0.0721 clipped=0.0000% frac(m>0.5)=0.023
[ok] lpips_first2/edit4/0092_A_fox: d_max_clip=1.0246 -> m_abs_max=1.0000 mean=0.1141 clipped=0.0031% frac(m>0.5)=0.032
[ok] lpips_first2/edit4/0093_A_helicopter: d_max_clip=0.9944 -> m_abs_max=0.9944 mean=0.1773 clipped=0.0000% frac(m>0.5)=0.091
[ok] lpips_first2/edit4/0094_A_swan: d_max_clip=0.8688 -> m_abs_max=0.8688 mean=0.0463 clipped=0.0000% frac(m>0.5)=0.008
[ok] lpips_first2/edit4/0095_A_crow: d_max_clip=1.2568 -> m_abs_max=1.0000 mean=0.2641 clipped=0.7143% frac(m>0.5)=0.274
[ok] lpips_first2/edit4/0096_A_car: d_max_clip=0.8729 -> m_abs_max=0.8729 mean=0.0923 clipped=0.0000% frac(m>0.5)=0.025
[ok] lpips_first2/edit4/0097_A_bird: d_max_clip=0.8455 -> m_abs_max=0.8455 mean=0.0462 clipped=0.0000% frac(m>0.5)=0.007
[ok] lpips_first2/edit4/0098_A_squirrel: d_max_clip=1.2169 -> m_abs_max=1.0000 mean=0.1155 clipped=0.0305% frac(m>0.5)=0.074
[ok] lpips_first2/edit4/0099_A_jogger: d_max_clip=1.0071 -> m_abs_max=1.0000 mean=0.1148 clipped=0.0031% frac(m>0.5)=0.063
[ok] lpips_first2/edit4/0100_A_deer: d_max_clip=1.1188 -> m_abs_max=1.0000 mean=0.1645 clipped=0.0366% frac(m>0.5)=0.114
[ok] lpips_first2/edit5/0007_guitar-violin: d_max_clip=1.1858 -> m_abs_max=1.0000 mean=0.0918 clipped=0.0641% frac(m>0.5)=0.030
[ok] lpips_first2/edit5/0009_bear: d_max_clip=0.8213 -> m_abs_max=0.8213 mean=0.1477 clipped=0.0000% frac(m>0.5)=0.058
[ok] lpips_first2/edit5/0011_lucia: d_max_clip=1.1796 -> m_abs_max=1.0000 mean=0.1478 clipped=0.1353% frac(m>0.5)=0.039
[ok] lpips_first2/edit5/0019_tennis-vest: d_max_clip=1.0853 -> m_abs_max=1.0000 mean=0.2164 clipped=0.0071% frac(m>0.5)=0.054
[ok] lpips_first2/edit5/0034_cows: d_max_clip=0.9059 -> m_abs_max=0.9059 mean=0.2702 clipped=0.0000% frac(m>0.5)=0.072
[ok] lpips_first2/edit5/0036_camel: d_max_clip=1.1847 -> m_abs_max=1.0000 mean=0.1903 clipped=0.7448% frac(m>0.5)=0.103
[ok] lpips_first2/edit5/0057_dog: d_max_clip=1.1171 -> m_abs_max=1.0000 mean=0.4639 clipped=0.0128% frac(m>0.5)=0.399
[ok] lpips_first2/edit5/0069_car-turn: d_max_clip=1.2589 -> m_abs_max=1.0000 mean=0.1883 clipped=0.8440% frac(m>0.5)=0.121
[ok] lpips_first2/edit5/0089_A_dog: d_max_clip=0.8519 -> m_abs_max=0.8519 mean=0.1472 clipped=0.0000% frac(m>0.5)=0.037
[ok] lpips_first2/edit6/0002_girl-dog: d_max_clip=0.8742 -> m_abs_max=0.8742 mean=0.1127 clipped=0.0000% frac(m>0.5)=0.011
[ok] lpips_first2/edit6/0017_kid-football: d_max_clip=0.9589 -> m_abs_max=0.9589 mean=0.0713 clipped=0.0000% frac(m>0.5)=0.013
[ok] lpips_first2/edit6/0025_baseball: d_max_clip=0.9871 -> m_abs_max=0.9871 mean=0.1987 clipped=0.0000% frac(m>0.5)=0.064
[ok] lpips_first2/edit6/0041_longboard: d_max_clip=1.0283 -> m_abs_max=1.0000 mean=0.1522 clipped=0.0107% frac(m>0.5)=0.035
[ok] lpips_first2/edit6/0042_gym-ball: d_max_clip=0.8844 -> m_abs_max=0.8844 mean=0.1333 clipped=0.0000% frac(m>0.5)=0.039
[ok] lpips_first2/edit6/0048_hike: d_max_clip=0.7628 -> m_abs_max=0.7628 mean=0.1024 clipped=0.0000% frac(m>0.5)=0.011
[ok] lpips_first2/edit6/0051_dogs-jump: d_max_clip=0.9149 -> m_abs_max=0.9149 mean=0.0952 clipped=0.0000% frac(m>0.5)=0.051
[ok] lpips_first2/edit6/0055_pigs: d_max_clip=0.9825 -> m_abs_max=0.9825 mean=0.1992 clipped=0.0000% frac(m>0.5)=0.128
[ok] lpips_first2/edit6/0078_A_cat: d_max_clip=1.0957 -> m_abs_max=1.0000 mean=0.0638 clipped=0.0183% frac(m>0.5)=0.021
[ok] lpips_first2/edit6/0088_A_cyclist: d_max_clip=0.7272 -> m_abs_max=0.7272 mean=0.0987 clipped=0.0000% frac(m>0.5)=0.005

[r31_div_abs] done: 419/419 ok -> /home/ids/skhairi/Data/dataggen/outputs/five_bench/r35_div_abs
[r31_rho_map] div_root=/home/ids/skhairi/Data/dataggen/outputs/five_bench/r35_div_abs/lpips_first2
[r31_rho_map] STAGE-3 schedule: step=15 flow_shift=1.0 (stage 1's 7 steps are irrelevant here)
[r31_rho_map] tau=[2.0, 50.0] => A_disc=[0.300415, 0.002131]
[ok] edit1/0001_bus: rho (18, 1560) range [2.008, 50.000] mean 3.276 -> /home/ids/skhairi/Data/dataggen/outputs/five_bench/r35_rho/lpips_first2/edit1/0001_bus.npz
[ok] edit1/0002_girl-dog: rho (21, 1560) range [2.012, 13.220] mean 2.435 -> /home/ids/skhairi/Data/dataggen/outputs/five_bench/r35_rho/lpips_first2/edit1/0002_girl-dog.npz
[ok] edit1/0003_ocean-birds: rho (9, 1560) range [2.011, 50.000] mean 3.516 -> /home/ids/skhairi/Data/dataggen/outputs/five_bench/r35_rho/lpips_first2/edit1/0003_ocean-birds.npz
[ok] edit1/0004_car-roundabout: rho (18, 1560) range [2.010, 17.493] mean 2.727 -> /home/ids/skhairi/Data/dataggen/outputs/five_bench/r35_rho/lpips_first2/edit1/0004_car-roundabout.npz
[ok] edit1/0005_breakdance: rho (21, 1560) range [2.003, 50.000] mean 3.057 -> /home/ids/skhairi/Data/dataggen/outputs/five_bench/r35_rho/lpips_first2/edit1/0005_breakdance.npz
[ok] edit1/0006_paragliding: rho (18, 1560) range [2.014, 50.000] mean 2.915 -> /home/ids/skhairi/Data/dataggen/outputs/five_bench/r35_rho/lpips_first2/edit1/0006_paragliding.npz
[ok] edit1/0007_guitar-violin: rho (12, 1560) range [2.012, 50.000] mean 4.850 -> /home/ids/skhairi/Data/dataggen/outputs/five_bench/r35_rho/lpips_first2/edit1/0007_guitar-violin.npz
[ok] edit1/0008_snowboard-race: rho (18, 1560) range [2.002, 31.818] mean 2.969 -> /home/ids/skhairi/Data/dataggen/outputs/five_bench/r35_rho/lpips_first2/edit1/0008_snowboard-race.npz
[ok] edit1/0009_bear: rho (21, 1560) range [2.013, 50.000] mean 3.140 -> /home/ids/skhairi/Data/dataggen/outputs/five_bench/r35_rho/lpips_first2/edit1/0009_bear.npz
[ok] edit1/0010_giant-slalom: rho (30, 1560) range [2.001, 50.000] mean 2.583 -> /home/ids/skhairi/Data/dataggen/outputs/five_bench/r35_rho/lpips_first2/edit1/0010_giant-slalom.npz
[ok] edit1/0011_lucia: rho (18, 1560) range [2.031, 11.178] mean 2.510 -> /home/ids/skhairi/Data/dataggen/outputs/five_bench/r35_rho/lpips_first2/edit1/0011_lucia.npz
[ok] edit1/0012_goat: rho (21, 1560) range [2.056, 50.000] mean 3.255 -> /home/ids/skhairi/Data/dataggen/outputs/five_bench/r35_rho/lpips_first2/edit1/0012_goat.npz
[ok] edit1/0013_golf: rho (18, 1560) range [2.001, 11.297] mean 2.377 -> /home/ids/skhairi/Data/dataggen/outputs/five_bench/r35_rho/lpips_first2/edit1/0013_golf.npz
[ok] edit1/0014_burnout: rho (18, 1560) range [2.011, 50.000] mean 2.832 -> /home/ids/skhairi/Data/dataggen/outputs/five_bench/r35_rho/lpips_first2/edit1/0014_burnout.npz
[ok] edit1/0015_car-shadow: rho (9, 1560) range [2.012, 29.599] mean 2.696 -> /home/ids/skhairi/Data/dataggen/outputs/five_bench/r35_rho/lpips_first2/edit1/0015_car-shadow.npz
[ok] edit1/0016_horsejump-high: rho (12, 1560) range [2.002, 30.059] mean 2.647 -> /home/ids/skhairi/Data/dataggen/outputs/five_bench/r35_rho/lpips_first2/edit1/0016_horsejump-high.npz
[ok] edit1/0017_kid-football: rho (15, 1560) range [2.001, 50.000] mean 2.667 -> /home/ids/skhairi/Data/dataggen/outputs/five_bench/r35_rho/lpips_first2/edit1/0017_kid-football.npz
[ok] edit1/0018_breakdance-flare: rho (18, 1560) range [2.009, 50.000] mean 3.713 -> /home/ids/skhairi/Data/dataggen/outputs/five_bench/r35_rho/lpips_first2/edit1/0018_breakdance-flare.npz
[ok] edit1/0019_tennis-vest: rho (18, 1560) range [2.003, 28.711] mean 2.536 -> /home/ids/skhairi/Data/dataggen/outputs/five_bench/r35_rho/lpips_first2/edit1/0019_tennis-vest.npz
[ok] edit1/0020_monkeys: rho (21, 1560) range [2.046, 50.000] mean 3.186 -> /home/ids/skhairi/Data/dataggen/outputs/five_bench/r35_rho/lpips_first2/edit1/0020_monkeys.npz
[ok] edit1/0021_landing: rho (9, 1560) range [2.002, 50.000] mean 3.824 -> /home/ids/skhairi/Data/dataggen/outputs/five_bench/r35_rho/lpips_first2/edit1/0021_landing.npz
[ok] edit1/0022_skate-jump: rho (15, 1560) range [2.001, 15.616] mean 2.256 -> /home/ids/skhairi/Data/dataggen/outputs/five_bench/r35_rho/lpips_first2/edit1/0022_skate-jump.npz
[ok] edit1/0023_kayak-race: rho (15, 1560) range [2.001, 16.382] mean 2.926 -> /home/ids/skhairi/Data/dataggen/outputs/five_bench/r35_rho/lpips_first2/edit1/0023_kayak-race.npz
[ok] edit1/0024_hockey: rho (18, 1560) range [2.008, 24.882] mean 2.537 -> /home/ids/skhairi/Data/dataggen/outputs/five_bench/r35_rho/lpips_first2/edit1/0024_hockey.npz
[ok] edit1/0025_baseball: rho (21, 1560) range [2.011, 50.000] mean 3.134 -> /home/ids/skhairi/Data/dataggen/outputs/five_bench/r35_rho/lpips_first2/edit1/0025_baseball.npz
[ok] edit1/0026_table-tennis: rho (18, 1560) range [2.001, 20.620] mean 2.420 -> /home/ids/skhairi/Data/dataggen/outputs/five_bench/r35_rho/lpips_first2/edit1/0026_table-tennis.npz
[ok] edit1/0027_dance-jump: rho (15, 1560) range [2.016, 50.000] mean 3.020 -> /home/ids/skhairi/Data/dataggen/outputs/five_bench/r35_rho/lpips_first2/edit1/0027_dance-jump.npz
[ok] edit1/0028_kite-walk: rho (18, 1560) range [2.003, 18.433] mean 2.319 -> /home/ids/skhairi/Data/dataggen/outputs/five_bench/r35_rho/lpips_first2/edit1/0028_kite-walk.npz
[ok] edit1/0029_horsejump-stick: rho (15, 1560) range [2.027, 50.000] mean 3.143 -> /home/ids/skhairi/Data/dataggen/outputs/five_bench/r35_rho/lpips_first2/edit1/0029_horsejump-stick.npz
[ok] edit1/0030_rallye: rho (12, 1560) range [2.001, 50.000] mean 3.973 -> /home/ids/skhairi/Data/dataggen/outputs/five_bench/r35_rho/lpips_first2/edit1/0030_rallye.npz
[ok] edit1/0031_soccerball: rho (12, 1560) range [2.010, 50.000] mean 2.346 -> /home/ids/skhairi/Data/dataggen/outputs/five_bench/r35_rho/lpips_first2/edit1/0031_soccerball.npz
[ok] edit1/0032_mermaid: rho (18, 1560) range [2.002, 44.466] mean 3.551 -> /home/ids/skhairi/Data/dataggen/outputs/five_bench/r35_rho/lpips_first2/edit1/0032_mermaid.npz
[ok] edit1/0033_horsejump-low: rho (15, 1560) range [2.014, 24.649] mean 2.905 -> /home/ids/skhairi/Data/dataggen/outputs/five_bench/r35_rho/lpips_first2/edit1/0033_horsejump-low.npz
[ok] edit1/0034_cows: rho (24, 1560) range [2.037, 50.000] mean 4.148 -> /home/ids/skhairi/Data/dataggen/outputs/five_bench/r35_rho/lpips_first2/edit1/0034_cows.npz
[ok] edit1/0035_helicopter: rho (12, 1560) range [2.004, 50.000] mean 2.675 -> /home/ids/skhairi/Data/dataggen/outputs/five_bench/r35_rho/lpips_first2/edit1/0035_helicopter.npz
[ok] edit1/0036_camel: rho (21, 1560) range [2.018, 50.000] mean 3.427 -> /home/ids/skhairi/Data/dataggen/outputs/five_bench/r35_rho/lpips_first2/edit1/0036_camel.npz
[ok] edit1/0037_snowboard-sand: rho (12, 1560) range [2.003, 50.000] mean 2.642 -> /home/ids/skhairi/Data/dataggen/outputs/five_bench/r35_rho/lpips_first2/edit1/0037_snowboard-sand.npz
[ok] edit1/0038_motorbike: rho (9, 1560) range [2.007, 16.181] mean 2.464 -> /home/ids/skhairi/Data/dataggen/outputs/five_bench/r35_rho/lpips_first2/edit1/0038_motorbike.npz
[ok] edit1/0039_chamaleon: rho (21, 1560) range [2.006, 50.000] mean 3.063 -> /home/ids/skhairi/Data/dataggen/outputs/five_bench/r35_rho/lpips_first2/edit1/0039_chamaleon.npz
[ok] edit1/0040_tennis: rho (18, 1560) range [2.005, 50.000] mean 2.632 -> /home/ids/skhairi/Data/dataggen/outputs/five_bench/r35_rho/lpips_first2/edit1/0040_tennis.npz
[ok] edit1/0041_longboard: rho (12, 1560) range [2.014, 50.000] mean 3.612 -> /home/ids/skhairi/Data/dataggen/outputs/five_bench/r35_rho/lpips_first2/edit1/0041_longboard.npz
[ok] edit1/0042_gym-ball: rho (18, 1560) range [2.002, 50.000] mean 2.891 -> /home/ids/skhairi/Data/dataggen/outputs/five_bench/r35_rho/lpips_first2/edit1/0042_gym-ball.npz
[ok] edit1/0043_parkour: rho (24, 1560) range [2.002, 50.000] mean 2.745 -> /home/ids/skhairi/Data/dataggen/outputs/five_bench/r35_rho/lpips_first2/edit1/0043_parkour.npz
[ok] edit1/0044_snowboard: rho (15, 1560) range [2.044, 50.000] mean 3.713 -> /home/ids/skhairi/Data/dataggen/outputs/five_bench/r35_rho/lpips_first2/edit1/0044_snowboard.npz
[ok] edit1/0045_butterfly: rho (18, 1560) range [2.002, 50.000] mean 2.845 -> /home/ids/skhairi/Data/dataggen/outputs/five_bench/r35_rho/lpips_first2/edit1/0045_butterfly.npz
[ok] edit1/0046_blackswan: rho (12, 1560) range [2.005, 50.000] mean 3.236 -> /home/ids/skhairi/Data/dataggen/outputs/five_bench/r35_rho/lpips_first2/edit1/0046_blackswan.npz
[ok] edit1/0047_judo: rho (9, 1560) range [2.003, 50.000] mean 3.476 -> /home/ids/skhairi/Data/dataggen/outputs/five_bench/r35_rho/lpips_first2/edit1/0047_judo.npz
[ok] edit1/0048_hike: rho (18, 1560) range [2.001, 27.392] mean 2.505 -> /home/ids/skhairi/Data/dataggen/outputs/five_bench/r35_rho/lpips_first2/edit1/0048_hike.npz
[ok] edit1/0049_speed-skating: rho (21, 1560) range [2.003, 50.000] mean 3.034 -> /home/ids/skhairi/Data/dataggen/outputs/five_bench/r35_rho/lpips_first2/edit1/0049_speed-skating.npz
[ok] edit1/0050_slackline: rho (15, 1560) range [2.008, 50.000] mean 2.832 -> /home/ids/skhairi/Data/dataggen/outputs/five_bench/r35_rho/lpips_first2/edit1/0050_slackline.npz
[ok] edit1/0051_dogs-jump: rho (15, 1560) range [2.005, 12.867] mean 2.501 -> /home/ids/skhairi/Data/dataggen/outputs/five_bench/r35_rho/lpips_first2/edit1/0051_dogs-jump.npz
[ok] edit1/0052_mallard-fly: rho (18, 1560) range [2.017, 50.000] mean 3.007 -> /home/ids/skhairi/Data/dataggen/outputs/five_bench/r35_rho/lpips_first2/edit1/0052_mallard-fly.npz
[ok] edit1/0053_swing: rho (15, 1560) range [2.011, 50.000] mean 2.997 -> /home/ids/skhairi/Data/dataggen/outputs/five_bench/r35_rho/lpips_first2/edit1/0053_swing.npz
[ok] edit1/0054_train: rho (18, 1560) range [2.005, 26.156] mean 2.782 -> /home/ids/skhairi/Data/dataggen/outputs/five_bench/r35_rho/lpips_first2/edit1/0054_train.npz
[ok] edit1/0055_pigs: rho (18, 1560) range [2.021, 50.000] mean 3.885 -> /home/ids/skhairi/Data/dataggen/outputs/five_bench/r35_rho/lpips_first2/edit1/0055_pigs.npz
[ok] edit1/0056_kart-turn: rho (21, 1560) range [2.005, 50.000] mean 3.706 -> /home/ids/skhairi/Data/dataggen/outputs/five_bench/r35_rho/lpips_first2/edit1/0056_kart-turn.npz
[ok] edit1/0057_dog: rho (15, 1560) range [2.017, 50.000] mean 3.194 -> /home/ids/skhairi/Data/dataggen/outputs/five_bench/r35_rho/lpips_first2/edit1/0057_dog.npz
[ok] edit1/0058_boat: rho (18, 1560) range [2.001, 20.254] mean 2.841 -> /home/ids/skhairi/Data/dataggen/outputs/five_bench/r35_rho/lpips_first2/edit1/0058_boat.npz
[ok] edit1/0059_drift-straight: rho (12, 1560) range [2.006, 32.690] mean 3.053 -> /home/ids/skhairi/Data/dataggen/outputs/five_bench/r35_rho/lpips_first2/edit1/0059_drift-straight.npz
[ok] edit1/0060_motocross-bumps: rho (15, 1560) range [2.023, 50.000] mean 3.213 -> /home/ids/skhairi/Data/dataggen/outputs/five_bench/r35_rho/lpips_first2/edit1/0060_motocross-bumps.npz
[ok] edit1/0061_mbike-santa: rho (15, 1560) range [2.032, 31.356] mean 3.730 -> /home/ids/skhairi/Data/dataggen/outputs/five_bench/r35_rho/lpips_first2/edit1/0061_mbike-santa.npz
[ok] edit1/0062_elephant: rho (18, 1560) range [2.002, 50.000] mean 3.152 -> /home/ids/skhairi/Data/dataggen/outputs/five_bench/r35_rho/lpips_first2/edit1/0062_elephant.npz
[ok] edit1/0063_drift-turn: rho (15, 1560) range [2.015, 50.000] mean 3.313 -> /home/ids/skhairi/Data/dataggen/outputs/five_bench/r35_rho/lpips_first2/edit1/0063_drift-turn.npz
[ok] edit1/0064_rollerblade: rho (9, 1560) range [2.004, 50.000] mean 2.453 -> /home/ids/skhairi/Data/dataggen/outputs/five_bench/r35_rho/lpips_first2/edit1/0064_rollerblade.npz
[ok] edit1/0065_twist-dance: rho (21, 1560) range [2.004, 30.722] mean 2.496 -> /home/ids/skhairi/Data/dataggen/outputs/five_bench/r35_rho/lpips_first2/edit1/0065_twist-dance.npz
[ok] edit1/0066_deer: rho (18, 1560) range [2.002, 50.000] mean 3.202 -> /home/ids/skhairi/Data/dataggen/outputs/five_bench/r35_rho/lpips_first2/edit1/0066_deer.npz
[ok] edit1/0067_mbike-trick: rho (18, 1560) range [2.001, 50.000] mean 2.470 -> /home/ids/skhairi/Data/dataggen/outputs/five_bench/r35_rho/lpips_first2/edit1/0067_mbike-trick.npz
[ok] edit1/0068_planes-water: rho (9, 1560) range [2.001, 17.426] mean 2.588 -> /home/ids/skhairi/Data/dataggen/outputs/five_bench/r35_rho/lpips_first2/edit1/0068_planes-water.npz
[ok] edit1/0069_car-turn: rho (18, 1560) range [2.006, 50.000] mean 2.675 -> /home/ids/skhairi/Data/dataggen/outputs/five_bench/r35_rho/lpips_first2/edit1/0069_car-turn.npz
[ok] edit1/0070_dance-twirl: rho (21, 1560) range [2.006, 50.000] mean 2.899 -> /home/ids/skhairi/Data/dataggen/outputs/five_bench/r35_rho/lpips_first2/edit1/0070_dance-twirl.npz
[ok] edit1/0071_mallard-water: rho (18, 1560) range [2.010, 50.000] mean 3.091 -> /home/ids/skhairi/Data/dataggen/outputs/five_bench/r35_rho/lpips_first2/edit1/0071_mallard-water.npz
[ok] edit1/0072_dog-agility: rho (6, 1560) range [2.007, 50.000] mean 2.836 -> /home/ids/skhairi/Data/dataggen/outputs/five_bench/r35_rho/lpips_first2/edit1/0072_dog-agility.npz
[ok] edit1/0073_bmx-rider: rho (21, 1560) range [2.002, 26.467] mean 2.357 -> /home/ids/skhairi/Data/dataggen/outputs/five_bench/r35_rho/lpips_first2/edit1/0073_bmx-rider.npz
[ok] edit1/0074_rhino: rho (21, 1560) range [2.008, 50.000] mean 4.270 -> /home/ids/skhairi/Data/dataggen/outputs/five_bench/r35_rho/lpips_first2/edit1/0074_rhino.npz
[ok] edit1/0075_A_bicycle: rho (21, 1560) range [2.002, 50.000] mean 2.758 -> /home/ids/skhairi/Data/dataggen/outputs/five_bench/r35_rho/lpips_first2/edit1/0075_A_bicycle.npz
[ok] edit1/0076_A_rabbit: rho (21, 1560) range [2.004, 50.000] mean 3.014 -> /home/ids/skhairi/Data/dataggen/outputs/five_bench/r35_rho/lpips_first2/edit1/0076_A_rabbit.npz
[ok] edit1/0077_A_hawk: rho (21, 1560) range [2.004, 50.000] mean 2.515 -> /home/ids/skhairi/Data/dataggen/outputs/five_bench/r35_rho/lpips_first2/edit1/0077_A_hawk.npz
[ok] edit1/0078_A_cat: rho (21, 1560) range [2.002, 50.000] mean 3.497 -> /home/ids/skhairi/Data/dataggen/outputs/five_bench/r35_rho/lpips_first2/edit1/0078_A_cat.npz
[ok] edit1/0079_A_bus: rho (21, 1560) range [2.009, 50.000] mean 3.680 -> /home/ids/skhairi/Data/dataggen/outputs/five_bench/r35_rho/lpips_first2/edit1/0079_A_bus.npz
[ok] edit1/0080_A_motorcycle: rho (21, 1560) range [2.001, 20.935] mean 3.057 -> /home/ids/skhairi/Data/dataggen/outputs/five_bench/r35_rho/lpips_first2/edit1/0080_A_motorcycle.npz
[ok] edit1/0081_A_horse: rho (21, 1560) range [2.001, 50.000] mean 2.679 -> /home/ids/skhairi/Data/dataggen/outputs/five_bench/r35_rho/lpips_first2/edit1/0081_A_horse.npz
[ok] edit1/0082_A_tram: rho (21, 1560) range [2.002, 20.395] mean 2.973 -> /home/ids/skhairi/Data/dataggen/outputs/five_bench/r35_rho/lpips_first2/edit1/0082_A_tram.npz
[ok] edit1/0083_A_boat: rho (21, 1560) range [2.001, 50.000] mean 3.900 -> /home/ids/skhairi/Data/dataggen/outputs/five_bench/r35_rho/lpips_first2/edit1/0083_A_boat.npz
[ok] edit1/0084_A_squirrel: rho (21, 1560) range [2.003, 50.000] mean 3.585 -> /home/ids/skhairi/Data/dataggen/outputs/five_bench/r35_rho/lpips_first2/edit1/0084_A_squirrel.npz
[ok] edit1/0085_A_tram: rho (21, 1560) range [2.002, 49.655] mean 3.013 -> /home/ids/skhairi/Data/dataggen/outputs/five_bench/r35_rho/lpips_first2/edit1/0085_A_tram.npz
[ok] edit1/0086_A_red_sports_car: rho (21, 1560) range [2.002, 50.000] mean 3.070 -> /home/ids/skhairi/Data/dataggen/outputs/five_bench/r35_rho/lpips_first2/edit1/0086_A_red_sports_car.npz
[ok] edit1/0087_A_seagull: rho (21, 1560) range [2.000, 12.887] mean 2.208 -> /home/ids/skhairi/Data/dataggen/outputs/five_bench/r35_rho/lpips_first2/edit1/0087_A_seagull.npz
[ok] edit1/0088_A_cyclist: rho (21, 1560) range [2.011, 50.000] mean 3.091 -> /home/ids/skhairi/Data/dataggen/outputs/five_bench/r35_rho/lpips_first2/edit1/0088_A_cyclist.npz
[ok] edit1/0089_A_dog: rho (21, 1560) range [2.001, 50.000] mean 3.251 -> /home/ids/skhairi/Data/dataggen/outputs/five_bench/r35_rho/lpips_first2/edit1/0089_A_dog.npz
[ok] edit1/0090_A_deer: rho (21, 1560) range [2.001, 50.000] mean 2.643 -> /home/ids/skhairi/Data/dataggen/outputs/five_bench/r35_rho/lpips_first2/edit1/0090_A_deer.npz
[ok] edit1/0091_A_hawk: rho (21, 1560) range [2.000, 15.701] mean 2.244 -> /home/ids/skhairi/Data/dataggen/outputs/five_bench/r35_rho/lpips_first2/edit1/0091_A_hawk.npz
[ok] edit1/0092_A_fox: rho (21, 1560) range [2.002, 50.000] mean 2.933 -> /home/ids/skhairi/Data/dataggen/outputs/five_bench/r35_rho/lpips_first2/edit1/0092_A_fox.npz
[ok] edit1/0093_A_helicopter: rho (21, 1560) range [2.014, 50.000] mean 4.287 -> /home/ids/skhairi/Data/dataggen/outputs/five_bench/r35_rho/lpips_first2/edit1/0093_A_helicopter.npz
[ok] edit1/0094_A_swan: rho (21, 1560) range [2.006, 50.000] mean 2.806 -> /home/ids/skhairi/Data/dataggen/outputs/five_bench/r35_rho/lpips_first2/edit1/0094_A_swan.npz
[ok] edit1/0095_A_crow: rho (21, 1560) range [2.003, 50.000] mean 3.950 -> /home/ids/skhairi/Data/dataggen/outputs/five_bench/r35_rho/lpips_first2/edit1/0095_A_crow.npz
[ok] edit1/0096_A_car: rho (21, 1560) range [2.001, 50.000] mean 2.398 -> /home/ids/skhairi/Data/dataggen/outputs/five_bench/r35_rho/lpips_first2/edit1/0096_A_car.npz
[ok] edit1/0097_A_bird: rho (21, 1560) range [2.002, 50.000] mean 3.082 -> /home/ids/skhairi/Data/dataggen/outputs/five_bench/r35_rho/lpips_first2/edit1/0097_A_bird.npz
[ok] edit1/0098_A_squirrel: rho (21, 1560) range [2.003, 50.000] mean 3.794 -> /home/ids/skhairi/Data/dataggen/outputs/five_bench/r35_rho/lpips_first2/edit1/0098_A_squirrel.npz
[ok] edit1/0099_A_jogger: rho (21, 1560) range [2.009, 50.000] mean 2.586 -> /home/ids/skhairi/Data/dataggen/outputs/five_bench/r35_rho/lpips_first2/edit1/0099_A_jogger.npz
[ok] edit1/0100_A_deer: rho (21, 1560) range [2.007, 50.000] mean 2.922 -> /home/ids/skhairi/Data/dataggen/outputs/five_bench/r35_rho/lpips_first2/edit1/0100_A_deer.npz
[ok] edit2/0001_bus: rho (18, 1560) range [2.008, 50.000] mean 3.872 -> /home/ids/skhairi/Data/dataggen/outputs/five_bench/r35_rho/lpips_first2/edit2/0001_bus.npz
[ok] edit2/0002_girl-dog: rho (21, 1560) range [2.019, 50.000] mean 3.206 -> /home/ids/skhairi/Data/dataggen/outputs/five_bench/r35_rho/lpips_first2/edit2/0002_girl-dog.npz
[ok] edit2/0003_ocean-birds: rho (9, 1560) range [2.010, 50.000] mean 3.903 -> /home/ids/skhairi/Data/dataggen/outputs/five_bench/r35_rho/lpips_first2/edit2/0003_ocean-birds.npz
[ok] edit2/0004_car-roundabout: rho (18, 1560) range [2.012, 50.000] mean 3.108 -> /home/ids/skhairi/Data/dataggen/outputs/five_bench/r35_rho/lpips_first2/edit2/0004_car-roundabout.npz
[ok] edit2/0005_breakdance: rho (21, 1560) range [2.003, 50.000] mean 3.639 -> /home/ids/skhairi/Data/dataggen/outputs/five_bench/r35_rho/lpips_first2/edit2/0005_breakdance.npz
[ok] edit2/0006_paragliding: rho (18, 1560) range [2.016, 50.000] mean 4.552 -> /home/ids/skhairi/Data/dataggen/outputs/five_bench/r35_rho/lpips_first2/edit2/0006_paragliding.npz
[ok] edit2/0007_guitar-violin: rho (12, 1560) range [2.011, 50.000] mean 7.373 -> /home/ids/skhairi/Data/dataggen/outputs/five_bench/r35_rho/lpips_first2/edit2/0007_guitar-violin.npz
[ok] edit2/0008_snowboard-race: rho (18, 1560) range [2.002, 50.000] mean 3.017 -> /home/ids/skhairi/Data/dataggen/outputs/five_bench/r35_rho/lpips_first2/edit2/0008_snowboard-race.npz
[ok] edit2/0009_bear: rho (21, 1560) range [2.013, 50.000] mean 4.010 -> /home/ids/skhairi/Data/dataggen/outputs/five_bench/r35_rho/lpips_first2/edit2/0009_bear.npz
[ok] edit2/0010_giant-slalom: rho (30, 1560) range [2.001, 50.000] mean 2.748 -> /home/ids/skhairi/Data/dataggen/outputs/five_bench/r35_rho/lpips_first2/edit2/0010_giant-slalom.npz
[ok] edit2/0011_lucia: rho (18, 1560) range [2.031, 50.000] mean 4.236 -> /home/ids/skhairi/Data/dataggen/outputs/five_bench/r35_rho/lpips_first2/edit2/0011_lucia.npz
[ok] edit2/0012_goat: rho (21, 1560) range [2.040, 50.000] mean 3.324 -> /home/ids/skhairi/Data/dataggen/outputs/five_bench/r35_rho/lpips_first2/edit2/0012_goat.npz
[ok] edit2/0013_golf: rho (18, 1560) range [2.000, 50.000] mean 3.079 -> /home/ids/skhairi/Data/dataggen/outputs/five_bench/r35_rho/lpips_first2/edit2/0013_golf.npz
[ok] edit2/0014_burnout: rho (18, 1560) range [2.022, 50.000] mean 3.288 -> /home/ids/skhairi/Data/dataggen/outputs/five_bench/r35_rho/lpips_first2/edit2/0014_burnout.npz
[ok] edit2/0015_car-shadow: rho (9, 1560) range [2.014, 29.138] mean 2.804 -> /home/ids/skhairi/Data/dataggen/outputs/five_bench/r35_rho/lpips_first2/edit2/0015_car-shadow.npz
[ok] edit2/0016_horsejump-high: rho (12, 1560) range [2.002, 28.153] mean 2.602 -> /home/ids/skhairi/Data/dataggen/outputs/five_bench/r35_rho/lpips_first2/edit2/0016_horsejump-high.npz
[ok] edit2/0017_kid-football: rho (15, 1560) range [2.002, 50.000] mean 6.179 -> /home/ids/skhairi/Data/dataggen/outputs/five_bench/r35_rho/lpips_first2/edit2/0017_kid-football.npz
[ok] edit2/0018_breakdance-flare: rho (18, 1560) range [2.008, 50.000] mean 3.869 -> /home/ids/skhairi/Data/dataggen/outputs/five_bench/r35_rho/lpips_first2/edit2/0018_breakdance-flare.npz
[ok] edit2/0019_tennis-vest: rho (18, 1560) range [2.004, 50.000] mean 3.454 -> /home/ids/skhairi/Data/dataggen/outputs/five_bench/r35_rho/lpips_first2/edit2/0019_tennis-vest.npz
[ok] edit2/0020_monkeys: rho (21, 1560) range [2.053, 50.000] mean 4.132 -> /home/ids/skhairi/Data/dataggen/outputs/five_bench/r35_rho/lpips_first2/edit2/0020_monkeys.npz
[ok] edit2/0021_landing: rho (9, 1560) range [2.006, 50.000] mean 7.474 -> /home/ids/skhairi/Data/dataggen/outputs/five_bench/r35_rho/lpips_first2/edit2/0021_landing.npz
[ok] edit2/0022_skate-jump: rho (15, 1560) range [2.001, 50.000] mean 2.803 -> /home/ids/skhairi/Data/dataggen/outputs/five_bench/r35_rho/lpips_first2/edit2/0022_skate-jump.npz
[ok] edit2/0023_kayak-race: rho (15, 1560) range [2.001, 50.000] mean 4.038 -> /home/ids/skhairi/Data/dataggen/outputs/five_bench/r35_rho/lpips_first2/edit2/0023_kayak-race.npz
[ok] edit2/0024_hockey: rho (18, 1560) range [2.008, 50.000] mean 3.031 -> /home/ids/skhairi/Data/dataggen/outputs/five_bench/r35_rho/lpips_first2/edit2/0024_hockey.npz
[ok] edit2/0025_baseball: rho (21, 1560) range [2.011, 50.000] mean 3.120 -> /home/ids/skhairi/Data/dataggen/outputs/five_bench/r35_rho/lpips_first2/edit2/0025_baseball.npz
[ok] edit2/0026_table-tennis: rho (18, 1560) range [2.001, 37.687] mean 2.610 -> /home/ids/skhairi/Data/dataggen/outputs/five_bench/r35_rho/lpips_first2/edit2/0026_table-tennis.npz
[ok] edit2/0027_dance-jump: rho (15, 1560) range [2.020, 50.000] mean 3.057 -> /home/ids/skhairi/Data/dataggen/outputs/five_bench/r35_rho/lpips_first2/edit2/0027_dance-jump.npz
[ok] edit2/0028_kite-walk: rho (18, 1560) range [2.004, 50.000] mean 2.555 -> /home/ids/skhairi/Data/dataggen/outputs/five_bench/r35_rho/lpips_first2/edit2/0028_kite-walk.npz
[ok] edit2/0029_horsejump-stick: rho (15, 1560) range [2.034, 19.797] mean 3.086 -> /home/ids/skhairi/Data/dataggen/outputs/five_bench/r35_rho/lpips_first2/edit2/0029_horsejump-stick.npz
[ok] edit2/0030_rallye: rho (12, 1560) range [2.001, 50.000] mean 3.553 -> /home/ids/skhairi/Data/dataggen/outputs/five_bench/r35_rho/lpips_first2/edit2/0030_rallye.npz
[ok] edit2/0031_soccerball: rho (12, 1560) range [2.017, 50.000] mean 2.431 -> /home/ids/skhairi/Data/dataggen/outputs/five_bench/r35_rho/lpips_first2/edit2/0031_soccerball.npz
[ok] edit2/0032_mermaid: rho (18, 1560) range [2.002, 40.604] mean 3.305 -> /home/ids/skhairi/Data/dataggen/outputs/five_bench/r35_rho/lpips_first2/edit2/0032_mermaid.npz
[ok] edit2/0033_horsejump-low: rho (15, 1560) range [2.017, 50.000] mean 2.935 -> /home/ids/skhairi/Data/dataggen/outputs/five_bench/r35_rho/lpips_first2/edit2/0033_horsejump-low.npz
[ok] edit2/0034_cows: rho (24, 1560) range [2.044, 50.000] mean 5.271 -> /home/ids/skhairi/Data/dataggen/outputs/five_bench/r35_rho/lpips_first2/edit2/0034_cows.npz
[ok] edit2/0035_helicopter: rho (12, 1560) range [2.003, 50.000] mean 3.050 -> /home/ids/skhairi/Data/dataggen/outputs/five_bench/r35_rho/lpips_first2/edit2/0035_helicopter.npz
[ok] edit2/0036_camel: rho (21, 1560) range [2.020, 50.000] mean 3.251 -> /home/ids/skhairi/Data/dataggen/outputs/five_bench/r35_rho/lpips_first2/edit2/0036_camel.npz
[ok] edit2/0037_snowboard-sand: rho (12, 1560) range [2.003, 50.000] mean 2.828 -> /home/ids/skhairi/Data/dataggen/outputs/five_bench/r35_rho/lpips_first2/edit2/0037_snowboard-sand.npz
[ok] edit2/0038_motorbike: rho (9, 1560) range [2.007, 30.425] mean 2.615 -> /home/ids/skhairi/Data/dataggen/outputs/five_bench/r35_rho/lpips_first2/edit2/0038_motorbike.npz
[ok] edit2/0039_chamaleon: rho (21, 1560) range [2.006, 50.000] mean 3.441 -> /home/ids/skhairi/Data/dataggen/outputs/five_bench/r35_rho/lpips_first2/edit2/0039_chamaleon.npz
[ok] edit2/0040_tennis: rho (18, 1560) range [2.005, 50.000] mean 3.268 -> /home/ids/skhairi/Data/dataggen/outputs/five_bench/r35_rho/lpips_first2/edit2/0040_tennis.npz
[ok] edit2/0041_longboard: rho (12, 1560) range [2.013, 50.000] mean 3.189 -> /home/ids/skhairi/Data/dataggen/outputs/five_bench/r35_rho/lpips_first2/edit2/0041_longboard.npz
[ok] edit2/0042_gym-ball: rho (18, 1560) range [2.002, 50.000] mean 2.909 -> /home/ids/skhairi/Data/dataggen/outputs/five_bench/r35_rho/lpips_first2/edit2/0042_gym-ball.npz
[ok] edit2/0043_parkour: rho (24, 1560) range [2.002, 50.000] mean 2.949 -> /home/ids/skhairi/Data/dataggen/outputs/five_bench/r35_rho/lpips_first2/edit2/0043_parkour.npz
[ok] edit2/0044_snowboard: rho (15, 1560) range [2.034, 50.000] mean 3.629 -> /home/ids/skhairi/Data/dataggen/outputs/five_bench/r35_rho/lpips_first2/edit2/0044_snowboard.npz
[ok] edit2/0045_butterfly: rho (18, 1560) range [2.002, 50.000] mean 3.617 -> /home/ids/skhairi/Data/dataggen/outputs/five_bench/r35_rho/lpips_first2/edit2/0045_butterfly.npz
[ok] edit2/0046_blackswan: rho (12, 1560) range [2.027, 50.000] mean 5.216 -> /home/ids/skhairi/Data/dataggen/outputs/five_bench/r35_rho/lpips_first2/edit2/0046_blackswan.npz
[ok] edit2/0047_judo: rho (9, 1560) range [2.003, 50.000] mean 3.489 -> /home/ids/skhairi/Data/dataggen/outputs/five_bench/r35_rho/lpips_first2/edit2/0047_judo.npz
[ok] edit2/0048_hike: rho (18, 1560) range [2.001, 34.874] mean 2.686 -> /home/ids/skhairi/Data/dataggen/outputs/five_bench/r35_rho/lpips_first2/edit2/0048_hike.npz
[ok] edit2/0049_speed-skating: rho (21, 1560) range [2.003, 50.000] mean 3.072 -> /home/ids/skhairi/Data/dataggen/outputs/five_bench/r35_rho/lpips_first2/edit2/0049_speed-skating.npz
[ok] edit2/0050_slackline: rho (15, 1560) range [2.008, 50.000] mean 4.101 -> /home/ids/skhairi/Data/dataggen/outputs/five_bench/r35_rho/lpips_first2/edit2/0050_slackline.npz
[ok] edit2/0051_dogs-jump: rho (15, 1560) range [2.005, 20.329] mean 2.886 -> /home/ids/skhairi/Data/dataggen/outputs/five_bench/r35_rho/lpips_first2/edit2/0051_dogs-jump.npz
[ok] edit2/0052_mallard-fly: rho (18, 1560) range [2.020, 50.000] mean 2.889 -> /home/ids/skhairi/Data/dataggen/outputs/five_bench/r35_rho/lpips_first2/edit2/0052_mallard-fly.npz
[ok] edit2/0053_swing: rho (15, 1560) range [2.021, 50.000] mean 2.860 -> /home/ids/skhairi/Data/dataggen/outputs/five_bench/r35_rho/lpips_first2/edit2/0053_swing.npz
[ok] edit2/0054_train: rho (18, 1560) range [2.005, 50.000] mean 3.446 -> /home/ids/skhairi/Data/dataggen/outputs/five_bench/r35_rho/lpips_first2/edit2/0054_train.npz
[ok] edit2/0055_pigs: rho (18, 1560) range [2.023, 50.000] mean 5.354 -> /home/ids/skhairi/Data/dataggen/outputs/five_bench/r35_rho/lpips_first2/edit2/0055_pigs.npz
[ok] edit2/0056_kart-turn: rho (21, 1560) range [2.004, 50.000] mean 3.533 -> /home/ids/skhairi/Data/dataggen/outputs/five_bench/r35_rho/lpips_first2/edit2/0056_kart-turn.npz
[ok] edit2/0057_dog: rho (15, 1560) range [2.013, 50.000] mean 3.588 -> /home/ids/skhairi/Data/dataggen/outputs/five_bench/r35_rho/lpips_first2/edit2/0057_dog.npz
[ok] edit2/0058_boat: rho (18, 1560) range [2.001, 50.000] mean 2.764 -> /home/ids/skhairi/Data/dataggen/outputs/five_bench/r35_rho/lpips_first2/edit2/0058_boat.npz
[ok] edit2/0059_drift-straight: rho (12, 1560) range [2.007, 23.072] mean 3.039 -> /home/ids/skhairi/Data/dataggen/outputs/five_bench/r35_rho/lpips_first2/edit2/0059_drift-straight.npz
[ok] edit2/0060_motocross-bumps: rho (15, 1560) range [2.022, 50.000] mean 3.511 -> /home/ids/skhairi/Data/dataggen/outputs/five_bench/r35_rho/lpips_first2/edit2/0060_motocross-bumps.npz
[ok] edit2/0061_mbike-santa: rho (15, 1560) range [2.060, 50.000] mean 4.692 -> /home/ids/skhairi/Data/dataggen/outputs/five_bench/r35_rho/lpips_first2/edit2/0061_mbike-santa.npz
[ok] edit2/0062_elephant: rho (18, 1560) range [2.002, 50.000] mean 3.762 -> /home/ids/skhairi/Data/dataggen/outputs/five_bench/r35_rho/lpips_first2/edit2/0062_elephant.npz
[ok] edit2/0063_drift-turn: rho (15, 1560) range [2.013, 50.000] mean 3.445 -> /home/ids/skhairi/Data/dataggen/outputs/five_bench/r35_rho/lpips_first2/edit2/0063_drift-turn.npz
[ok] edit2/0064_rollerblade: rho (9, 1560) range [2.004, 50.000] mean 2.751 -> /home/ids/skhairi/Data/dataggen/outputs/five_bench/r35_rho/lpips_first2/edit2/0064_rollerblade.npz
[ok] edit2/0065_twist-dance: rho (21, 1560) range [2.009, 50.000] mean 2.748 -> /home/ids/skhairi/Data/dataggen/outputs/five_bench/r35_rho/lpips_first2/edit2/0065_twist-dance.npz
[ok] edit2/0066_deer: rho (18, 1560) range [2.003, 50.000] mean 4.327 -> /home/ids/skhairi/Data/dataggen/outputs/five_bench/r35_rho/lpips_first2/edit2/0066_deer.npz
[ok] edit2/0067_mbike-trick: rho (18, 1560) range [2.001, 50.000] mean 2.915 -> /home/ids/skhairi/Data/dataggen/outputs/five_bench/r35_rho/lpips_first2/edit2/0067_mbike-trick.npz
[ok] edit2/0068_planes-water: rho (9, 1560) range [2.002, 50.000] mean 3.289 -> /home/ids/skhairi/Data/dataggen/outputs/five_bench/r35_rho/lpips_first2/edit2/0068_planes-water.npz
[ok] edit2/0069_car-turn: rho (18, 1560) range [2.006, 50.000] mean 2.838 -> /home/ids/skhairi/Data/dataggen/outputs/five_bench/r35_rho/lpips_first2/edit2/0069_car-turn.npz
[ok] edit2/0070_dance-twirl: rho (21, 1560) range [2.006, 50.000] mean 2.859 -> /home/ids/skhairi/Data/dataggen/outputs/five_bench/r35_rho/lpips_first2/edit2/0070_dance-twirl.npz
[ok] edit2/0071_mallard-water: rho (18, 1560) range [2.013, 50.000] mean 2.921 -> /home/ids/skhairi/Data/dataggen/outputs/five_bench/r35_rho/lpips_first2/edit2/0071_mallard-water.npz
[ok] edit2/0072_dog-agility: rho (6, 1560) range [2.006, 50.000] mean 3.284 -> /home/ids/skhairi/Data/dataggen/outputs/five_bench/r35_rho/lpips_first2/edit2/0072_dog-agility.npz
[ok] edit2/0073_bmx-rider: rho (21, 1560) range [2.002, 14.287] mean 2.372 -> /home/ids/skhairi/Data/dataggen/outputs/five_bench/r35_rho/lpips_first2/edit2/0073_bmx-rider.npz
[ok] edit2/0074_rhino: rho (21, 1560) range [2.008, 50.000] mean 4.162 -> /home/ids/skhairi/Data/dataggen/outputs/five_bench/r35_rho/lpips_first2/edit2/0074_rhino.npz
[ok] edit2/0075_A_bicycle: rho (21, 1560) range [2.002, 50.000] mean 3.096 -> /home/ids/skhairi/Data/dataggen/outputs/five_bench/r35_rho/lpips_first2/edit2/0075_A_bicycle.npz
[ok] edit2/0076_A_rabbit: rho (21, 1560) range [2.005, 50.000] mean 3.522 -> /home/ids/skhairi/Data/dataggen/outputs/five_bench/r35_rho/lpips_first2/edit2/0076_A_rabbit.npz
[ok] edit2/0077_A_hawk: rho (21, 1560) range [2.004, 50.000] mean 2.783 -> /home/ids/skhairi/Data/dataggen/outputs/five_bench/r35_rho/lpips_first2/edit2/0077_A_hawk.npz
[ok] edit2/0078_A_cat: rho (21, 1560) range [2.001, 50.000] mean 2.904 -> /home/ids/skhairi/Data/dataggen/outputs/five_bench/r35_rho/lpips_first2/edit2/0078_A_cat.npz
[ok] edit2/0079_A_bus: rho (21, 1560) range [2.010, 50.000] mean 4.966 -> /home/ids/skhairi/Data/dataggen/outputs/five_bench/r35_rho/lpips_first2/edit2/0079_A_bus.npz
[ok] edit2/0080_A_motorcycle: rho (21, 1560) range [2.001, 26.176] mean 3.063 -> /home/ids/skhairi/Data/dataggen/outputs/five_bench/r35_rho/lpips_first2/edit2/0080_A_motorcycle.npz
[ok] edit2/0081_A_horse: rho (21, 1560) range [2.002, 50.000] mean 5.119 -> /home/ids/skhairi/Data/dataggen/outputs/five_bench/r35_rho/lpips_first2/edit2/0081_A_horse.npz
[ok] edit2/0082_A_tram: rho (21, 1560) range [2.001, 50.000] mean 4.249 -> /home/ids/skhairi/Data/dataggen/outputs/five_bench/r35_rho/lpips_first2/edit2/0082_A_tram.npz
[ok] edit2/0083_A_boat: rho (21, 1560) range [2.001, 50.000] mean 3.299 -> /home/ids/skhairi/Data/dataggen/outputs/five_bench/r35_rho/lpips_first2/edit2/0083_A_boat.npz
[ok] edit2/0084_A_squirrel: rho (21, 1560) range [2.005, 50.000] mean 3.153 -> /home/ids/skhairi/Data/dataggen/outputs/five_bench/r35_rho/lpips_first2/edit2/0084_A_squirrel.npz
[ok] edit2/0085_A_tram: rho (21, 1560) range [2.002, 50.000] mean 3.507 -> /home/ids/skhairi/Data/dataggen/outputs/five_bench/r35_rho/lpips_first2/edit2/0085_A_tram.npz
[ok] edit2/0086_A_red_sports_car: rho (21, 1560) range [2.006, 50.000] mean 3.687 -> /home/ids/skhairi/Data/dataggen/outputs/five_bench/r35_rho/lpips_first2/edit2/0086_A_red_sports_car.npz
[ok] edit2/0087_A_seagull: rho (21, 1560) range [2.000, 35.454] mean 2.357 -> /home/ids/skhairi/Data/dataggen/outputs/five_bench/r35_rho/lpips_first2/edit2/0087_A_seagull.npz
[ok] edit2/0088_A_cyclist: rho (21, 1560) range [2.010, 47.808] mean 3.085 -> /home/ids/skhairi/Data/dataggen/outputs/five_bench/r35_rho/lpips_first2/edit2/0088_A_cyclist.npz
[ok] edit2/0089_A_dog: rho (21, 1560) range [2.001, 50.000] mean 4.193 -> /home/ids/skhairi/Data/dataggen/outputs/five_bench/r35_rho/lpips_first2/edit2/0089_A_dog.npz
[ok] edit2/0090_A_deer: rho (21, 1560) range [2.001, 50.000] mean 3.387 -> /home/ids/skhairi/Data/dataggen/outputs/five_bench/r35_rho/lpips_first2/edit2/0090_A_deer.npz
[ok] edit2/0091_A_hawk: rho (21, 1560) range [2.000, 50.000] mean 2.351 -> /home/ids/skhairi/Data/dataggen/outputs/five_bench/r35_rho/lpips_first2/edit2/0091_A_hawk.npz
[ok] edit2/0092_A_fox: rho (21, 1560) range [2.002, 50.000] mean 4.020 -> /home/ids/skhairi/Data/dataggen/outputs/five_bench/r35_rho/lpips_first2/edit2/0092_A_fox.npz
[ok] edit2/0093_A_helicopter: rho (21, 1560) range [2.017, 50.000] mean 4.878 -> /home/ids/skhairi/Data/dataggen/outputs/five_bench/r35_rho/lpips_first2/edit2/0093_A_helicopter.npz
[ok] edit2/0094_A_swan: rho (21, 1560) range [2.007, 50.000] mean 2.868 -> /home/ids/skhairi/Data/dataggen/outputs/five_bench/r35_rho/lpips_first2/edit2/0094_A_swan.npz
[ok] edit2/0095_A_crow: rho (21, 1560) range [2.003, 50.000] mean 7.200 -> /home/ids/skhairi/Data/dataggen/outputs/five_bench/r35_rho/lpips_first2/edit2/0095_A_crow.npz
[ok] edit2/0096_A_car: rho (21, 1560) range [2.087, 50.000] mean 9.639 -> /home/ids/skhairi/Data/dataggen/outputs/five_bench/r35_rho/lpips_first2/edit2/0096_A_car.npz
[ok] edit2/0097_A_bird: rho (21, 1560) range [2.010, 50.000] mean 3.679 -> /home/ids/skhairi/Data/dataggen/outputs/five_bench/r35_rho/lpips_first2/edit2/0097_A_bird.npz
[ok] edit2/0098_A_squirrel: rho (21, 1560) range [2.004, 50.000] mean 7.317 -> /home/ids/skhairi/Data/dataggen/outputs/five_bench/r35_rho/lpips_first2/edit2/0098_A_squirrel.npz
[ok] edit2/0099_A_jogger: rho (21, 1560) range [2.010, 50.000] mean 2.630 -> /home/ids/skhairi/Data/dataggen/outputs/five_bench/r35_rho/lpips_first2/edit2/0099_A_jogger.npz
[ok] edit2/0100_A_deer: rho (21, 1560) range [2.008, 50.000] mean 3.555 -> /home/ids/skhairi/Data/dataggen/outputs/five_bench/r35_rho/lpips_first2/edit2/0100_A_deer.npz
[ok] edit3/0001_bus: rho (18, 1560) range [2.011, 20.709] mean 2.786 -> /home/ids/skhairi/Data/dataggen/outputs/five_bench/r35_rho/lpips_first2/edit3/0001_bus.npz
[ok] edit3/0002_girl-dog: rho (21, 1560) range [2.011, 50.000] mean 2.598 -> /home/ids/skhairi/Data/dataggen/outputs/five_bench/r35_rho/lpips_first2/edit3/0002_girl-dog.npz
[ok] edit3/0003_ocean-birds: rho (9, 1560) range [2.010, 50.000] mean 4.047 -> /home/ids/skhairi/Data/dataggen/outputs/five_bench/r35_rho/lpips_first2/edit3/0003_ocean-birds.npz
[ok] edit3/0004_car-roundabout: rho (18, 1560) range [2.020, 50.000] mean 2.841 -> /home/ids/skhairi/Data/dataggen/outputs/five_bench/r35_rho/lpips_first2/edit3/0004_car-roundabout.npz
[ok] edit3/0005_breakdance: rho (21, 1560) range [2.003, 50.000] mean 2.722 -> /home/ids/skhairi/Data/dataggen/outputs/five_bench/r35_rho/lpips_first2/edit3/0005_breakdance.npz
[ok] edit3/0006_paragliding: rho (18, 1560) range [2.013, 50.000] mean 2.461 -> /home/ids/skhairi/Data/dataggen/outputs/five_bench/r35_rho/lpips_first2/edit3/0006_paragliding.npz
[ok] edit3/0007_guitar-violin: rho (12, 1560) range [2.006, 19.516] mean 2.617 -> /home/ids/skhairi/Data/dataggen/outputs/five_bench/r35_rho/lpips_first2/edit3/0007_guitar-violin.npz
[ok] edit3/0008_snowboard-race: rho (18, 1560) range [2.002, 50.000] mean 2.789 -> /home/ids/skhairi/Data/dataggen/outputs/five_bench/r35_rho/lpips_first2/edit3/0008_snowboard-race.npz
[ok] edit3/0009_bear: rho (21, 1560) range [2.013, 50.000] mean 2.785 -> /home/ids/skhairi/Data/dataggen/outputs/five_bench/r35_rho/lpips_first2/edit3/0009_bear.npz
[ok] edit3/0010_giant-slalom: rho (30, 1560) range [2.001, 50.000] mean 2.212 -> /home/ids/skhairi/Data/dataggen/outputs/five_bench/r35_rho/lpips_first2/edit3/0010_giant-slalom.npz
[ok] edit3/0011_lucia: rho (18, 1560) range [2.024, 27.059] mean 2.583 -> /home/ids/skhairi/Data/dataggen/outputs/five_bench/r35_rho/lpips_first2/edit3/0011_lucia.npz
[ok] edit3/0012_goat: rho (21, 1560) range [2.061, 50.000] mean 2.944 -> /home/ids/skhairi/Data/dataggen/outputs/five_bench/r35_rho/lpips_first2/edit3/0012_goat.npz
[ok] edit3/0013_golf: rho (18, 1560) range [2.001, 50.000] mean 2.380 -> /home/ids/skhairi/Data/dataggen/outputs/five_bench/r35_rho/lpips_first2/edit3/0013_golf.npz
[ok] edit3/0014_burnout: rho (18, 1560) range [2.023, 50.000] mean 2.913 -> /home/ids/skhairi/Data/dataggen/outputs/five_bench/r35_rho/lpips_first2/edit3/0014_burnout.npz
[ok] edit3/0015_car-shadow: rho (9, 1560) range [2.015, 17.045] mean 2.508 -> /home/ids/skhairi/Data/dataggen/outputs/five_bench/r35_rho/lpips_first2/edit3/0015_car-shadow.npz
[ok] edit3/0016_horsejump-high: rho (12, 1560) range [2.002, 19.283] mean 2.548 -> /home/ids/skhairi/Data/dataggen/outputs/five_bench/r35_rho/lpips_first2/edit3/0016_horsejump-high.npz
[ok] edit3/0017_kid-football: rho (15, 1560) range [2.002, 22.814] mean 2.392 -> /home/ids/skhairi/Data/dataggen/outputs/five_bench/r35_rho/lpips_first2/edit3/0017_kid-football.npz
[ok] edit3/0018_breakdance-flare: rho (18, 1560) range [2.008, 50.000] mean 2.760 -> /home/ids/skhairi/Data/dataggen/outputs/five_bench/r35_rho/lpips_first2/edit3/0018_breakdance-flare.npz
[ok] edit3/0019_tennis-vest: rho (18, 1560) range [2.004, 11.788] mean 2.312 -> /home/ids/skhairi/Data/dataggen/outputs/five_bench/r35_rho/lpips_first2/edit3/0019_tennis-vest.npz
[ok] edit3/0020_monkeys: rho (21, 1560) range [2.045, 23.796] mean 3.117 -> /home/ids/skhairi/Data/dataggen/outputs/five_bench/r35_rho/lpips_first2/edit3/0020_monkeys.npz
[ok] edit3/0021_landing: rho (9, 1560) range [2.001, 50.000] mean 3.362 -> /home/ids/skhairi/Data/dataggen/outputs/five_bench/r35_rho/lpips_first2/edit3/0021_landing.npz
[ok] edit3/0022_skate-jump: rho (15, 1560) range [2.001, 50.000] mean 2.374 -> /home/ids/skhairi/Data/dataggen/outputs/five_bench/r35_rho/lpips_first2/edit3/0022_skate-jump.npz
[ok] edit3/0023_kayak-race: rho (15, 1560) range [2.001, 50.000] mean 3.037 -> /home/ids/skhairi/Data/dataggen/outputs/five_bench/r35_rho/lpips_first2/edit3/0023_kayak-race.npz
[ok] edit3/0024_hockey: rho (18, 1560) range [2.007, 50.000] mean 2.459 -> /home/ids/skhairi/Data/dataggen/outputs/five_bench/r35_rho/lpips_first2/edit3/0024_hockey.npz
[ok] edit3/0025_baseball: rho (21, 1560) range [2.013, 50.000] mean 3.030 -> /home/ids/skhairi/Data/dataggen/outputs/five_bench/r35_rho/lpips_first2/edit3/0025_baseball.npz
[ok] edit3/0026_table-tennis: rho (18, 1560) range [2.003, 50.000] mean 2.598 -> /home/ids/skhairi/Data/dataggen/outputs/five_bench/r35_rho/lpips_first2/edit3/0026_table-tennis.npz
[ok] edit3/0027_dance-jump: rho (15, 1560) range [2.039, 50.000] mean 3.641 -> /home/ids/skhairi/Data/dataggen/outputs/five_bench/r35_rho/lpips_first2/edit3/0027_dance-jump.npz
[ok] edit3/0028_kite-walk: rho (18, 1560) range [2.004, 10.125] mean 2.143 -> /home/ids/skhairi/Data/dataggen/outputs/five_bench/r35_rho/lpips_first2/edit3/0028_kite-walk.npz
[ok] edit3/0029_horsejump-stick: rho (15, 1560) range [2.044, 50.000] mean 3.320 -> /home/ids/skhairi/Data/dataggen/outputs/five_bench/r35_rho/lpips_first2/edit3/0029_horsejump-stick.npz
[ok] edit3/0030_rallye: rho (12, 1560) range [2.001, 50.000] mean 2.353 -> /home/ids/skhairi/Data/dataggen/outputs/five_bench/r35_rho/lpips_first2/edit3/0030_rallye.npz
[ok] edit3/0031_soccerball: rho (12, 1560) range [2.008, 19.231] mean 2.282 -> /home/ids/skhairi/Data/dataggen/outputs/five_bench/r35_rho/lpips_first2/edit3/0031_soccerball.npz
[ok] edit3/0032_mermaid: rho (18, 1560) range [2.003, 50.000] mean 3.952 -> /home/ids/skhairi/Data/dataggen/outputs/five_bench/r35_rho/lpips_first2/edit3/0032_mermaid.npz
[ok] edit3/0033_horsejump-low: rho (15, 1560) range [2.016, 29.929] mean 2.828 -> /home/ids/skhairi/Data/dataggen/outputs/five_bench/r35_rho/lpips_first2/edit3/0033_horsejump-low.npz
[ok] edit3/0034_cows: rho (24, 1560) range [2.014, 39.456] mean 2.863 -> /home/ids/skhairi/Data/dataggen/outputs/five_bench/r35_rho/lpips_first2/edit3/0034_cows.npz
[ok] edit3/0035_helicopter: rho (12, 1560) range [2.003, 50.000] mean 2.616 -> /home/ids/skhairi/Data/dataggen/outputs/five_bench/r35_rho/lpips_first2/edit3/0035_helicopter.npz
[ok] edit3/0036_camel: rho (21, 1560) range [2.015, 34.885] mean 2.945 -> /home/ids/skhairi/Data/dataggen/outputs/five_bench/r35_rho/lpips_first2/edit3/0036_camel.npz
[ok] edit3/0037_snowboard-sand: rho (12, 1560) range [2.003, 50.000] mean 2.548 -> /home/ids/skhairi/Data/dataggen/outputs/five_bench/r35_rho/lpips_first2/edit3/0037_snowboard-sand.npz
[ok] edit3/0038_motorbike: rho (9, 1560) range [2.013, 14.153] mean 2.465 -> /home/ids/skhairi/Data/dataggen/outputs/five_bench/r35_rho/lpips_first2/edit3/0038_motorbike.npz
[ok] edit3/0039_chamaleon: rho (21, 1560) range [2.007, 50.000] mean 4.038 -> /home/ids/skhairi/Data/dataggen/outputs/five_bench/r35_rho/lpips_first2/edit3/0039_chamaleon.npz
[ok] edit3/0040_tennis: rho (18, 1560) range [2.005, 50.000] mean 2.602 -> /home/ids/skhairi/Data/dataggen/outputs/five_bench/r35_rho/lpips_first2/edit3/0040_tennis.npz
[ok] edit3/0041_longboard: rho (12, 1560) range [2.009, 50.000] mean 2.651 -> /home/ids/skhairi/Data/dataggen/outputs/five_bench/r35_rho/lpips_first2/edit3/0041_longboard.npz
[ok] edit3/0042_gym-ball: rho (18, 1560) range [2.002, 50.000] mean 2.977 -> /home/ids/skhairi/Data/dataggen/outputs/five_bench/r35_rho/lpips_first2/edit3/0042_gym-ball.npz
[ok] edit3/0043_parkour: rho (24, 1560) range [2.002, 26.590] mean 2.618 -> /home/ids/skhairi/Data/dataggen/outputs/five_bench/r35_rho/lpips_first2/edit3/0043_parkour.npz
[ok] edit3/0044_snowboard: rho (15, 1560) range [2.029, 50.000] mean 3.381 -> /home/ids/skhairi/Data/dataggen/outputs/five_bench/r35_rho/lpips_first2/edit3/0044_snowboard.npz
[ok] edit3/0045_butterfly: rho (18, 1560) range [2.002, 50.000] mean 2.617 -> /home/ids/skhairi/Data/dataggen/outputs/five_bench/r35_rho/lpips_first2/edit3/0045_butterfly.npz
[ok] edit3/0046_blackswan: rho (12, 1560) range [2.009, 50.000] mean 3.522 -> /home/ids/skhairi/Data/dataggen/outputs/five_bench/r35_rho/lpips_first2/edit3/0046_blackswan.npz
[ok] edit3/0047_judo: rho (9, 1560) range [2.003, 50.000] mean 3.278 -> /home/ids/skhairi/Data/dataggen/outputs/five_bench/r35_rho/lpips_first2/edit3/0047_judo.npz
[ok] edit3/0048_hike: rho (18, 1560) range [2.001, 40.244] mean 2.478 -> /home/ids/skhairi/Data/dataggen/outputs/five_bench/r35_rho/lpips_first2/edit3/0048_hike.npz
[ok] edit3/0049_speed-skating: rho (21, 1560) range [2.003, 50.000] mean 2.979 -> /home/ids/skhairi/Data/dataggen/outputs/five_bench/r35_rho/lpips_first2/edit3/0049_speed-skating.npz
[ok] edit3/0050_slackline: rho (15, 1560) range [2.007, 50.000] mean 2.753 -> /home/ids/skhairi/Data/dataggen/outputs/five_bench/r35_rho/lpips_first2/edit3/0050_slackline.npz
[ok] edit3/0051_dogs-jump: rho (15, 1560) range [2.005, 14.359] mean 2.391 -> /home/ids/skhairi/Data/dataggen/outputs/five_bench/r35_rho/lpips_first2/edit3/0051_dogs-jump.npz
[ok] edit3/0052_mallard-fly: rho (18, 1560) range [2.021, 50.000] mean 2.633 -> /home/ids/skhairi/Data/dataggen/outputs/five_bench/r35_rho/lpips_first2/edit3/0052_mallard-fly.npz
[ok] edit3/0053_swing: rho (15, 1560) range [2.012, 50.000] mean 2.796 -> /home/ids/skhairi/Data/dataggen/outputs/five_bench/r35_rho/lpips_first2/edit3/0053_swing.npz
[ok] edit3/0054_train: rho (18, 1560) range [2.012, 50.000] mean 3.206 -> /home/ids/skhairi/Data/dataggen/outputs/five_bench/r35_rho/lpips_first2/edit3/0054_train.npz
[ok] edit3/0055_pigs: rho (18, 1560) range [2.020, 34.509] mean 3.413 -> /home/ids/skhairi/Data/dataggen/outputs/five_bench/r35_rho/lpips_first2/edit3/0055_pigs.npz
[ok] edit3/0056_kart-turn: rho (21, 1560) range [2.006, 50.000] mean 3.302 -> /home/ids/skhairi/Data/dataggen/outputs/five_bench/r35_rho/lpips_first2/edit3/0056_kart-turn.npz
[ok] edit3/0057_dog: rho (15, 1560) range [2.040, 50.000] mean 3.664 -> /home/ids/skhairi/Data/dataggen/outputs/five_bench/r35_rho/lpips_first2/edit3/0057_dog.npz
[ok] edit3/0058_boat: rho (18, 1560) range [2.001, 50.000] mean 2.576 -> /home/ids/skhairi/Data/dataggen/outputs/five_bench/r35_rho/lpips_first2/edit3/0058_boat.npz
[ok] edit3/0059_drift-straight: rho (12, 1560) range [2.010, 50.000] mean 3.516 -> /home/ids/skhairi/Data/dataggen/outputs/five_bench/r35_rho/lpips_first2/edit3/0059_drift-straight.npz
[ok] edit3/0060_motocross-bumps: rho (15, 1560) range [2.030, 50.000] mean 3.171 -> /home/ids/skhairi/Data/dataggen/outputs/five_bench/r35_rho/lpips_first2/edit3/0060_motocross-bumps.npz
[ok] edit3/0061_mbike-santa: rho (15, 1560) range [2.032, 22.895] mean 4.000 -> /home/ids/skhairi/Data/dataggen/outputs/five_bench/r35_rho/lpips_first2/edit3/0061_mbike-santa.npz
[ok] edit3/0062_elephant: rho (18, 1560) range [2.002, 50.000] mean 3.239 -> /home/ids/skhairi/Data/dataggen/outputs/five_bench/r35_rho/lpips_first2/edit3/0062_elephant.npz
[ok] edit3/0063_drift-turn: rho (15, 1560) range [2.019, 50.000] mean 3.543 -> /home/ids/skhairi/Data/dataggen/outputs/five_bench/r35_rho/lpips_first2/edit3/0063_drift-turn.npz
[ok] edit3/0064_rollerblade: rho (9, 1560) range [2.006, 13.952] mean 2.273 -> /home/ids/skhairi/Data/dataggen/outputs/five_bench/r35_rho/lpips_first2/edit3/0064_rollerblade.npz
[ok] edit3/0065_twist-dance: rho (21, 1560) range [2.006, 50.000] mean 2.573 -> /home/ids/skhairi/Data/dataggen/outputs/five_bench/r35_rho/lpips_first2/edit3/0065_twist-dance.npz
[ok] edit3/0066_deer: rho (18, 1560) range [2.002, 50.000] mean 3.487 -> /home/ids/skhairi/Data/dataggen/outputs/five_bench/r35_rho/lpips_first2/edit3/0066_deer.npz
[ok] edit3/0067_mbike-trick: rho (18, 1560) range [2.001, 50.000] mean 2.456 -> /home/ids/skhairi/Data/dataggen/outputs/five_bench/r35_rho/lpips_first2/edit3/0067_mbike-trick.npz
[ok] edit3/0068_planes-water: rho (9, 1560) range [2.002, 7.927] mean 2.184 -> /home/ids/skhairi/Data/dataggen/outputs/five_bench/r35_rho/lpips_first2/edit3/0068_planes-water.npz
[ok] edit3/0069_car-turn: rho (18, 1560) range [2.005, 50.000] mean 2.870 -> /home/ids/skhairi/Data/dataggen/outputs/five_bench/r35_rho/lpips_first2/edit3/0069_car-turn.npz
[ok] edit3/0070_dance-twirl: rho (21, 1560) range [2.006, 50.000] mean 3.086 -> /home/ids/skhairi/Data/dataggen/outputs/five_bench/r35_rho/lpips_first2/edit3/0070_dance-twirl.npz
[ok] edit3/0071_mallard-water: rho (18, 1560) range [2.013, 16.963] mean 2.522 -> /home/ids/skhairi/Data/dataggen/outputs/five_bench/r35_rho/lpips_first2/edit3/0071_mallard-water.npz
[ok] edit3/0072_dog-agility: rho (6, 1560) range [2.011, 27.848] mean 2.835 -> /home/ids/skhairi/Data/dataggen/outputs/five_bench/r35_rho/lpips_first2/edit3/0072_dog-agility.npz
[ok] edit3/0073_bmx-rider: rho (21, 1560) range [2.002, 19.785] mean 2.413 -> /home/ids/skhairi/Data/dataggen/outputs/five_bench/r35_rho/lpips_first2/edit3/0073_bmx-rider.npz
[ok] edit3/0074_rhino: rho (21, 1560) range [2.008, 11.634] mean 2.625 -> /home/ids/skhairi/Data/dataggen/outputs/five_bench/r35_rho/lpips_first2/edit3/0074_rhino.npz
[ok] edit3/0075_A_bicycle: rho (21, 1560) range [2.001, 9.997] mean 2.302 -> /home/ids/skhairi/Data/dataggen/outputs/five_bench/r35_rho/lpips_first2/edit3/0075_A_bicycle.npz
[ok] edit3/0076_A_rabbit: rho (21, 1560) range [2.005, 50.000] mean 3.984 -> /home/ids/skhairi/Data/dataggen/outputs/five_bench/r35_rho/lpips_first2/edit3/0076_A_rabbit.npz
[ok] edit3/0077_A_hawk: rho (21, 1560) range [2.004, 32.716] mean 2.352 -> /home/ids/skhairi/Data/dataggen/outputs/five_bench/r35_rho/lpips_first2/edit3/0077_A_hawk.npz
[ok] edit3/0078_A_cat: rho (21, 1560) range [2.001, 50.000] mean 2.781 -> /home/ids/skhairi/Data/dataggen/outputs/five_bench/r35_rho/lpips_first2/edit3/0078_A_cat.npz
[ok] edit3/0079_A_bus: rho (21, 1560) range [2.009, 50.000] mean 3.489 -> /home/ids/skhairi/Data/dataggen/outputs/five_bench/r35_rho/lpips_first2/edit3/0079_A_bus.npz
[ok] edit3/0080_A_motorcycle: rho (21, 1560) range [2.001, 15.255] mean 2.947 -> /home/ids/skhairi/Data/dataggen/outputs/five_bench/r35_rho/lpips_first2/edit3/0080_A_motorcycle.npz
[ok] edit3/0081_A_horse: rho (21, 1560) range [2.001, 10.946] mean 2.386 -> /home/ids/skhairi/Data/dataggen/outputs/five_bench/r35_rho/lpips_first2/edit3/0081_A_horse.npz
[ok] edit3/0082_A_tram: rho (21, 1560) range [2.001, 38.943] mean 2.893 -> /home/ids/skhairi/Data/dataggen/outputs/five_bench/r35_rho/lpips_first2/edit3/0082_A_tram.npz
[ok] edit3/0083_A_boat: rho (21, 1560) range [2.001, 50.000] mean 2.862 -> /home/ids/skhairi/Data/dataggen/outputs/five_bench/r35_rho/lpips_first2/edit3/0083_A_boat.npz
[ok] edit3/0084_A_squirrel: rho (21, 1560) range [2.002, 50.000] mean 2.861 -> /home/ids/skhairi/Data/dataggen/outputs/five_bench/r35_rho/lpips_first2/edit3/0084_A_squirrel.npz
[ok] edit3/0085_A_tram: rho (21, 1560) range [2.002, 50.000] mean 3.547 -> /home/ids/skhairi/Data/dataggen/outputs/five_bench/r35_rho/lpips_first2/edit3/0085_A_tram.npz
[ok] edit3/0086_A_red_sports_car: rho (21, 1560) range [2.001, 50.000] mean 2.729 -> /home/ids/skhairi/Data/dataggen/outputs/five_bench/r35_rho/lpips_first2/edit3/0086_A_red_sports_car.npz
[ok] edit3/0087_A_seagull: rho (21, 1560) range [2.000, 10.942] mean 2.174 -> /home/ids/skhairi/Data/dataggen/outputs/five_bench/r35_rho/lpips_first2/edit3/0087_A_seagull.npz
[ok] edit3/0088_A_cyclist: rho (21, 1560) range [2.009, 15.546] mean 2.570 -> /home/ids/skhairi/Data/dataggen/outputs/five_bench/r35_rho/lpips_first2/edit3/0088_A_cyclist.npz
[ok] edit3/0089_A_dog: rho (21, 1560) range [2.001, 50.000] mean 3.719 -> /home/ids/skhairi/Data/dataggen/outputs/five_bench/r35_rho/lpips_first2/edit3/0089_A_dog.npz
[ok] edit3/0090_A_deer: rho (21, 1560) range [2.001, 50.000] mean 2.584 -> /home/ids/skhairi/Data/dataggen/outputs/five_bench/r35_rho/lpips_first2/edit3/0090_A_deer.npz
[ok] edit3/0091_A_hawk: rho (21, 1560) range [2.000, 8.904] mean 2.190 -> /home/ids/skhairi/Data/dataggen/outputs/five_bench/r35_rho/lpips_first2/edit3/0091_A_hawk.npz
[ok] edit3/0092_A_fox: rho (21, 1560) range [2.001, 50.000] mean 2.978 -> /home/ids/skhairi/Data/dataggen/outputs/five_bench/r35_rho/lpips_first2/edit3/0092_A_fox.npz
[ok] edit3/0093_A_helicopter: rho (21, 1560) range [2.087, 50.000] mean 3.738 -> /home/ids/skhairi/Data/dataggen/outputs/five_bench/r35_rho/lpips_first2/edit3/0093_A_helicopter.npz
[ok] edit3/0094_A_swan: rho (21, 1560) range [2.007, 33.478] mean 2.570 -> /home/ids/skhairi/Data/dataggen/outputs/five_bench/r35_rho/lpips_first2/edit3/0094_A_swan.npz
[ok] edit3/0095_A_crow: rho (21, 1560) range [2.003, 11.617] mean 2.373 -> /home/ids/skhairi/Data/dataggen/outputs/five_bench/r35_rho/lpips_first2/edit3/0095_A_crow.npz
[ok] edit3/0096_A_car: rho (21, 1560) range [2.001, 18.581] mean 2.378 -> /home/ids/skhairi/Data/dataggen/outputs/five_bench/r35_rho/lpips_first2/edit3/0096_A_car.npz
[ok] edit3/0097_A_bird: rho (21, 1560) range [2.003, 50.000] mean 2.300 -> /home/ids/skhairi/Data/dataggen/outputs/five_bench/r35_rho/lpips_first2/edit3/0097_A_bird.npz
[ok] edit3/0098_A_squirrel: rho (21, 1560) range [2.003, 50.000] mean 2.407 -> /home/ids/skhairi/Data/dataggen/outputs/five_bench/r35_rho/lpips_first2/edit3/0098_A_squirrel.npz
[ok] edit3/0099_A_jogger: rho (21, 1560) range [2.007, 9.375] mean 2.303 -> /home/ids/skhairi/Data/dataggen/outputs/five_bench/r35_rho/lpips_first2/edit3/0099_A_jogger.npz
[ok] edit3/0100_A_deer: rho (21, 1560) range [2.007, 17.069] mean 2.624 -> /home/ids/skhairi/Data/dataggen/outputs/five_bench/r35_rho/lpips_first2/edit3/0100_A_deer.npz
[ok] edit4/0001_bus: rho (18, 1560) range [2.013, 19.902] mean 3.024 -> /home/ids/skhairi/Data/dataggen/outputs/five_bench/r35_rho/lpips_first2/edit4/0001_bus.npz
[ok] edit4/0002_girl-dog: rho (21, 1560) range [2.016, 10.540] mean 2.725 -> /home/ids/skhairi/Data/dataggen/outputs/five_bench/r35_rho/lpips_first2/edit4/0002_girl-dog.npz
[ok] edit4/0003_ocean-birds: rho (9, 1560) range [2.010, 24.159] mean 2.685 -> /home/ids/skhairi/Data/dataggen/outputs/five_bench/r35_rho/lpips_first2/edit4/0003_ocean-birds.npz
[ok] edit4/0004_car-roundabout: rho (18, 1560) range [2.016, 9.255] mean 2.389 -> /home/ids/skhairi/Data/dataggen/outputs/five_bench/r35_rho/lpips_first2/edit4/0004_car-roundabout.npz
[ok] edit4/0005_breakdance: rho (21, 1560) range [2.005, 50.000] mean 3.300 -> /home/ids/skhairi/Data/dataggen/outputs/five_bench/r35_rho/lpips_first2/edit4/0005_breakdance.npz
[ok] edit4/0006_paragliding: rho (18, 1560) range [2.015, 17.520] mean 2.373 -> /home/ids/skhairi/Data/dataggen/outputs/five_bench/r35_rho/lpips_first2/edit4/0006_paragliding.npz
[ok] edit4/0007_guitar-violin: rho (12, 1560) range [2.007, 50.000] mean 5.541 -> /home/ids/skhairi/Data/dataggen/outputs/five_bench/r35_rho/lpips_first2/edit4/0007_guitar-violin.npz
[ok] edit4/0008_snowboard-race: rho (18, 1560) range [2.002, 50.000] mean 2.913 -> /home/ids/skhairi/Data/dataggen/outputs/five_bench/r35_rho/lpips_first2/edit4/0008_snowboard-race.npz
[ok] edit4/0009_bear: rho (21, 1560) range [2.013, 8.380] mean 2.415 -> /home/ids/skhairi/Data/dataggen/outputs/five_bench/r35_rho/lpips_first2/edit4/0009_bear.npz
[ok] edit4/0010_giant-slalom: rho (30, 1560) range [2.001, 50.000] mean 2.391 -> /home/ids/skhairi/Data/dataggen/outputs/five_bench/r35_rho/lpips_first2/edit4/0010_giant-slalom.npz
[ok] edit4/0011_lucia: rho (18, 1560) range [2.034, 50.000] mean 2.725 -> /home/ids/skhairi/Data/dataggen/outputs/five_bench/r35_rho/lpips_first2/edit4/0011_lucia.npz
[ok] edit4/0012_goat: rho (21, 1560) range [2.061, 50.000] mean 2.827 -> /home/ids/skhairi/Data/dataggen/outputs/five_bench/r35_rho/lpips_first2/edit4/0012_goat.npz
[ok] edit4/0013_golf: rho (18, 1560) range [2.001, 11.751] mean 2.388 -> /home/ids/skhairi/Data/dataggen/outputs/five_bench/r35_rho/lpips_first2/edit4/0013_golf.npz
[ok] edit4/0014_burnout: rho (18, 1560) range [2.020, 17.558] mean 2.660 -> /home/ids/skhairi/Data/dataggen/outputs/five_bench/r35_rho/lpips_first2/edit4/0014_burnout.npz
[ok] edit4/0015_car-shadow: rho (9, 1560) range [2.015, 26.249] mean 3.311 -> /home/ids/skhairi/Data/dataggen/outputs/five_bench/r35_rho/lpips_first2/edit4/0015_car-shadow.npz
[ok] edit4/0016_horsejump-high: rho (12, 1560) range [2.002, 50.000] mean 2.569 -> /home/ids/skhairi/Data/dataggen/outputs/five_bench/r35_rho/lpips_first2/edit4/0016_horsejump-high.npz
[ok] edit4/0017_kid-football: rho (15, 1560) range [2.002, 50.000] mean 2.752 -> /home/ids/skhairi/Data/dataggen/outputs/five_bench/r35_rho/lpips_first2/edit4/0017_kid-football.npz
[ok] edit4/0018_breakdance-flare: rho (18, 1560) range [2.008, 50.000] mean 2.782 -> /home/ids/skhairi/Data/dataggen/outputs/five_bench/r35_rho/lpips_first2/edit4/0018_breakdance-flare.npz
[ok] edit4/0019_tennis-vest: rho (18, 1560) range [2.004, 9.363] mean 2.256 -> /home/ids/skhairi/Data/dataggen/outputs/five_bench/r35_rho/lpips_first2/edit4/0019_tennis-vest.npz
[ok] edit4/0020_monkeys: rho (21, 1560) range [2.041, 50.000] mean 3.434 -> /home/ids/skhairi/Data/dataggen/outputs/five_bench/r35_rho/lpips_first2/edit4/0020_monkeys.npz
[ok] edit4/0021_landing: rho (9, 1560) range [2.002, 50.000] mean 5.282 -> /home/ids/skhairi/Data/dataggen/outputs/five_bench/r35_rho/lpips_first2/edit4/0021_landing.npz
[ok] edit4/0022_skate-jump: rho (15, 1560) range [2.001, 14.103] mean 2.261 -> /home/ids/skhairi/Data/dataggen/outputs/five_bench/r35_rho/lpips_first2/edit4/0022_skate-jump.npz
[ok] edit4/0023_kayak-race: rho (15, 1560) range [2.001, 50.000] mean 3.335 -> /home/ids/skhairi/Data/dataggen/outputs/five_bench/r35_rho/lpips_first2/edit4/0023_kayak-race.npz
[ok] edit4/0024_hockey: rho (18, 1560) range [2.008, 9.023] mean 2.313 -> /home/ids/skhairi/Data/dataggen/outputs/five_bench/r35_rho/lpips_first2/edit4/0024_hockey.npz
[ok] edit4/0025_baseball: rho (21, 1560) range [2.014, 50.000] mean 2.941 -> /home/ids/skhairi/Data/dataggen/outputs/five_bench/r35_rho/lpips_first2/edit4/0025_baseball.npz
[ok] edit4/0026_table-tennis: rho (18, 1560) range [2.001, 50.000] mean 2.451 -> /home/ids/skhairi/Data/dataggen/outputs/five_bench/r35_rho/lpips_first2/edit4/0026_table-tennis.npz
[ok] edit4/0027_dance-jump: rho (15, 1560) range [2.025, 46.141] mean 2.724 -> /home/ids/skhairi/Data/dataggen/outputs/five_bench/r35_rho/lpips_first2/edit4/0027_dance-jump.npz
[ok] edit4/0028_kite-walk: rho (18, 1560) range [2.004, 34.360] mean 2.333 -> /home/ids/skhairi/Data/dataggen/outputs/five_bench/r35_rho/lpips_first2/edit4/0028_kite-walk.npz
[ok] edit4/0029_horsejump-stick: rho (15, 1560) range [2.021, 50.000] mean 3.123 -> /home/ids/skhairi/Data/dataggen/outputs/five_bench/r35_rho/lpips_first2/edit4/0029_horsejump-stick.npz
[ok] edit4/0030_rallye: rho (12, 1560) range [2.001, 50.000] mean 3.509 -> /home/ids/skhairi/Data/dataggen/outputs/five_bench/r35_rho/lpips_first2/edit4/0030_rallye.npz
[ok] edit4/0031_soccerball: rho (12, 1560) range [2.008, 11.054] mean 2.248 -> /home/ids/skhairi/Data/dataggen/outputs/five_bench/r35_rho/lpips_first2/edit4/0031_soccerball.npz
[ok] edit4/0032_mermaid: rho (18, 1560) range [2.003, 50.000] mean 3.724 -> /home/ids/skhairi/Data/dataggen/outputs/five_bench/r35_rho/lpips_first2/edit4/0032_mermaid.npz
[ok] edit4/0033_horsejump-low: rho (15, 1560) range [2.019, 45.829] mean 2.776 -> /home/ids/skhairi/Data/dataggen/outputs/five_bench/r35_rho/lpips_first2/edit4/0033_horsejump-low.npz
[ok] edit4/0034_cows: rho (24, 1560) range [2.014, 47.363] mean 2.528 -> /home/ids/skhairi/Data/dataggen/outputs/five_bench/r35_rho/lpips_first2/edit4/0034_cows.npz
[ok] edit4/0035_helicopter: rho (12, 1560) range [2.004, 50.000] mean 2.929 -> /home/ids/skhairi/Data/dataggen/outputs/five_bench/r35_rho/lpips_first2/edit4/0035_helicopter.npz
[ok] edit4/0036_camel: rho (21, 1560) range [2.020, 50.000] mean 3.209 -> /home/ids/skhairi/Data/dataggen/outputs/five_bench/r35_rho/lpips_first2/edit4/0036_camel.npz
[ok] edit4/0037_snowboard-sand: rho (12, 1560) range [2.003, 50.000] mean 2.825 -> /home/ids/skhairi/Data/dataggen/outputs/five_bench/r35_rho/lpips_first2/edit4/0037_snowboard-sand.npz
[ok] edit4/0038_motorbike: rho (9, 1560) range [2.007, 8.865] mean 2.495 -> /home/ids/skhairi/Data/dataggen/outputs/five_bench/r35_rho/lpips_first2/edit4/0038_motorbike.npz
[ok] edit4/0039_chamaleon: rho (21, 1560) range [2.006, 50.000] mean 2.945 -> /home/ids/skhairi/Data/dataggen/outputs/five_bench/r35_rho/lpips_first2/edit4/0039_chamaleon.npz
[ok] edit4/0040_tennis: rho (18, 1560) range [2.005, 50.000] mean 2.409 -> /home/ids/skhairi/Data/dataggen/outputs/five_bench/r35_rho/lpips_first2/edit4/0040_tennis.npz
[ok] edit4/0041_longboard: rho (12, 1560) range [2.015, 50.000] mean 3.108 -> /home/ids/skhairi/Data/dataggen/outputs/five_bench/r35_rho/lpips_first2/edit4/0041_longboard.npz
[ok] edit4/0042_gym-ball: rho (18, 1560) range [2.002, 50.000] mean 2.665 -> /home/ids/skhairi/Data/dataggen/outputs/five_bench/r35_rho/lpips_first2/edit4/0042_gym-ball.npz
[ok] edit4/0043_parkour: rho (24, 1560) range [2.002, 50.000] mean 2.782 -> /home/ids/skhairi/Data/dataggen/outputs/five_bench/r35_rho/lpips_first2/edit4/0043_parkour.npz
[ok] edit4/0044_snowboard: rho (15, 1560) range [2.050, 21.464] mean 3.228 -> /home/ids/skhairi/Data/dataggen/outputs/five_bench/r35_rho/lpips_first2/edit4/0044_snowboard.npz
[ok] edit4/0045_butterfly: rho (18, 1560) range [2.002, 50.000] mean 2.928 -> /home/ids/skhairi/Data/dataggen/outputs/five_bench/r35_rho/lpips_first2/edit4/0045_butterfly.npz
[ok] edit4/0046_blackswan: rho (12, 1560) range [2.005, 7.976] mean 2.556 -> /home/ids/skhairi/Data/dataggen/outputs/five_bench/r35_rho/lpips_first2/edit4/0046_blackswan.npz
[ok] edit4/0047_judo: rho (9, 1560) range [2.003, 50.000] mean 3.054 -> /home/ids/skhairi/Data/dataggen/outputs/five_bench/r35_rho/lpips_first2/edit4/0047_judo.npz
[ok] edit4/0048_hike: rho (18, 1560) range [2.001, 9.898] mean 2.430 -> /home/ids/skhairi/Data/dataggen/outputs/five_bench/r35_rho/lpips_first2/edit4/0048_hike.npz
[ok] edit4/0049_speed-skating: rho (21, 1560) range [2.003, 50.000] mean 3.008 -> /home/ids/skhairi/Data/dataggen/outputs/five_bench/r35_rho/lpips_first2/edit4/0049_speed-skating.npz
[ok] edit4/0050_slackline: rho (15, 1560) range [2.007, 50.000] mean 2.663 -> /home/ids/skhairi/Data/dataggen/outputs/five_bench/r35_rho/lpips_first2/edit4/0050_slackline.npz
[ok] edit4/0051_dogs-jump: rho (15, 1560) range [2.005, 50.000] mean 2.764 -> /home/ids/skhairi/Data/dataggen/outputs/five_bench/r35_rho/lpips_first2/edit4/0051_dogs-jump.npz
[ok] edit4/0052_mallard-fly: rho (18, 1560) range [2.017, 19.782] mean 2.532 -> /home/ids/skhairi/Data/dataggen/outputs/five_bench/r35_rho/lpips_first2/edit4/0052_mallard-fly.npz
[ok] edit4/0053_swing: rho (15, 1560) range [2.012, 50.000] mean 2.835 -> /home/ids/skhairi/Data/dataggen/outputs/five_bench/r35_rho/lpips_first2/edit4/0053_swing.npz
[ok] edit4/0054_train: rho (18, 1560) range [2.006, 50.000] mean 3.230 -> /home/ids/skhairi/Data/dataggen/outputs/five_bench/r35_rho/lpips_first2/edit4/0054_train.npz
[ok] edit4/0055_pigs: rho (18, 1560) range [2.021, 50.000] mean 2.984 -> /home/ids/skhairi/Data/dataggen/outputs/five_bench/r35_rho/lpips_first2/edit4/0055_pigs.npz
[ok] edit4/0056_kart-turn: rho (21, 1560) range [2.006, 14.346] mean 2.892 -> /home/ids/skhairi/Data/dataggen/outputs/five_bench/r35_rho/lpips_first2/edit4/0056_kart-turn.npz
[ok] edit4/0057_dog: rho (15, 1560) range [2.019, 50.000] mean 4.165 -> /home/ids/skhairi/Data/dataggen/outputs/five_bench/r35_rho/lpips_first2/edit4/0057_dog.npz
[ok] edit4/0058_boat: rho (18, 1560) range [2.001, 23.329] mean 2.444 -> /home/ids/skhairi/Data/dataggen/outputs/five_bench/r35_rho/lpips_first2/edit4/0058_boat.npz
[ok] edit4/0059_drift-straight: rho (12, 1560) range [2.081, 50.000] mean 4.963 -> /home/ids/skhairi/Data/dataggen/outputs/five_bench/r35_rho/lpips_first2/edit4/0059_drift-straight.npz
[ok] edit4/0060_motocross-bumps: rho (15, 1560) range [2.023, 50.000] mean 3.297 -> /home/ids/skhairi/Data/dataggen/outputs/five_bench/r35_rho/lpips_first2/edit4/0060_motocross-bumps.npz
[ok] edit4/0061_mbike-santa: rho (15, 1560) range [2.020, 50.000] mean 4.264 -> /home/ids/skhairi/Data/dataggen/outputs/five_bench/r35_rho/lpips_first2/edit4/0061_mbike-santa.npz
[ok] edit4/0062_elephant: rho (18, 1560) range [2.002, 50.000] mean 3.584 -> /home/ids/skhairi/Data/dataggen/outputs/five_bench/r35_rho/lpips_first2/edit4/0062_elephant.npz
[ok] edit4/0063_drift-turn: rho (15, 1560) range [2.019, 50.000] mean 4.189 -> /home/ids/skhairi/Data/dataggen/outputs/five_bench/r35_rho/lpips_first2/edit4/0063_drift-turn.npz
[ok] edit4/0064_rollerblade: rho (9, 1560) range [2.007, 13.528] mean 2.446 -> /home/ids/skhairi/Data/dataggen/outputs/five_bench/r35_rho/lpips_first2/edit4/0064_rollerblade.npz
[ok] edit4/0065_twist-dance: rho (21, 1560) range [2.004, 50.000] mean 2.632 -> /home/ids/skhairi/Data/dataggen/outputs/five_bench/r35_rho/lpips_first2/edit4/0065_twist-dance.npz
[ok] edit4/0066_deer: rho (18, 1560) range [2.003, 50.000] mean 4.172 -> /home/ids/skhairi/Data/dataggen/outputs/five_bench/r35_rho/lpips_first2/edit4/0066_deer.npz
[ok] edit4/0067_mbike-trick: rho (18, 1560) range [2.001, 34.744] mean 2.533 -> /home/ids/skhairi/Data/dataggen/outputs/five_bench/r35_rho/lpips_first2/edit4/0067_mbike-trick.npz
[ok] edit4/0068_planes-water: rho (9, 1560) range [2.002, 23.866] mean 2.724 -> /home/ids/skhairi/Data/dataggen/outputs/five_bench/r35_rho/lpips_first2/edit4/0068_planes-water.npz
[ok] edit4/0069_car-turn: rho (18, 1560) range [2.005, 26.084] mean 2.660 -> /home/ids/skhairi/Data/dataggen/outputs/five_bench/r35_rho/lpips_first2/edit4/0069_car-turn.npz
[ok] edit4/0070_dance-twirl: rho (21, 1560) range [2.006, 50.000] mean 2.976 -> /home/ids/skhairi/Data/dataggen/outputs/five_bench/r35_rho/lpips_first2/edit4/0070_dance-twirl.npz
[ok] edit4/0071_mallard-water: rho (18, 1560) range [2.011, 9.348] mean 2.446 -> /home/ids/skhairi/Data/dataggen/outputs/five_bench/r35_rho/lpips_first2/edit4/0071_mallard-water.npz
[ok] edit4/0072_dog-agility: rho (6, 1560) range [2.011, 12.762] mean 2.541 -> /home/ids/skhairi/Data/dataggen/outputs/five_bench/r35_rho/lpips_first2/edit4/0072_dog-agility.npz
[ok] edit4/0073_bmx-rider: rho (21, 1560) range [2.002, 50.000] mean 2.457 -> /home/ids/skhairi/Data/dataggen/outputs/five_bench/r35_rho/lpips_first2/edit4/0073_bmx-rider.npz
[ok] edit4/0074_rhino: rho (21, 1560) range [2.009, 7.850] mean 2.353 -> /home/ids/skhairi/Data/dataggen/outputs/five_bench/r35_rho/lpips_first2/edit4/0074_rhino.npz
[ok] edit4/0075_A_bicycle: rho (21, 1560) range [2.002, 9.980] mean 2.386 -> /home/ids/skhairi/Data/dataggen/outputs/five_bench/r35_rho/lpips_first2/edit4/0075_A_bicycle.npz
[ok] edit4/0076_A_rabbit: rho (21, 1560) range [2.004, 50.000] mean 2.855 -> /home/ids/skhairi/Data/dataggen/outputs/five_bench/r35_rho/lpips_first2/edit4/0076_A_rabbit.npz
[ok] edit4/0077_A_hawk: rho (21, 1560) range [2.004, 50.000] mean 2.608 -> /home/ids/skhairi/Data/dataggen/outputs/five_bench/r35_rho/lpips_first2/edit4/0077_A_hawk.npz
[ok] edit4/0078_A_cat: rho (21, 1560) range [2.001, 38.385] mean 2.556 -> /home/ids/skhairi/Data/dataggen/outputs/five_bench/r35_rho/lpips_first2/edit4/0078_A_cat.npz
[ok] edit4/0079_A_bus: rho (21, 1560) range [2.010, 50.000] mean 4.140 -> /home/ids/skhairi/Data/dataggen/outputs/five_bench/r35_rho/lpips_first2/edit4/0079_A_bus.npz
[ok] edit4/0080_A_motorcycle: rho (21, 1560) range [2.001, 50.000] mean 3.322 -> /home/ids/skhairi/Data/dataggen/outputs/five_bench/r35_rho/lpips_first2/edit4/0080_A_motorcycle.npz
[ok] edit4/0081_A_horse: rho (21, 1560) range [2.001, 17.884] mean 2.440 -> /home/ids/skhairi/Data/dataggen/outputs/five_bench/r35_rho/lpips_first2/edit4/0081_A_horse.npz
[ok] edit4/0082_A_tram: rho (21, 1560) range [2.003, 19.281] mean 2.989 -> /home/ids/skhairi/Data/dataggen/outputs/five_bench/r35_rho/lpips_first2/edit4/0082_A_tram.npz
[ok] edit4/0083_A_boat: rho (21, 1560) range [2.001, 40.130] mean 2.855 -> /home/ids/skhairi/Data/dataggen/outputs/five_bench/r35_rho/lpips_first2/edit4/0083_A_boat.npz
[ok] edit4/0084_A_squirrel: rho (21, 1560) range [2.005, 50.000] mean 2.786 -> /home/ids/skhairi/Data/dataggen/outputs/five_bench/r35_rho/lpips_first2/edit4/0084_A_squirrel.npz
[ok] edit4/0085_A_tram: rho (21, 1560) range [2.002, 50.000] mean 3.376 -> /home/ids/skhairi/Data/dataggen/outputs/five_bench/r35_rho/lpips_first2/edit4/0085_A_tram.npz
[ok] edit4/0086_A_red_sports_car: rho (21, 1560) range [2.001, 21.531] mean 2.353 -> /home/ids/skhairi/Data/dataggen/outputs/five_bench/r35_rho/lpips_first2/edit4/0086_A_red_sports_car.npz
[ok] edit4/0087_A_seagull: rho (21, 1560) range [2.000, 11.567] mean 2.178 -> /home/ids/skhairi/Data/dataggen/outputs/five_bench/r35_rho/lpips_first2/edit4/0087_A_seagull.npz
[ok] edit4/0088_A_cyclist: rho (21, 1560) range [2.012, 36.627] mean 2.754 -> /home/ids/skhairi/Data/dataggen/outputs/five_bench/r35_rho/lpips_first2/edit4/0088_A_cyclist.npz
[ok] edit4/0089_A_dog: rho (21, 1560) range [2.001, 50.000] mean 3.778 -> /home/ids/skhairi/Data/dataggen/outputs/five_bench/r35_rho/lpips_first2/edit4/0089_A_dog.npz
[ok] edit4/0090_A_deer: rho (21, 1560) range [2.001, 9.839] mean 2.318 -> /home/ids/skhairi/Data/dataggen/outputs/five_bench/r35_rho/lpips_first2/edit4/0090_A_deer.npz
[ok] edit4/0091_A_hawk: rho (21, 1560) range [2.000, 23.302] mean 2.280 -> /home/ids/skhairi/Data/dataggen/outputs/five_bench/r35_rho/lpips_first2/edit4/0091_A_hawk.npz
[ok] edit4/0092_A_fox: rho (21, 1560) range [2.002, 50.000] mean 2.469 -> /home/ids/skhairi/Data/dataggen/outputs/five_bench/r35_rho/lpips_first2/edit4/0092_A_fox.npz
[ok] edit4/0093_A_helicopter: rho (21, 1560) range [2.016, 41.935] mean 2.811 -> /home/ids/skhairi/Data/dataggen/outputs/five_bench/r35_rho/lpips_first2/edit4/0093_A_helicopter.npz
[ok] edit4/0094_A_swan: rho (21, 1560) range [2.006, 13.295] mean 2.168 -> /home/ids/skhairi/Data/dataggen/outputs/five_bench/r35_rho/lpips_first2/edit4/0094_A_swan.npz
[ok] edit4/0095_A_crow: rho (21, 1560) range [2.003, 50.000] mean 4.781 -> /home/ids/skhairi/Data/dataggen/outputs/five_bench/r35_rho/lpips_first2/edit4/0095_A_crow.npz
[ok] edit4/0096_A_car: rho (21, 1560) range [2.001, 13.568] mean 2.352 -> /home/ids/skhairi/Data/dataggen/outputs/five_bench/r35_rho/lpips_first2/edit4/0096_A_car.npz
[ok] edit4/0097_A_bird: rho (21, 1560) range [2.002, 11.919] mean 2.163 -> /home/ids/skhairi/Data/dataggen/outputs/five_bench/r35_rho/lpips_first2/edit4/0097_A_bird.npz
[ok] edit4/0098_A_squirrel: rho (21, 1560) range [2.003, 50.000] mean 2.618 -> /home/ids/skhairi/Data/dataggen/outputs/five_bench/r35_rho/lpips_first2/edit4/0098_A_squirrel.npz
[ok] edit4/0099_A_jogger: rho (21, 1560) range [2.008, 50.000] mean 2.525 -> /home/ids/skhairi/Data/dataggen/outputs/five_bench/r35_rho/lpips_first2/edit4/0099_A_jogger.npz
[ok] edit4/0100_A_deer: rho (21, 1560) range [2.007, 50.000] mean 2.861 -> /home/ids/skhairi/Data/dataggen/outputs/five_bench/r35_rho/lpips_first2/edit4/0100_A_deer.npz
[ok] edit5/0007_guitar-violin: rho (12, 1560) range [2.006, 50.000] mean 2.411 -> /home/ids/skhairi/Data/dataggen/outputs/five_bench/r35_rho/lpips_first2/edit5/0007_guitar-violin.npz
[ok] edit5/0009_bear: rho (21, 1560) range [2.013, 10.757] mean 2.601 -> /home/ids/skhairi/Data/dataggen/outputs/five_bench/r35_rho/lpips_first2/edit5/0009_bear.npz
[ok] edit5/0011_lucia: rho (18, 1560) range [2.032, 50.000] mean 2.704 -> /home/ids/skhairi/Data/dataggen/outputs/five_bench/r35_rho/lpips_first2/edit5/0011_lucia.npz
[ok] edit5/0019_tennis-vest: rho (18, 1560) range [2.023, 50.000] mean 2.867 -> /home/ids/skhairi/Data/dataggen/outputs/five_bench/r35_rho/lpips_first2/edit5/0019_tennis-vest.npz
[ok] edit5/0034_cows: rho (24, 1560) range [2.058, 16.297] mean 3.107 -> /home/ids/skhairi/Data/dataggen/outputs/five_bench/r35_rho/lpips_first2/edit5/0034_cows.npz
[ok] edit5/0036_camel: rho (21, 1560) range [2.016, 50.000] mean 3.470 -> /home/ids/skhairi/Data/dataggen/outputs/five_bench/r35_rho/lpips_first2/edit5/0036_camel.npz
[ok] edit5/0057_dog: rho (15, 1560) range [2.164, 50.000] mean 4.495 -> /home/ids/skhairi/Data/dataggen/outputs/five_bench/r35_rho/lpips_first2/edit5/0057_dog.npz
[ok] edit5/0069_car-turn: rho (18, 1560) range [2.005, 50.000] mean 3.416 -> /home/ids/skhairi/Data/dataggen/outputs/five_bench/r35_rho/lpips_first2/edit5/0069_car-turn.npz
[ok] edit5/0089_A_dog: rho (21, 1560) range [2.001, 12.265] mean 2.577 -> /home/ids/skhairi/Data/dataggen/outputs/five_bench/r35_rho/lpips_first2/edit5/0089_A_dog.npz
[ok] edit6/0002_girl-dog: rho (21, 1560) range [2.011, 13.661] mean 2.388 -> /home/ids/skhairi/Data/dataggen/outputs/five_bench/r35_rho/lpips_first2/edit6/0002_girl-dog.npz
[ok] edit6/0017_kid-football: rho (15, 1560) range [2.002, 24.576] mean 2.256 -> /home/ids/skhairi/Data/dataggen/outputs/five_bench/r35_rho/lpips_first2/edit6/0017_kid-football.npz
[ok] edit6/0025_baseball: rho (21, 1560) range [2.020, 35.783] mean 2.810 -> /home/ids/skhairi/Data/dataggen/outputs/five_bench/r35_rho/lpips_first2/edit6/0025_baseball.npz
[ok] edit6/0041_longboard: rho (12, 1560) range [2.009, 50.000] mean 2.628 -> /home/ids/skhairi/Data/dataggen/outputs/five_bench/r35_rho/lpips_first2/edit6/0041_longboard.npz
[ok] edit6/0042_gym-ball: rho (18, 1560) range [2.011, 14.407] mean 2.521 -> /home/ids/skhairi/Data/dataggen/outputs/five_bench/r35_rho/lpips_first2/edit6/0042_gym-ball.npz
[ok] edit6/0048_hike: rho (18, 1560) range [2.001, 8.682] mean 2.345 -> /home/ids/skhairi/Data/dataggen/outputs/five_bench/r35_rho/lpips_first2/edit6/0048_hike.npz
[ok] edit6/0051_dogs-jump: rho (15, 1560) range [2.005, 17.254] mean 2.423 -> /home/ids/skhairi/Data/dataggen/outputs/five_bench/r35_rho/lpips_first2/edit6/0051_dogs-jump.npz
[ok] edit6/0055_pigs: rho (18, 1560) range [2.020, 33.054] mean 2.965 -> /home/ids/skhairi/Data/dataggen/outputs/five_bench/r35_rho/lpips_first2/edit6/0055_pigs.npz
[ok] edit6/0078_A_cat: rho (21, 1560) range [2.001, 50.000] mean 2.275 -> /home/ids/skhairi/Data/dataggen/outputs/five_bench/r35_rho/lpips_first2/edit6/0078_A_cat.npz
[ok] edit6/0088_A_cyclist: rho (21, 1560) range [2.007, 7.753] mean 2.325 -> /home/ids/skhairi/Data/dataggen/outputs/five_bench/r35_rho/lpips_first2/edit6/0088_A_cyclist.npz
[r31_rho_map] done: 419/419 ok -> /home/ids/skhairi/Data/dataggen/outputs/five_bench/r35_rho/lpips_first2

=== [r35_absnorm] post-run guard: exact per-type breakdown, both trees ===
[r35_absnorm] lpips_unblended div_abs: 419 npz total (expect 419), mismatched types=0
[r35_absnorm] lpips_unblended rho: 419 npz total (expect 419), mismatched types=0
[r35_absnorm] lpips_first2 div_abs: 419 npz total (expect 419), mismatched types=0
[r35_absnorm] lpips_first2 rho: 419 npz total (expect 419), mismatched types=0
[r35_absnorm] failures: 0
